单词,词性1,词性2,词性3,词性4,词性5,释义1,释义2,释义3,释义4,释义5,现在分词,过去式,过去分词,词组,备注
a,art.,一(个)；每一(个)；(同类事物中)任一个,,,,,,,,,,,,,
abandon,vt.,离弃，丢弃；遗弃，抛弃；放弃,,,,,,,,,abandoning,abandoned,abandoned,,
abdomen,n.,腹，下腹(胸部到腿部的部分),,,,,,,,,,,,,
abide,vi.,(abode，abided)(by)遵守；坚持,,,,,,,,,abiding,abode/abided,abode/abided,,
ability,n.,能力；本领；才能，才干；专门技能，天资,,,,,,,,,,,,,
able,adj.,有(能力、时间、知识等)做某事，有本事的,,,,,,,,,,,,,
abnormal,adj.,反常的，不正常的，不规则的,,,,,,,,,,,,,
aboard,adv.&prep.,在船(飞机、车)上,adv.,上船(飞机),,,,,,,,,,,
abolish,vt.,废除(法律、习惯等)；取消,,,,,,,,,abolishing,abolished,abolished,,
abound,vi.,大量存在；(in，with)充满，富于,,,,,,,,,abounding,abounded,abounded,,
about,adv.,在周围；大约,prep.,关于；在周围,adj.,准备,,,,,,,,,
above,adj.,上述的,adv.,在上面,prep.,在…之上，高于,,,,,,,,,
abroad,adv.,到国外，在国外；在传播，在流传,,,,,,,,,,,,,
abrupt,adj.,突然的，出其不意的；(行为等)粗鲁无礼的,,,,,,,,,,,,,
absence,n.,缺乏，不存在；缺席，不在；缺席的时间,,,,,,,,,,,,,
absent,adj.,"缺席的；缺乏的,不存在的;心不在焉的",,,,,,,,,,,,,
absolute,adj.,绝对的，完全的；确实的，肯定的,,,,,,,,,,,,,
absorb,vt.,吸收(水、光、蒸汽等）；使全神贯注,,,,,,,,,absorbing,absorbed,absorbed,,
abstract,adj.,抽象的,n.,摘要，梗概,vt.,提取；摘录要点,,,,,abstracting,abstracted,abstracted,,
absurd,adj.,荒谬的，荒诞的，荒唐可笑的；不合理的,,,,,,,,,,,,,
abundance,n.,丰富，充裕，大量,,,,,,,,,,,,,
abundant,adj.,大量(充足)的；(in)丰富(富裕)的,,,,,,,,,,,,,
abuse,vt.,滥用；辱骂；诋毁,n.,滥用；恶习；弊端,,,,,,,abusing,abused,abused,,
academic,adj.,学院的，大学的；学术性的；理论的,,,,,,,,,,,,,
academy,n.,(高等)专科院校；学术社团，协会，研究院,,,,,,,,,,,,,
accelerate,v.,使加速，使增速，促进,vi.,加快，增加,,,,,,,accelerating,accelerated,accelerated,,
accent,n.,"口音,腔调；重音(符号)",vt.,重读,,,,,,,accenting,accented,accented,,
accept,vt.,接受，领受；认可，同意,vi.,同意，认可,,,,,,,accepting,accepted,accepted,,
acceptance,n.,接受，接收，验收，接纳；承认，认可,,,,,,,,,,,,,
access,n.,进入；接入；到达；享用权；入口,vi.,存取,,,,,,,accessing,accessed,accessed,,
accessible,adj.,可到达的；易接近的；可使用的,,,,,,,,,,,,,非大纲单词
accessory,n.,"附件,附属品;(为全套衣服增加美感的)服饰",,,,,,,,,,,,,
accident,n.,"意外遭遇,事故；意外(因素)",,,,,,,,,,,,,
accidental,adj.,偶然的；意外的；无意中的,,,,,,,,,,,,,
acclaim,v.,向…欢呼，公认,n.,欢呼，喝彩，称赞,,,,,,,acclaiming,acclaimed,acclaimed,,
accommodate,vt.,向…提供住处；对…予以照顾性考虑,,,,,,,,,accommodating,accommodated,accommodated,,
accommodation,n.,(accommodations)住宿，留宿；膳宿供应,,,,,,,,,,,,,
accompany,v.,陪伴，陪同；伴随，和…一起发生，伴奏,,,,,,,,,accompanying,accompanied,accompanied,,
accomplish,v.,实现(计划等)；达到(目的)；完成(任务),,,,,,,,,accomplishing,accomplished,accomplished,,
accord,vt.,给予(欢迎、称颂等),vi.&n.,符合，一致,,,,,,,according,accorded,accorded,,
accordance,n.,一致，和谐，符合,,,,,,,,,,,,,
according to,prep.,据/照…(所说、所写)；按…，视…,,,,,,,,,,,,,
accordingly,adv.,相应地，照着办，按照；于是，因此,,,,,,,,,,,,,
account,adj.,叙述，说明；账目，账户,vi.,说明，解释,,,,,,,accounting,accounted,accounted,,
accountant,n.,会计人员，会计师,,,,,,,,,,,,,
accumulate,vt.,堆积，积累，积聚,vi.,累积，聚积,,,,,,,accumulating,accumulated,accumulated,,
accuracy,n.,准确（性）；精确；准确度,,,,,,,,,,,,,
accurate,adj.,正确无误的；准确的，精确的,,,,,,,,,,,,,
accuse,vt.,控告，指责,vi.,指控，指责,,,,,,,accusing,accused,accused,,
accustomed,adj.,惯常的；习惯的，适应的(一般作表语),,,,,,,,,,,,,
ache,vi.,痛；哀怜,n.,(指连续)疼痛、酸痛,,,,,,,aching,ached,ached,,
achieve,vt.,实现，完成；达到，得到,vi.,达到预期目的,,,,,,,achieving,achieved,achieved,,
acid,n.,"酸,酸性物质",adj.,"酸的,酸味的；尖刻的",,,,,,,,,,,
acknowledge,vt.,承认；接受；告知(信件等的)收到；答谢,,,,,,,,,acknowledging,acknowledged,acknowledged,,
acquaint,vt.,(with)使认识，使了解，使熟悉,,,,,,,,,acquainting,acquainted,acquainted,,
acquaintance,n.,认识，相识，了解；相识的人，熟人,,,,,,,,,,,,,
acquire,v.,获得；学到(知识等)；养成(习惯),,,,,,,,,acquiring,acquired,acquired,,
acquisition,n.,取得，学到，养成(习惯)；获得的东西,,,,,,,,,,,,,
acre,n.,英亩；田地；地产,,,,,,,,,,,,,
acrobat,n.,特技演员，杂技演员,,,,,,,,,,,,,
across,prep.,横过，越过；在的对面,adv.,横过，穿过,,,,,,,,,,,
act,v.,表演；举动；起作用,n.,行为，法令；一幕,,,,,,,acting,acted,acted,,
action,n.,行动，动作；作用；运转；行为；战斗,,,,,,,,,,,,,
activate,vt.,启动，激活；驱动，驱使；使开始起作用,,,,,,,,,activating,activated,activated,,
active,adj.,活跃的，敏捷的，积极的；在活动中的,,,,,,,,,,,,,
activity,n.,活动；活力；能动性,,,,,,,,,,,,,
actor,n.,男演员；演员，行动者,,,,,,,,,,,,,
actress,n.,女演员,,,,,,,,,,,,,
actual,adj.,实际的；现实的，真实的，目前的,,,,,,,,,,,,,
acuity,n.,敏锐，敏锐度，分辨力,,,,,,,,,,,,,非大纲单词
acute,adj.,剧烈的；敏锐的；成锐角的；尖的，高音的,,,,,,,,,,,,,
adapt,vt.,使适应，使适合；改编；改写,vi.,适应,,,,,,,adapting,adapted,adapted,,
add,vt.,加；增加(进)；进一步说/写,vi.,(to)增添,,,,,,,adding,added,added,,
addict,v.,使沉溺；使上瘾,n.,沉溺于不良嗜好的人,,,,,,,addicting,addicted,addicted,,
addition,n.,加，加法；附加部分，增加(物),,,,,,,,,,,,,
additional,adj.,额外的，附加的，另外的,,,,,,,,,,,,,
address,n.,住址；致词,v.,向…致词；在信封上写姓名,,,,,,,addressing,addressed,addressed,,
adequate,adj.,充足的，足够的；适当的，胜任的,,,,,,,,,,,,,
adhere,vi.,(to)粘着；坚持，遵守；依附，追随,,,,,,,,,adhering,adhered,adhered,,
adjacent,adj.,(to)(时间上)紧接着的；邻近的，毗邻的,,,,,,,,,,,,,
adjective,n.,形容词,adj.,形容词的，用作形容词的,,,,,,,,,,,
adjoin,v.,临近，靠近；贴近，毗连,,,,,,,,,adjoining,adjoined,adjoined,,
adjust,vt.,调节；整顿，调整,vi.,适应(to)；使调节,,,,,,,adjusting,adjusted,adjusted,,
administer,v.,施行，实施；掌管，料理…的事务；给予,,,,,,,,,administering,administered,administered,,
administration,n.,经营，管理；行政，行政机关，管理部门,,,,,,,,,,,,,
admire,vt.,"钦佩,赞赏,羡慕；称赞,夸奖",,,,,,,,,admiring,admired,admired,,
admission,n.,允许进入；承认；入场费，入会费，入场券,,,,,,,,,,,,,
admit,vt.,承认，供认；准许…进入，准许…加入,,,,,,,,,admitting,admitted,admitted,,
adolescent,n.,青少年,adj.,青春期的，青少年的,,,,,,,,,,,
adopt,vt.,采用，采取(态度等)；选定；收养,,,,,,,,,adopting,adopted,adopted,,
adore,vt.,"崇拜,敬慕,爱慕；非常喜欢",,,,,,,,,adoring,adored,adored,,
adult,n.,成年人,adj.,成年的，充分长成的，成熟的,,,,,,,,,,,
advance,n.,前进，预付,vi.,前进，进展,vt.,促进，推进,,,,,advancing,advanced,advanced,,
advanced,adj.,超前的，先进的；高级的；开明的；前进的,,,,,,,,,,,,,
advantage,n.,优点，长处，有利条件；利益，好处,,,,,,,,,,,,,
advent,n.,(重要事件等的)到来，来临,,,,,,,,,,,,,
adventure,n.,冒险，冒险活动，奇遇,vt.,大胆进行,,,,,,,adventuring,adventured,adventured,,
adverb,n.,副词,adj.,副词的,,,,,,,,,,,
adverse,adj.,逆的，相反的；敌对的；不利的；有害的,,,,,,,,,,,,,
advertise,vt.,公告，公布；为…做广告,vi.,登广告,,,,,,,advertising,advertised,advertised,,
advice,n.,劝告，忠告，(医生等的)意见,,,,,,,,,,,,,
advisable,adj.,可取的，适当的，明智的,,,,,,,,,,,,,
advise,vt.,忠告，劝告，建议；通知，告知,,,,,,,,,advising,advised,advised,,
advocate,n.,辩护者，拥护者，鼓吹者,vt.,拥护，提倡,,,,,,,advocating,advocated,advocated,,
aerial,adj.,(在或来自)空中的，航空的,n.,天线,,,,,,,,,,,
aeroplane,n.,(airplane)(英)飞机,,,,,,,,,,,,,
aesthetic,adj.,(esthetic)美学的，艺术的；审美的,,,,,,,,,,,,,
affair,n.,[pl.]事务；事情(件)；(个人的)事,,,,,,,,,,,,,
affect,vt.,影响；(疾病)侵袭；感动,n.,情感，感情,,,,,,,affecting,affected,affected,,
affection,n.,爱，喜爱；爱慕之情；感情；疾病，不适,,,,,,,,,,,,,
affiliate,v.,使隶属(或附属)于,n.,附属机构，分公司,,,,,,,affiliating,affiliated,affiliated,,
affirm,vt.,"断言，坚持声称；肯定；证实,确认",,,,,,,,,affirming,affirmed,affirmed,,
affluent,adj.,富裕的，富有的，丰富的，富饶的,,,,,,,,,,,,,
afford,vt.,担负得起(损失、费用、后果等)，买得起,,,,,,,,,affording,afforded,afforded,,
afraid,adj.,害怕的，恐惧的；犯愁的，不乐意的,,,,,,,,,,,,,
after,prep.,在…以后；在…后面,adv.,以后，后来,,,,,,,,,,,
afternoon,n.,下午，午后,,,,,,,,,,,,,
afterward,adv.,(afterwards)以后，后来,,,,,,,,,,,,,
afterwards,adv.,后来，以后,,,,,,,,,,,,,非大纲单词
again,adv.,再次，另一次；重新；除此，再，更，还,,,,,,,,,,,,,
against,prep.,对着，逆；反对；违反；紧靠着；对比,,,,,,,,,,,,,
age,n.,年龄；时代；老年；长时间,v.,(使)变老,,,,,,,aging,aged,aged,,
agency,n.,代理(处)；代办处；[美](政府的)机关，厅,,,,,,,,,,,,,
agenda,n.,议事日程，记事册,,,,,,,,,,,,,
agent,n.,代理人；代理商；产生作用的人或事物,,,,,,,,,,,,,
aggravate,vt.,"加重(剧),使恶化；激怒,使恼火",,,,,,,,,aggravating,aggravated,aggravated,,
aggressive,adj.,侵略的，好斗的，有进取心的，敢作敢为的,,,,,,,,,,,,,
agitate,v.,摇动(液体)；使焦虑不安；困扰；鼓动,,,,,,,,,agitating,agitated,agitated,,
ago,adv.,(常和一般过去时的动词连用)以前，…前,,,,,,,,,,,,,
agony,n.,(精神或肉体的)极大痛苦，创伤,,,,,,,,,,,,,
agree,vi.,答应，赞同；适合，一致；商定，约定,,,,,,,,,agreeing,agreed,agreed,,
agreeable,adj.,符合的；一致的；欣然同意的；令人愉快的,,,,,,,,,,,,,
agreement,n.,协定；协议；契约；达成协议；同意，一致,,,,,,,,,,,,,
agriculture,n.,农业，农艺，农耕,,,,,,,,,,,,,
ahead,adv.,在前面(头)；向(朝)前；提前,,,,,,,,,,,,,
aid,n.,援助，救护；助手，辅助物,vi.,援助，救援,,,,,,,aiding,aided,aided,,
aim,n.,目的；瞄准,vi.,(at)目的在于,vt.,把…瞄准,,,,,aiming,aimed,aimed,,
air,n.,空气；(复数)神气,vt.,(使)通风；晾干,,,,,,,airing,aired,aired,,
air-conditioning,n.,空调设备，空调系统,,,,,,,,,,,,,
aircraft,n.,飞机，飞船，飞行器,,,,,,,,,,,,,
airline,n.,(飞机)航线,adj.,(飞机)航线的,,,,,,,,,,,
airport,n.,机场，航空站，航空港,,,,,,,,,,,,,
aisle,n.,(教堂、教室、戏院等里的)过道，通道,,,,,,,,,,,,,
alarm,n.,惊恐；警报(器),vt.,惊动，惊吓；向…报警,,,,,,,alarming,alarmed,alarmed,,
album,n.,"(同一表演者的)集锦密纹唱片;集邮册,相册",,,,,,,,,,,,,
alcohol,n.,酒精，乙醇；含酒精的饮料,,,,,,,,,,,,,
alert,adj.,机警的，警觉的；机灵的,vt.,使…警觉,,,,,,,alerting,alerted,alerted,,
algorithm,n.,算法，运算法则,,,,,,,,,,,,,非大纲单词
alien,n.,外侨，外国人；外星人,adj.,外国的；相异的,,,,,,,,,,,
alike,adj.,同样的，相像的,adv.,一样地；同程度地,,,,,,,,,,,
alive,adj.,活着的；存在的；活跃的；(to)敏感的,,,,,,,,,,,,,
all,adj.,全部的；非常的,adv.,完全地，很,pron.,全部,,,,,,,,,
allege,v.,断言，宣称；指控,,,,,,,,,alleging,alleged,alleged,,
alleviate,v.,减轻，缓和，缓解(痛苦等),,,,,,,,,alleviating,alleviated,alleviated,,
alliance,n.,同盟，同盟国；结盟，联姻,,,,,,,,,,,,,
allocate,v.,分配，分派；拨给；划归,,,,,,,,,allocating,allocated,allocated,,
allot,v.,分配，分派，拨给,,,,,,,,,allotting,allotted,allotted,,非大纲单词
allow,vt.,允许，准许；承认；给予；(for)考虑到,,,,,,,,,allowing,allowed,allowed,,
allowance,n.,补贴，津贴；零用钱；减价，折扣；允许,,,,,,,,,,,,,
alloy,n.,合金,vt.,将…铸成合金,,,,,,,alloying,alloyed,alloyed,,
ally,n.,同盟者，同盟国,vt.,使结盟；与…有关联,,,,,,,allying,allied,allied,,
almost,adv.,几乎，差不多,,,,,,,,,,,,,
alone,adj.,单独的，孤独的,adv.,单独地，独自地；仅仅,,,,,,,,,,,
along,adv.,向前；和…一起，一同,prep.,沿着，顺着,,,,,,,,,,,
alongside,adv.,在旁边,prep.,和…在一起；在…旁边,,,,,,,,,,,
aloud,adv.,出声地，大声地,,,,,,,,,,,,,
alphabet,n.,字母表；初步，入门,,,,,,,,,,,,,
already,adv.,已，已经，早已,,,,,,,,,,,,,
also,adv.,而且(也)，此外(还)；同样地,,,,,,,,,,,,,
alter,vt.,改变，更改；改做(衣服),vi.,改变，变化,,,,,,,altering,altered,altered,,
alternate,adj.,交替的，轮流的,v.,(使)交替，(使)轮流,,,,,,,alternating,alternated,alternated,,
alternative,n.,二选一；供选择的东西；取舍,adj.,二选一的,,,,,,,,,,,
although,conj.,尽管，虽然…但是,,,,,,,,,,,,,
altitude,n.,高度，海拔；[pl.]高处，高地,,,,,,,,,,,,,
altogether,adv.,完全，总之，全部地；总共；总而言之,,,,,,,,,,,,,
aluminum,n.,(aluminium)铝,,,,,,,,,,,,,
always,adv.,总是，无例外地；永远，始终,,,,,,,,,,,,,
amateur,adj.&n.,业余(水平)的(运动员、艺术家等),,,,,,,,,,,,,
amaze,vt.,使惊奇，使惊愕；使困惑,vi.,表现出惊奇,,,,,,,amazing,amazed,amazed,,
ambassador,n.,大使；特使，(派驻国际组织的)代表,,,,,,,,,,,,,
ambiguity,n.,歧义，模棱两可，含糊不清,,,,,,,,,,,,,非大纲单词
ambiguous,adj.,引起歧义的，模棱两可的，含糊不清的,,,,,,,,,,,,,
ambition,n.,对(成功、权力等)的强烈欲望，野心；雄心,,,,,,,,,,,,,
ambitious,adj.,有抱负的，雄心勃勃的；有野心的,,,,,,,,,,,,,
ambulance,n.,救护车，救护船，救护飞机,,,,,,,,,,,,,
amend,vt.,修改，修订，改进,,,,,,,,,amending,amended,amended,,
amiable,adj.,和蔼可亲的，友善的，亲切的,,,,,,,,,,,,,
amid,prep.,在…中间，在…之中，被…围绕,,,,,,,,,,,,,
among,prep.,在…之中；在一群(组)之中；于…之间,,,,,,,,,,,,,
amount,n.,总数，数量；数额,v.,"共计；等同,接近(to)",,,,,,,amounting,amounted,amounted,,
ample,adj.,充分的，富裕的；宽敞的，宽大的,,,,,,,,,,,,,
amplifier,n.,放大器，扩大器,,,,,,,,,,,,,
amplify,vt.,放大，增强；详述，详加解说,,,,,,,,,amplifying,amplified,amplified,,
amuse,vt.,向…提供娱乐，使…消遣；引人发笑,,,,,,,,,amusing,amused,amused,,
anaemia,n.,贫血，贫血症,,,,,,,,,,,,,非大纲单词
analogue,n.,类似物；相似体；模拟,,,,,,,,,,,,,
analogy,n.,类似，相似，类比，类推,,,,,,,,,,,,,
analyse,vt.,（analyze）分析，分解,,,,,,,,,analysing,analysed,analysed,,
analysis,n.,(pl.analyses)分析；分解,,,,,,,,,,,,,
analytic,adj.,(analytical)分析的；分解的,,,,,,,,,,,,,
ancestor,n.,祖宗，祖先；原型，先驱,,,,,,,,,,,,,
anchor,n.&v.,锚；危难时可依靠的人或物；用锚泊船,,,,,,,,,anchoring,anchored,anchored,,
ancient,adj.,古代的，古老的，古式的,,,,,,,,,,,,,
and,conj.,和，与，而且；那么；接连，又,,,,,,,,,,,,,
anecdote,n.,轶事，趣闻，短故事,,,,,,,,,,,,,
angel,n.,天使，安琪儿,,,,,,,,,,,,,
anger,n.,愤怒，气愤,vt.,使发怒，激怒,vi.,发怒,,,,,angering,angered,angered,,
angle,n.,角，角度,v.,钓鱼；(采用各种方法）取得,,,,,,,angling,angled,angled,,
angry,adj.,生气的，愤怒的；(天气)风雨交加的,,,,,,,,,,,,,
anguish,n.,(尤指心灵上的)极度痛苦，烦恼,,,,,,,,,,,,,
animal,n.,动物，野兽，牲畜,adj.,动物的，野兽的,,,,,,,,,,,
ankle,n.,足踝，踝关节,,,,,,,,,,,,,
anniversary,n.,周年，周年纪念日,,,,,,,,,,,,,
announce,v.,正式宣布；发表；通告；广播（电台节目）,,,,,,,,,announcing,announced,announced,,
annoy,vt.,使恼怒，使生气；打扰,vi.,招人讨厌,,,,,,,annoying,annoyed,annoyed,,
annual,adj.,每年的，一年生的,n.,年刊；一年生植物,,,,,,,,,,,
anonymous,adj.,匿名的，无名的，姓氏不明的,,,,,,,,,,,,,
another,adj.,另一个，又，再,pron.,另一个，类似的一个,,,,,,,,,,,
answer,vt.,回答，答复，答案,v.,回答，答复，响应,,,,,,,answering,answered,answered,,
ant,n.,蚁；蚂蚁,,,,,,,,,,,,,
antenna,n.,(无线电或电视的)天线,,,,,,,,,,,,,
anticipate,vt.,预料；期望；预先考虑；抢先；提前使用,,,,,,,,,anticipating,anticipated,anticipated,,
anticipation,n.,预期，期望，预料,,,,,,,,,,,,,非大纲单词
antique,adj.,古式的，过时的,n.,有价值的古物，古董,,,,,,,,,,,
anxiety,n.,挂念，焦虑，焦急，忧虑；渴望，热望,,,,,,,,,,,,,
anxious,adj.,焦虑的，担心的；急于(得到的)，渴望的,,,,,,,,,,,,,
any,adj.,"(用于否定句、疑问句等)什么,一些;任何的",,,,,,,,,,,,,
anybody,pron.,(否定句)任何人；(肯定句)随便哪个人,,,,,,,,,,,,,
anyhow,adv.,不管怎么说，无论如何；不论用何种方法,,,,,,,,,,,,,
anyone,pron.,(用于疑问句，否定式)任何人,,,,,,,,,,,,,
anything,pron.,任何东西(事物)；无论什么东西(事物),,,,,,,,,,,,,
anyway,adv.,不管怎么说，无论如何；不论以何种方式,,,,,,,,,,,,,
anywhere,adv.,无论哪里；(用于否定、疑问等)任何地方,,,,,,,,,,,,,
apart,adv.,分离，离开，隔开,adj.,分离的，分隔的,,,,,,,,,,,
apartment,n.,[英]房间，套间；[美]公寓,,,,,,,,,,,,,
apologise,v.,"(to,for)道歉，认错",,,,,,,,,apologising,apologised,apologised,,
apology,n.,道歉，认错，辩解，辩护,,,,,,,,,,,,,
appal,v.,使惊骇，使恐怖,,,,,,,,,appaling,appaled,appaled,,
apparatus,n.,器械，器具，仪器；机构，组织,,,,,,,,,,,,,
apparent,adj.,"表面上的,貌似真实的；显然的,明明白白的",,,,,,,,,,,,,
appeal,vi.,呼吁，恳求；申诉,n.,呼吁；申诉；吸引力,,,,,,,appealing,appealed,appealed,,
appear,vi.,出现；出场；问世；仿佛；出版，发表,,,,,,,,,appearing,appeared,appeared,,
appearance,n.,出现，露面；外表；(在会议等)作短暂露面,,,,,,,,,,,,,
appendix,n.,附录，附属物；阑尾，盲肠,,,,,,,,,,,,,
appetite,n.,食欲，胃口；欲望，性欲；爱好，趣味,,,,,,,,,,,,,
applaud,vt.,鼓掌欢迎；赞同,vi.,鼓掌欢迎，欢呼,,,,,,,applauding,applauded,applauded,,
applause,n.,鼓掌；喝彩；夸奖，赞扬,,,,,,,,,,,,,
apple,n.,苹果，苹果树,,,,,,,,,,,,,
appliance,n.,电器；器械，装置；应用，适用,,,,,,,,,,,,,
applicable,adj.,"可应用(实施)的；适当的,合适的",,,,,,,,,,,,,
application,n.,申请，请求，申请书；应用，实施，实用性,,,,,,,,,,,,,
apply,vi.,(以书面形式)申请；请求,vt.,应用；实施,,,,,,,applying,applied,applied,,
appoint,vt.,任命，委派；指定，约定(时间、地点等),,,,,,,,,appointing,appointed,appointed,,
appointment,n.,"约会,约定；任命,委派;委任的职位",,,,,,,,,,,,,
appraisal,n.,对…作出的评价；评价，鉴定，评估,,,,,,,,,,,,,
appreciate,vt.,为…表示感激，感谢；欣赏，赏识，评价,,,,,,,,,appreciating,appreciated,appreciated,,
apprenticeship,n.,学徒期，学徒身份,,,,,,,,,,,,,非大纲单词
approach,v.,靠近，接近,n.,"接近；途径，入门;方式,方法",,,,,,,approaching,approached,approached,,
appropriate,adj.,"适当的,恰当的,特有的",vt.,"拨给,挪用,盗用",,,,,,,appropriating,appropriated,appropriated,,
approval,n.,批准，通过；赞成，同意,,,,,,,,,,,,,
approve,v.,(of)赞成，赞许，同意；批准，审议，通过,,,,,,,,,approving,approved,approved,,
approximate,adj.,近似的,vi.,(to)接近,,,,,,,approximating,approximated,approximated,,
April,n.,四月,,,,,,,,,,,,,
apt,adj.,恰当的，适当的；易于…的，有…倾向的,,,,,,,,,,,,,
arbitrary,adj.,任意的，任性的，主观的；专断的，武断的,,,,,,,,,,,,,
arch,n.,拱门，桥拱洞,v.,拱起，(使)变成弓形,,,,,,,arching,arched,arched,,
architect,n.,建筑师；设计师；缔造者；创造者,,,,,,,,,,,,,
architecture,n.,建筑，建筑学；建筑式样或风格，建筑物,,,,,,,,,,,,,
area,n.,面积；地区，地域；领域，范围,,,,,,,,,,,,,
argue,vi.,辩论，争论,vt.,辩论，论证；说服，劝说,,,,,,,arguing,argued,argued,,
argument,n.,争论(吵)，辩论；理由;论证,,,,,,,,,,,,,
arise,v.,出现，发生；(from)由…引起，由…产生,,,,,,,,,arising,arose,arisen,,
arithmetic,n.,算术，四则运算,,,,,,,,,,,,,
arm,n.,手臂，扶手，臂状物,v.,武装；配备,n.,武器,,,,,arming,armed,armed,,
army,n.,军队，陆军，军；大群，大批,,,,,,,,,,,,,
around,adv.,在…周围，到处,prep.,在…四周(或附近),,,,,,,,,,,
arouse,vt.,唤醒，叫醒；唤起，激起,,,,,,,,,arousing,aroused,aroused,,
arrange,v.,安排，筹划；整理，使有条理，排列，布置,,,,,,,,,arranging,arranged,arranged,,
array,n.,大量；排列；盛装,v.,列阵；装扮；排列,,,,,,,arraying,arrayed,arrayed,,
arrest,n.,逮捕，扣留,vt.,逮捕，扣留；阻止；吸引,,,,,,,arresting,arrested,arrested,,
arrival,n.,到达，到来；到达者，到达物,,,,,,,,,,,,,
arrive,vi.,到达；(时间、事件)到来，发生；达到,,,,,,,,,arriving,arrived,arrived,,
arrogant,adj.,傲慢的，自大的,,,,,,,,,,,,,
arrow,n.,箭，矢，箭状物；箭头符号,,,,,,,,,,,,,
art,n.,艺术，美术；技术，技艺；文科，人文科学,,,,,,,,,,,,,
artery,n.,动脉；干线，要道,,,,,,,,,,,,,
article,n.,文章，论文；条款，条文；物件；冠词,,,,,,,,,,,,,
articulate,adj.,善于表达的；有关节相连的,v.,清楚地讲话,,,,,,,articulating,articulated,articulated,,
artificial,adj.,人工的，人造的，人为的；虚伪的，做作的,,,,,,,,,,,,,
artist,n.,艺术家，美术家；(某方面的)能手,,,,,,,,,,,,,
artistic,adj.,艺术(家)的，美术(家)的；善于艺术创作的,,,,,,,,,,,,,
as,adv.,同样地,conj.,由于；像…一样,prep.,作为,,,,,,,,,
ascend,vi.,渐渐上升，升高,vt.,攀登，登上,,,,,,,ascending,ascended,ascended,,
ascertain,vt.,确定，查明，弄清,,,,,,,,,ascertaining,ascertained,ascertained,,
ash,n.,灰，灰末；(pl.)骨灰；(pl.)废墟,,,,,,,,,,,,,
ashamed,adj.,惭愧的，羞耻的，害臊的,,,,,,,,,,,,,
ashore,adv.,上岸；在岸上，向岸上,,,,,,,,,,,,,
aside,adv.,在旁边，到一边,n.,旁白；离题的话,,,,,,,,,,,
ask,vt.,问，询问；请求，要求；邀请，约请,,,,,,,,,asking,asked,asked,,
asleep,adj.,睡觉，睡着(用作表语),,,,,,,,,,,,,
aspect,n.,"样子, 外表, 面貌,(问题等的)方面",,,,,,,,,,,,,
aspire,vi.,(to，after)渴望，追求，有志于,,,,,,,,,aspiring,aspired,aspired,,
assassinate,vt.,暗杀，行刺；中伤,,,,,,,,,assassinating,assassinated,assassinated,,
assault,v.,猛烈地攻击，袭击,n.,突然而猛烈的攻击,,,,,,,assaulting,assaulted,assaulted,,
assemble,vt.,集合，召集；装配；收集,vi.,集合，聚集,,,,,,,assembling,assembled,assembled,,
assembly,n.,集合；会议；装配；(美)洲议会的众议院,,,,,,,,,,,,,
assert,vt.,"断言,宣称；坚持；主张（权利、权威等）",,,,,,,,,asserting,asserted,asserted,,
assess,vt.,(为征税)评估(财产、收入)；征税；评价,,,,,,,,,assessing,assessed,assessed,,
asset,n.,"(pl.)资产,财产；有价值的物品；天赋",,,,,,,,,,,,,
assign,vt.,派给，分配；选定，指定(时间、地点等),,,,,,,,,assigning,assigned,assigned,,
assignment,n.,分配，指派；(指定的)作业，(分派的)任务,,,,,,,,,,,,,
assimilate,vt.,吸收，消化；使同化,vi.,被吸收；被同化,,,,,,,assimilating,assimilated,assimilated,,
assist,vt.,协助，帮助，促进,vi.,帮忙，参加,,,,,,,assisting,assisted,assisted,,
assistance,n.,协作; 援助; 帮助,,,,,,,,,,,,,
assistant,adj.,帮助的，辅助的,n.,助手，助教；辅助物,,,,,,,,,,,
associate,vt.,联想；交往；联合,n.,伙伴,adj.,联合的,,,,,associating,associated,associated,,
association,n.,联盟，协会，社团；交往，联合；联想,,,,,,,,,,,,,
assume,vt.,假装；假定，设想；承担；呈现，采取,,,,,,,,,assuming,assumed,assumed,,
assumption,n.,假定，设想；采取；承担；推测；假装,,,,,,,,,,,,,
assurance,n.,"保证,担保；确信,断言；信心,信念",,,,,,,,,,,,,
assure,vt.,使确信，使放心(of)；向…保证,,,,,,,,,assuring,assured,assured,,
astonish,vt.,使惊讶，使吃惊,,,,,,,,,astonishing,astonished,astonished,,
astronaut,n.,太空人，太空旅行者,,,,,,,,,,,,,
astronomy,n.,天文学,,,,,,,,,,,,,
at,prep.,[表示价格、速度等]以，达；在…方面,,,,,,,,,,,,,
athlete,n.,运动员，体育家，身强力壮的人,,,,,,,,,,,,,
atmosphere,n.,大气(层)；空气；气氛，环境；大气压,,,,,,,,,,,,,
atom,n.,原子；微粒，微量,,,,,,,,,,,,,
attach,v.,系，贴，装，连接；使成为一部分；使依恋,,,,,,,,,attaching,attached,attached,,
attack,v.&n.,攻击，抨击；着手，开始,n.,(病)发作,,,,,,,attacking,attacked,attacked,,
attain,vt.,达到；完成；获得,vi.,达到,,,,,,,attaining,attained,attained,,
attempt,vt.,企图，试图,n.,努力，尝试，企图,,,,,,,attempting,attempted,attempted,,
attend,vt.,出席，参加；照顾，护理,vi.,注意；侍奉,,,,,,,attending,attended,attended,,
attendance,n.,出席；出席人数；护理，照料,,,,,,,,,,,,,
attendant,n.,陪从；出席人；服务员,adj.,出席的；伴随的,,,,,,,,,,,
attention,n.,注意，注意力；立正；特别照顾；照料,,,,,,,,,,,,,
attitude,n.,"态度，看法(to, toward, about)；姿势",,,,,,,,,,,,,
attorney,n.,(业务或法律事务上的)代理人；辩护律师,,,,,,,,,,,,,
attract,vt.,"引起的注意(或兴趣等),吸引；引起；激起",,,,,,,,,attracting,attracted,attracted,,
attractive,adj.,吸引人的，引人注意的；漂亮的，迷人的,,,,,,,,,,,,,
attribute,v.,"(to)归因于,归属于",n.,"属性,品质,特征",,,,,,,attributing,attributed,attributed,,
auction,n.,／,vt.,拍卖,,,,,,,auctioning,auctioned,auctioned,,
audience,n.,听众，观众，读者；见面，会见,,,,,,,,,,,,,
audio,n.&adj.,音频(响)(的)；声音(的)，听觉(的),,,,,,,,,,,,,
audit,v.,审计；查帐；核对；旁听,,,,,,,,,auditing,audited,audited,,
auditorium,n.,观众席，听众席；会堂，礼堂,,,,,,,,,,,,,
augment,vt.,(使)增大，增加，增长，扩张,,,,,,,,,augmenting,augmented,augmented,,
August,n.,8 月,,,,,,,,,,,,,
aunt,n.,姨母，姑母，伯母，婶母，舅母，阿姨,,,,,,,,,,,,,
aural,adj.,听觉的，听力的,,,,,,,,,,,,,
authentic,adj.,真的，真正的；可靠的，可信的，有根据的,,,,,,,,,,,,,
author,n.,作者，作家，著作人；创始人，发起人,,,,,,,,,,,,,
authority,n.,权力，权威；权威人士；(pl.)官方，当局,,,,,,,,,,,,,
auto,n.,(automobile)(口语)汽车,,,,,,,,,,,,,
automatic,adj.,自动(装置)的；无意识的,n.,自动机械,,,,,,,,,,,
automation,n.,自动，自动化，自动操作,,,,,,,,,,,,,
autonomy,n.,自治，自治权,,,,,,,,,,,,,
autumn,n.,秋，秋季；成熟期，渐衰期,,,,,,,,,,,,,
auxiliary,adj.,辅助的，支援的,n.,辅助者，辅助设备,,,,,,,,,,,
avail,n.,"[一般用于否定句或疑问句中]效用,利益",,,,,,,,,,,,,
available,adj.,(用于物)可利用的；可见到的，接受采访的,,,,,,,,,,,,,
avenue,n.,林荫路，大街；(比喻)途径，渠道，方法,,,,,,,,,,,,,
average,n.,"平均,平均数",adj.,平均的；普通的,v.,平均,,,,,averaging,averaged,averaged,,
avert,v.,防止，避免；转移(目光、注意力等),,,,,,,,,averting,averted,averted,,
aviation,n.,航空，航空学；飞机制造业,,,,,,,,,,,,,
avoid,vt.,防止，避免；逃避，避开,,,,,,,,,avoiding,avoided,avoided,,
await,vt.,等候，期待；(事情等)降临于,,,,,,,,,awaiting,awaited,awaited,,
awake,adj.,醒着的,vt.,唤醒，使觉醒,vi.,醒来，醒悟到,,,,,awaking,awoke/awaked,awoken/awaked,,
award,vt.,"授予,给予；判定",n.,"奖,奖金；仲裁",,,,,,,awarding,awarded,awarded,,
aware,adj.,知道的，意识到的,,,,,,,,,,,,,
away,adv.,在远处；离开；渐渐远去；一直；去掉,,,,,,,,,,,,,
awe,n.,敬畏，惊惧,vt.,使敬畏，使惊惧,,,,,,,awing,awed,awed,,
awful,adj.,极度的，极坏的；威严的，可怕的,,,,,,,,,,,,,
awkward,adj.,笨拙的；尴尬的；使用不便的；难处理的,,,,,,,,,,,,,
axe,n.,（ax）斧子；削减,vt.,用斧砍,,,,,,,axing,axed,axed,,
axis,n.,轴，轴线，中心线；坐标轴，基准线,,,,,,,,,,,,,
baby,n.,婴儿；年龄最小的人；小动物,adj.,婴儿似的,,,,,,,,,,,
bachelor,n.,单身汉;(亦作 B-)学士(学位),,,,,,,,,,,,,
back,adj.,后面的,adv.,向后,v.,倒退；支持,n.,背；后面,,,backing,backed,backed,,
background,n.,"背景,经历；幕后",,,,,,,,,,,,,
backward,adj.,"向后的,倒行的;迟钝的",adv.,"向后,朝反方向",,,,,,,,,,,
bacon,n.,"咸猪肉,熏猪肉",,,,,,,,,,,,,
bacterium,n.,(pl.)bacteria 细菌,,,,,,,,,,,,,
bad,adj.,坏的；低劣的；不舒服的；腐败的；严重的,,,,,,,,,,,,,
badge,n.,"徽章,像章；标记；象征；记号",,,,,,,,,,,,,
badly,adv.,非常，严重地；坏地，差地，拙劣地,,,,,,,,,,,,,
badminton,n.,羽毛球,,,,,,,,,,,,,
bag,n.,袋，提包,v.,把…装入袋中；猎杀；占有,,,,,,,bagging,bagged,bagged,,
baggage,n.,行李,,,,,,,,,,,,,
bait,n.,饵，引诱物,vt.,用饵引诱；折磨，奚落,,,,,,,baiting,baited,baited,,
bake,v.,"烤,烘,焙;烧硬,焙干",,,,,,,,,baking,baked,baked,,
balance,v.,"称,(使)平衡",n.,"天平;平衡,均衡;差额,余款",,,,,,,balancing,balanced,balanced,,
balcony,n.,阳台；(电影院等的)楼厅，楼座,,,,,,,,,,,,,
bald,adj.,"秃的,秃头的",,,,,,,,,,,,,
ball,n.,球(状物);(正式的)舞会,vt.,把…捏成球状,,,,,,,balling,balled,balled,,
ballet,n.,芭蕾舞，芭蕾舞剧；芭蕾舞团,,,,,,,,,,,,,
balloon,n.,"气球,飞船",adj.,气球状的,v.,乘坐气球；膨胀,,,,,ballooning,ballooned,ballooned,,
ballot,n.,(不记名)投票；投票总数；投票权,vi.,投票,,,,,,,balloting,balloted,balloted,,
ban,v.,"取缔,查禁;(from)禁止",n.,"禁止,禁令",,,,,,,banning,banned,banned,,
banana,n.,香蕉,,,,,,,,,,,,,
band,n.,"条,带;乐队;波段;一群,一伙",v.,"缚,绑扎",,,,,,,banding,banded,banded,,
bandage,n.,绷带,v.,用绷带扎缚,,,,,,,bandaging,bandaged,bandaged,,
bang,n.,砰砰的声音;猛击,v.,"砰地关上,猛撞,猛击",,,,,,,banging,banged,banged,,
bank,n.,"银行；岸,堤",vi.,存入(经营)银行；信赖,,,,,,,banking,banked,banked,,
bankrupt,adj.,破产的；彻底缺乏的,vt.,使破产,n.,破产者,,,,,bankrupting,bankrupted,bankrupted,,
banner,n.,旗(帜),,,,,,,,,,,,,
banquet,n.,(正式的)宴会,vi.,参加宴会,vt.,宴情,,,,,banqueting,banqueted,banqueted,,
bar,n.,"条,杆,闩;酒吧;栅,障碍(物)",v.,"闩上,阻拦",,,,,,,barring,barred,barred,,
barbecue,n.,烤肉；烤肉用的台架,vt.,炙烤(肉等),,,,,,,barbecuing,barbecued,barbecued,,
barber,n.,理发师,,,,,,,,,,,,,
bare,adj.,"赤裸的,空的;稀少的,仅有的",v.,"露出,暴露",,,,,,,baring,bared,bared,,
barely,adv.,"赤裸裸地,无遮蔽地;仅仅,勉强,几乎没有",,,,,,,,,,,,,
bargain,n.,"廉价货;交易,契约,合同",v.,"议价,成交",,,,,,,bargaining,bargained,bargained,,
bark,vi.,(狗等)吠，叫,n.,吠声，叫声；树皮,,,,,,,barking,barked,barked,,
barn,n.,"谷仓,仓库",,,,,,,,,,,,,
barrel,n.,"桶;枪管,炮管",,,,,,,,,,,,,
barren,adj.,贫瘠的；不育的；(植物)不结果的；无用的,,,,,,,,,,,,,
barrier,n.,"栅栏,屏障;障碍(物)",,,,,,,,,,,,,
base,n.,"基础,底部;根据地",v.,(on)把…基于,,,,,,,basing,based,based,,
baseball,n.,棒球,,,,,,,,,,,,,
basement,n.,"建筑物的底部,地下室,地窖",,,,,,,,,,,,,
basic,adj.,"基本的,基础的",,,,,,,,,,,,,
basin,n.,"盆,脸盆;内海,盆地",,,,,,,,,,,,,
basis,n.,"基础,根据",,,,,,,,,,,,,
basket,n.,筐，篮，篓,,,,,,,,,,,,,
basketball,n.,篮球，篮球运动,,,,,,,,,,,,,
bat,n.,"球拍,球棒,短棒;蝙蝠",,,,,,,,,,,,,
batch,n.,"一批,一组,一群",,,,,,,,,,,,,
bath,n.,"沐浴,洗澡;浴室(池,盆)",v.,(给…)洗澡,,,,,,,bathing,bathed,bathed,,
bathe,v.,"游泳,洗澡,浸,弄湿",,,,,,,,,bathing,bathed,bathed,,
bathroom,n.,"浴室;盥洗室,卫生间",,,,,,,,,,,,,
battery,n.,电池(组)；(器具等的)一组，一套；炮兵连,,,,,,,,,,,,,
battle,n.,"战役,战斗;斗争",v.,"战斗,斗争,搏斗",,,,,,,battling,battled,battled,,
bay,n.,"海湾,(港)湾",,,,,,,,,,,,,
be,v.,(就)是，等于；(存)在；到达，来到，发生,,,,,,,,,being,was/were,been,,
beach,n.,"海滩,湖滩,河滩",,,,,,,,,,,,,
beam,n.,"(横)梁,桁条;(光线的)束,柱",v.,微笑,,,,,,,beaming,beamed,beamed,,
bean,n.,"豆;菜豆,蚕豆",,,,,,,,,,,,,
bear,n.,熊,v.,"忍受,容忍;负担;结果实,生子女",,,,,,,bearing,bore,borne/born,,
beard,n.,胡须,,,,,,,,,,,,,
bearing,n.,轴承；忍受；关系，影响；举止；方向,,,,,,,,,,,,,
beast,n.,"兽,牲畜;凶残的人,举止粗鲁的人",,,,,,,,,,,,,
beat,n.,敲打;(心脏等)跳动,v.,打败;(心脏等)跳动,,,,,,,beating,beat,beaten,,
beautiful,adj.,美的，美丽的；出色的，完美的,,,,,,,,,,,,,
beauty,n.,美，美丽；美人，美丽的事物,,,,,,,,,,,,,
because,conj.,因为，由于,,,,,,,,,,,,,
become,vi.,变成，开始变得,vt.,适合，同…相称,,,,,,,becoming,became,become,,
bed,n.,"床,床位；(苗)床,坛；河床，(湖、海的)底",,,,,,,,,,,,,
bee,n.,蜂，蜜蜂；忙碌的人,,,,,,,,,,,,,
beef,n.,牛肉,,,,,,,,,,,,,
beer,n.,啤酒,,,,,,,,,,,,,
before,prep.,"(指时间)在…以前,在…前面，在…之前",,,,,,,,,,,,,
beforehand,adv.,"预先,事先",,,,,,,,,,,,,
beg,vt.,请求，乞求,vi.,恳请，行乞,,,,,,,begging,begged,begged,,
begin,v.,"(began,begun)开始，着手",,,,,,,,,beginning,began,begun,,
beginning,n.,开始，开端；起源，早期阶段,,,,,,,,,,,,,
behalf,n.,利益,,,,,,,,,,,,,
behave,v.,"举止,举动,表现;运转,开动",,,,,,,,,behaving,behaved,behaved,,
behavior,n.,"(behaviour)行为,举止；(机器等)运转情况",,,,,,,,,,,,,
behind,prep.,在…的背后，(遗留)在…后面；落后于,,,,,,,,,,,,,
being,n.,"生物，生命,存在",,,,,,,,,,,,,
belief,n.,信任，相信，信念；信仰，信条,,,,,,,,,,,,,
believe,vt.,相信，认为,vi.,相信，信任，信奉,,,,,,,believing,believed,believed,,
bell,n.,"钟,铃",,,,,,,,,,,,,
belly,n.,肚子，腹部；(像肚子一样)鼓起的部分，膛,,,,,,,,,,,,,
belong,v.,"(to)属于,附属,隶属;应归入(类别,范畴等)",,,,,,,,,belonging,belonged,belonged,,
beloved,adj.&n.,"受爱戴的,敬爱的;爱人,被心爱的人",,,,,,,,,,,,,
below,prep.,在…下面，在…以下,adv.,在下面，向下,,,,,,,,,,,
belt,n.,"(皮)带,腰带;地带",,,,,,,,,,,,,
bench,n.,"长凳,条凳;(工作)台,座",,,,,,,,,,,,,
bend,v.,"(使)弯曲;屈从,屈服",n.,"弯曲(处),曲折处",,,,,,,bending,bent,bent,,
beneath,prep.,"在…下边,在…之下",adv.,在下方,,,,,,,,,,,
beneficial,adj.,"(to)有利的,有益的",,,,,,,,,,,,,
benefit,n.,"利益,好处,恩惠",v.,"有益于;(from,by)受益",,,,,,,benefiting,benefited,benefited,,
benign,adj.,"(病)良性的,(气候)良好的,仁慈的,和蔼的",,,,,,,,,,,,,
beside,prep.,在…旁边，在…附近；和…相比,,,,,,,,,,,,,
besides,adv.,此外；并且,prep.,于…之外；除…以外,,,,,,,,,,,
best,adj.,最好的(good 和 well 最高级),adv.,最好地；最,,,,,,,,,,,
bet,v.,"赌,打赌",n.,"打赌,赌注",,,,,,,betting,bet/betted,bet/betted,,
betray,v.,"背叛,出卖;暴露,流露,泄露",,,,,,,,,betraying,betrayed,betrayed,,
better,adj.,较好的,adv.,更好(地),v.,改良,n.,较佳者,,,bettering,bettered,bettered,,
between,prep.,在…之间，在(两者)之间,adv.,在中间,,,,,,,,,,,
beverage,n.,(水，酒等之外的)饮料,,,,,,,,,,,,,
beware,v.,"当心,谨防",,,,,,,,,bewaring,bewared,bewared,,
bewilder,v.,"使迷惑,难住",,,,,,,,,bewildering,bewildered,bewildered,,
bewildering,adj.,令人困惑的，使人迷乱的,,,,,,,,,,,,,非大纲单词
beyond,prep.,在(或向)的那边，远于；超出,,,,,,,,,,,,,
bias,n.&v.,"(使有)偏见,偏心,偏袒",,,,,,,,,biasing,biased,biased,,
Bible,n.,圣经,,,,,,,,,,,,,
bibliography,n.,(有关某一专题的)书目；参考书目,,,,,,,,,,,,,
bicycle,n.,(bike)自行车,vi.,骑自行车,,,,,,,bicycling,bicycled,bicycled,,
bid,v.,"祝愿;命令,吩咐;报价,投标",n.,"出众,投标",,,,,,,bidding,bid/bade,bid/bidden,,
big,adj.,大的；重要的；宽宏大量的；大受欢迎的,,,,,,,,,,,,,
bill,n.,"账单;招贴,广告;(人员,职称等的)表;钞票",,,,,,,,,,,,,
billion,num.&n.,"(美)十亿,(英)万亿",,,,,,,,,,,,,
bin,n.,(贮藏食物等用的)箱子,,,,,,,,,,,,,
bind,v.,"捆,绑,包括,束缚",,,,,,,,,binding,bound,bound,,
biographer,n.,传记作者，传记作家,,,,,,,,,,,,,非大纲单词
biography,n.,传记；传记文学,,,,,,,,,,,,,
biology,n.,生物学,,,,,,,,,,,,,
biotic,adj.,生物的，生命活动的,,,,,,,,,,,,,非大纲单词
bird,n.,鸟，雀；女人；嘘声,,,,,,,,,,,,,
birth,n.,出生，诞生；出身，血统；起源；出现,,,,,,,,,,,,,
birthday,n.,生日；(成方)纪念日,,,,,,,,,,,,,
biscuit,n.,"饼干,点心",,,,,,,,,,,,,
bite,v.&n.,"咬,叮",n.,一口,,,,,,,biting,bit,bitten,,
bitter,adj.,"(有)苦(味)的;痛苦的,厉害的",,,,,,,,,,,,,
bizarre,adj.,异乎寻常的，稀奇古怪的,,,,,,,,,,,,,
black,adj.,黑(色)的；黑暗的,n.,黑(色)；黑暗；黑人,,,,,,,,,,,
blackboard,n.,黑板,,,,,,,,,,,,,
blackmail,n.,讹诈，敲诈，勒索；胁迫，恫吓,,,,,,,,,,,,,
blade,n.,刀刃，刀片；桨叶；草叶，叶片,,,,,,,,,,,,,
blame,v.,"责备;怪,把…归咎于",n.,"责任,过错;责备",,,,,,,blaming,blamed,blamed,,
blank,adj.,"空白的,空着的;失色的",n.,空白;表格,,,,,,,,,,,
blanket,n.,毯子(可数)；厚厚一层(可数),vt.,铺上一层,,,,,,,blanketing,blanketed,blanketed,,
blast,n.,一阵(风);爆炸冲击波;管乐器声,v.,爆炸,,,,,,,blasting,blasted,blasted,,
blaze,n.,"火焰;火光;闪光,光辉",v.,"燃烧,冒火焰",,,,,,,blazing,blazed,blazed,,
bleak,adj.,荒凉的;冷酷的;没有希望的,,,,,,,,,,,,,
bleed,v.,"出血,流血",,,,,,,,,bleeding,bled,bled,,
blend,n.,混合(物),v.,"混和,混杂",,,,,,,blending,blended,blended,,
bless,v.,"祝福,保佑",,,,,,,,,blessing,blessed,blessed,,
blind,adj.,盲的，瞎的；盲目的,vt.,使失明,n.,百叶窗,,,,,blinding,blinded,blinded,,
block,n.,大块木（石）料;街区;障碍物,v.,"阻塞,拦阻",,,,,,,blocking,blocked,blocked,,
blood,n.,血液，血；血统，血亲；血气,,,,,,,,,,,,,
bloody,adj.,"流血的,血腥的",,,,,,,,,,,,,
bloom,n.,花(朵);开花(期),v.,开花,,,,,,,blooming,bloomed,bloomed,,
blossom,n.,花(簇)；花期；青春,vi.,开花；展开；繁荣,,,,,,,blossoming,blossomed,blossomed,,
blouse,n.,女衬衣，短上衣，宽阔的罩衫,,,,,,,,,,,,,
blow,vi.,吹，吹气，打气；吹奏；爆炸,n.,"打,打击",,,,,,,blowing,blew,blown,,
blue,adj.,"蓝色的;青灰色的；沮丧的,阴郁的",n.,蓝色,,,,,,,,,,,
blueprint,n.,蓝图，设计图，计划,vt.,制成蓝图，计划,,,,,,,blueprinting,blueprinted,blueprinted,,
blunder,v.,(因无知等而)犯大错;踉踉跄跄地走,n.,大错,,,,,,,blundering,blundered,blundered,,
blunt,adj.,率直的;钝的,v.,(使)钝;(使)迟钝,,,,,,,blunting,blunted,blunted,,
blur,n.,模糊不清的事物；污点,vt.,使模糊；玷污,,,,,,,blurring,blurred,blurred,,
blush,v.&n.,脸红,,,,,,,,,blushing,blushed,blushed,,
board,n.,"板,木板;全体委员;伙食",v.,"上船(车,飞机)",,,,,,,boarding,boarded,boarded,,
boast,v.,"(of,about)自夸,夸耀",n.,"自夸,大话",,,,,,,boasting,boasted,boasted,,
boat,n.,"小船,艇",,,,,,,,,,,,,
body,n.,"身体,本体;主体;尸体;物体;(一)群,批,堆",,,,,,,,,,,,,
boil,v.,"(使)沸腾,煮(沸)",,,,,,,,,boiling,boiled,boiled,,
bold,adj.,"大胆的,勇敢的;冒失的;黑体的,粗体的",,,,,,,,,,,,,
bolt,n.,"螺栓,(门,窗的)插销",v.,"闩(门),关窗,拴住",,,,,,,bolting,bolted,bolted,,
bomb,n.,炸弹,v.,"投弹于,轰炸",,,,,,,bombing,bombed,bombed,,
bond,n.,"结合(物),粘结(剂),联结;公债,债券,契约",,,,,,,,,,,,,
bone,n.,骨(骼),,,,,,,,,,,,,
bonus,n.,"奖金,红利",,,,,,,,,,,,,
book,n.,书，书籍,vt.,订(票，座位，房间等)，预定,,,,,,,booking,booked,booked,,
boom,v.,"迅速发展,兴旺;发出隆隆声",,,,,,,,,booming,boomed,boomed,,
boost,n.,/,vt.,提升；增加；抬高（价格）；支援,,,,,,,boosting,boosted,boosted,,
boot,n.,靴；(汽车后部的)行李箱；[the-]解雇,,,,,,,,,,,,,
booth,n.,"电话亭,货摊",,,,,,,,,,,,,
border,n.,"边界,国界;边(沿)",v.,"交界,与…接壤;接近",,,,,,,bordering,bordered,bordered,,
bore,v.,"钻(孔),挖(洞);烦扰",n.,"讨厌的人,麻烦事",,,,,,,boring,bored,bored,,
born,adj.,出生的，产生的；天生的，十足的,,,,,,,,,,,,,
borrow,vt.,借，借入；(思想、文字等)采用，抄袭,,,,,,,,,borrowing,borrowed,borrowed,,
bosom,n.,胸，胸部；胸怀；内心,adj.,亲密的,,,,,,,,,,,
boss,n.,老板，上司,vt.,指挥，控制，发号施令,,,,,,,bossing,bossed,bossed,,
both,prep.,两者(都)，双方(都）,adj.,两个(都),,,,,,,,,,,
bother,vt.,打扰，麻烦,vi.,担心，烦恼,n.,烦恼，焦急,,,,,bothering,bothered,bothered,,
bottle,n.,瓶(子),v.,装瓶,,,,,,,bottling,bottled,bottled,,
bottom,n.,"底(部);基础,根基;海底,湖底,河床",,,,,,,,,,,,,
bounce,n.&vi.,"(球)弹起,弹回；弹起,跳起",n.,弹力,,,,,,,bouncing,bounced,bounced,,
bound,v.&n.,跳(跃),adj.,被束缚的，一定的,n.,界限,,,,,bounding,bounded,bounded,,
boundary,n.,"分界线,边界",,,,,,,,,,,,,
bow,v.&n.,"鞠躬,点头",n.,弓(形);蝴蝶结,,,,,,,bowing,bowed,bowed,,
bowel,n.,肠；［pl.］内部，深处,,,,,,,,,,,,,
bowl,n.,"碗(状物),钵",,,,,,,,,,,,,
bowling,n.,保龄球运动,,,,,,,,,,,,,
box,n.,盒，箱；包厢,v.,把…装箱；拳击，打耳光,,,,,,,boxing,boxed,boxed,,
boy,n.,男孩子，儿子；男性服务员,,,,,,,,,,,,,
boycott,n.&v.,"(联合)抵制,拒绝参与",,,,,,,,,boycotting,boycotted,boycotted,,
brace,v.,"使防备;支撑;使(手,足,肩等)绷紧",n.,托架,,,,,,,bracing,braced,braced,,
bracket,n.,(方)括号,,,,,,,,,,,,,
brain,n.,"(大)脑,骨髓;(pl.)脑力,智能",,,,,,,,,,,,,
brake,v.&n.,"制动(器),闸,刹车",,,,,,,,,braking,braked,braked,,
branch,n.,"(树)条,分支;分店;(学科)分科,部门;支流",,,,,,,,,,,,,
brand,n.,"商标,标记,牌子",v.,"使铭记;打火印,打烙印",,,,,,,branding,branded,branded,,
brandy,n.,白兰地酒,,,,,,,,,,,,,
brass,n.,"黄铜,铜器",,,,,,,,,,,,,
brave,adj.,勇敢的,v.,勇敢地面对(危险等),,,,,,,braving,braved,braved,,
breach,n.,违反，不履行；破裂,vt.,冲破，攻破,,,,,,,breaching,breached,breached,,
bread,n.,面包,,,,,,,,,,,,,
breadth,n.,"宽度,幅",,,,,,,,,,,,,
break,vt.,打破；中止；违反,vi.,破(裂),n.,休息时间,,,,,breaking,broke,broken,,
breakdown,n.,崩溃；衰竭；(关系、计划或讨论等的)中断,,,,,,,,,,,,,
breakfast,n.,早餐,v.,(给某人)吃早餐,,,,,,,breakfasting,breakfasted,breakfasted,,
breast,n.,"胸膛,乳房",,,,,,,,,,,,,
breath,n.,"呼吸,气息",,,,,,,,,,,,,
breathe,v.,"呼吸,吸入",,,,,,,,,breathing,breathed,breathed,,
breed,v.,"(使)繁殖,生殖;产生;教养,抚养",n.,品种,,,,,,,breeding,bred,bred,,
breeze,n.,微风；轻而易举的事,vi.,来去匆匆，急速走,,,,,,,breezing,breezed,breezed,,
bribe,n.,贿赂,v.,"向…行贿,买通",,,,,,,bribing,bribed,bribed,,
brick,n.,砖块，砖,v.,用砖围砌，用砖填补,,,,,,,bricking,bricked,bricked,,
bride,n.,新娘,,,,,,,,,,,,,
bridge,n.,桥；桥牌；鼻梁,vt.,架桥；渡过,,,,,,,bridging,bridged,bridged,,
brief,adj.,"简短的,简洁的",v.,"简短介绍,简要汇报",,,,,,,briefing,briefed,briefed,,
briefcase,n.,手提箱，公事皮包,,,,,,,,,,,,,
bright,adj.,"明亮的,辉煌的;聪明的;欢快的,美好的",,,,,,,,,,,,,
brilliant,adj.,"光辉的,灿烂的;卓越的,有才华的",,,,,,,,,,,,,
brim,n.,"边缘,帽沿",,,,,,,,,,,,,
bring,v.,拿来，带来；产生，引起；使处于某种状态,,,,,,,,,bringing,brought,brought,,
brisk,adj.,轻快的;生气勃勃的;兴隆的,,,,,,,,,,,,,
brittle,adj.,易碎的；脆弱的；冷淡的；(声音)尖利的,,,,,,,,,,,,,
broad,adj.,"宽的,广阔的;广大的;宽宏的,豁达的",,,,,,,,,,,,,
broadcast,v.&n.,广播(节目),,,,,,,,,broadcasting,broadcast/broadcasted,broadcast/broadcasted,,
brochure,n.,小册子,,,,,,,,,,,,,
bronze,n.,青铜；青铜色，古铜色；青铜制品，铜牌,,,,,,,,,,,,,
brook,n.,小溪,vt.,[常用于否定句或疑问句]容忍,,,,,,,brooking,brooked,brooked,,
broom,n.,扫帚,,,,,,,,,,,,,
brother,n.,兄弟;同胞;教友,,,,,,,,,,,,,
brow,n.,眉(毛);额,,,,,,,,,,,,,
brown,n.&adj.,"褐色(的),棕色(的)",,,,,,,,,,,,,
browse,vi.,随意翻阅，浏览；(牛、羊等)吃草,,,,,,,,,browsing,browsed,browsed,,
bruise,n.,青肿，挫伤；伤痕,vt.,打青；挫伤,,,,,,,bruising,bruised,bruised,,
brush,n.,"刷(子),毛刷;画笔",v.,"刷,擦,掸,拂;掠过",,,,,,,brushing,brushed,brushed,,
brutal,adj.,残忍的;严峻的;严酷的,,,,,,,,,,,,,
bubble,n.,"泡,水泡,气泡",v.,"冒泡,起泡,沸腾",,,,,,,bubbling,bubbled,bubbled,,
bucket,n.,"水桶,吊桶",,,,,,,,,,,,,
bud,n.,"芽,花苞",v.,"发芽,含苞欲放",,,,,,,budding,budded,budded,,
budget,n.,预算,v.,做预算,,,,,,,budgeting,budgeted,budgeted,,
buffet,n.,自助餐,,,,,,,,,,,,,
bug,n.,臭虫;小毛病;窃听器,v.,窃听,,,,,,,bugging,bugged,bugged,,
build,vt.,建造，建筑；建设，建立,vi.,增大，增强,,,,,,,building,built,built,,
building,n.,建筑(物)，房屋，大楼 [同]structure,,,,,,,,,,,,,
bulb,n.,"灯泡,球状物",,,,,,,,,,,,,
bulk,n.,"体积,容积;主体,大批,大量,大块",,,,,,,,,,,,,
bull,n.,公牛,,,,,,,,,,,,,
bullet,n.,"子弹,枪弹",,,,,,,,,,,,,
bulletin,n.,"公报,公告,告示",,,,,,,,,,,,,
bully,n.,恃强欺弱者，小流氓,vt.,威胁，欺侮,,,,,,,bullying,bullied,bullied,,
bump,v.,"(against,into)碰;颠簸着前进",n.,碰撞,,,,,,,bumping,bumped,bumped,,
bunch,n.,"(一)簇,束,捆,串",,,,,,,,,,,,,
bundle,n.,"捆,包,束",,,,,,,,,,,,,
burden,n.,担子，重担，负担,vt.,给予负担或麻烦,,,,,,,burdening,burdened,burdened,,
bureau,n.,"署,局,司,处",,,,,,,,,,,,,
bureaucracy,n.,官僚主义，官僚机构；(非民选的)委任官员,,,,,,,,,,,,,
burglar,n.,(入室行窃的)盗贼,,,,,,,,,,,,,
burn,v.,燃烧，烧着；烧毁；灼伤,n.,烧伤，灼伤,,,,,,,burning,burnt/burned,burnt/burned,,
burst,v.,"爆裂,炸破;突然发生",n.,"突然破裂,爆发",,,,,,,bursting,burst,burst,,
bury,v.,"埋(葬),安葬;埋藏,遮盖",,,,,,,,,burying,buried,buried,,
bus,n.,公共汽车，总线，信息通路,,,,,,,,,,,,,
bush,n.,灌木(丛),,,,,,,,,,,,,
business,n.,"商业,生意;事务,业务,职责",,,,,,,,,,,,,
busy,adj.,忙，忙碌的；热闹的，繁忙的；(电话)占线,,,,,,,,,,,,,
but,conj.,但是,prep.,除…以外,adv.,只，才，仅仅,,,,,,,,,
butcher,n.,"屠夫,卖肉者",,,,,,,,,,,,,
butter,n.,"黄油,奶油",v.,涂黄油于…上,,,,,,,buttering,buttered,buttered,,
butterfly,n.,蝴蝶,,,,,,,,,,,,,
button,n.,"纽扣,按钮(开关)",v.,扣紧;扣上纽扣,,,,,,,buttoning,buttoned,buttoned,,
buy,vt.,买，买得；向…行贿，收买,vi.,购买东西,,,,,,,buying,bought,bought,,
buzz,n.,嗡嗡声；传闻，热议,v.,发出嗡嗡声；热议,,,,,,,buzzing,buzzed,buzzed,,非大纲单词
by,prep.,被；凭借；经由；由于,adv.,在近旁；经过,,,,,,,,,,,
bypass,n.,(by-pass)旁道,vt.,绕过,,,,,,,bypassing,bypassed,bypassed,,
cab,n.,出租车，出租马车；驾驶室,vi.,乘出租马车,,,,,,,cabbing,cabbed,cabbed,,
cabbage,n.,"洋白菜,卷心菜",,,,,,,,,,,,,
cabin,n.,"客舱,机舱;小(木)屋",,,,,,,,,,,,,
cabinet,n.,内阁，内阁会议；(带玻璃门存物品的)橱柜,,,,,,,,,,,,,
cable,n.,"电报;电缆;缆,索,钢丝绳",v.,拍电报,,,,,,,cabling,cabled,cabled,,
cafe,n.,"咖啡馆,(小)餐馆",,,,,,,,,,,,,
cafeteria,n.,自助食堂,,,,,,,,,,,,,
cage,n.,鸟笼,,,,,,,,,,,,,
cake,n.,饼，糕，蛋糕；扁平的块状物,,,,,,,,,,,,,
calcium,n.,钙(化学符号 Ca),,,,,,,,,,,,,
calculate,v.,"计算,推算;计划,打算",,,,,,,,,calculating,calculated,calculated,,
calendar,n.,"日历,月历",,,,,,,,,,,,,
call,vt.,叫，喊；打电话,vi.,叫；访问,n.,叫；号召,,,,,calling,called,called,,
calm,adj.,"(天气,海洋等)静的",n.,平静,v.,(使)平静,,,,,calming,calmed,calmed,,
calorie,n.,卡路里(食物所产生的热量或能量单位),,,,,,,,,,,,,
camel,n.,骆驼,,,,,,,,,,,,,
camera,n.,"照相机,摄影机",,,,,,,,,,,,,
camp,n.,"野营,营地;帐篷,阵营",v.,"设营,宿营",,,,,,,camping,camped,camped,,
campaign,n.,战役;运动,,,,,,,,,,,,,
campus,n.,(大学)校园,,,,,,,,,,,,,
can,aux.,v.能；可以,n.,罐头；容器,vt.,把…装罐,,,,,,,,,
canal,n.,运河;(沟)渠,,,,,,,,,,,,,
cancel,v.,"取消,把…作废;删去,划掉",,,,,,,,,cancelling,cancelled,cancelled,,
cancer,n.,癌,,,,,,,,,,,,,
candidate,n.,"候选人,候补者;报考者",,,,,,,,,,,,,
candle,n.,蜡烛,,,,,,,,,,,,,
candy,n.,糖果,,,,,,,,,,,,,
cannon,n.,"大炮,火炮",,,,,,,,,,,,,
canoe,n.,"独木舟,小游艇",,,,,,,,,,,,,
canteen,n.,(工厂、办公室等)食堂或小卖部,,,,,,,,,,,,,
canvas,n.,帆布；帆布画布，(帆布)油画,,,,,,,,,,,,,
cap,n.,"便帽,军帽;盖,罩,套",v.,覆盖于…顶端,,,,,,,capping,capped,capped,,
capability,n.,能力，才能；性能,,,,,,,,,,,,,非大纲单词
capable,adj.,"有本领的,有能力的;(of)可以…的,能…的",,,,,,,,,,,,,
capacity,n.,"容量,容积;能量,能力;接受力",,,,,,,,,,,,,
cape,n.,海角，岬；披肩，短披风,,,,,,,,,,,,,
capital,n.,首都;大写字母;资本,adj.,"主要的,大写字母的",,,,,,,,,,,
capitalism,n.,资本主义,,,,,,,,,,,,,
capsule,n.,胶囊;太空舱,,,,,,,,,,,,,
captain,n.,"首领,队长;船长;上尉",v.,"做…的首领,指挥",,,,,,,captaining,captained,captained,,
captive,n.,俘虏,adj.,"被俘虏的,被监禁的",,,,,,,,,,,
capture,v.&n.,"捕获,俘虏;夺得,攻占",,,,,,,,,capturing,captured,captured,,
car,n.,汽车，车辆，车；(火车)车厢,,,,,,,,,,,,,
carbohydrate,n.,碳水化合物; 糖类；(plural)淀粉质或糖类,,,,,,,,,,,,,
carbon,n.,碳,,,,,,,,,,,,,
card,n.,"卡片,名片;纸牌;纸片",,,,,,,,,,,,,
cardinal,n.,(天主教的)红衣主教,adj.,首要的，基本的,,,,,,,,,,,
care,n.,"小心;关怀,照料",v.,"(about)关心,介意,计较",,,,,,,caring,cared,cared,,
career,n.,(个人的)事业；专业，生涯，职业，经历,,,,,,,,,,,,,
careful,adj.,"小心的,仔细的;细致的,精心的",,,,,,,,,,,,,
caress,vt.,／,n.,爱抚，抚摸,,,,,,,caressing,caressed,caressed,,
cargo,n.,"船货,货物",,,,,,,,,,,,,
carpenter,n.,"木工,木匠",,,,,,,,,,,,,
carpet,n.,地毯,,,,,,,,,,,,,
carriage,n.,(四轮)马车;(火车)客车厢,,,,,,,,,,,,,
carrier,n.,搬运人;载体,,,,,,,,,,,,,
carrot,n.,胡萝卜,,,,,,,,,,,,,
carry,v.,"运送,搬运;传送,传播;领,带",,,,,,,,,carrying,carried,carried,,
cart,n.,"(二轮货运)马车,手推车",,,,,,,,,,,,,
cartoon,n.,"漫画,幽默画;动画片",,,,,,,,,,,,,
carve,v.,(雕)刻,,,,,,,,,carving,carved,carved,,
case,n.,"箱,盒,容器;情况,事实;病例;案件",,,,,,,,,,,,,
cash,n.,"现金,现款",v.,"兑现,付(或收)现款",,,,,,,cashing,cashed,cashed,,
cashier,n.,"收银员,出纳员",,,,,,,,,,,,,
cassette,n.,盒子;盒式磁带,,,,,,,,,,,,,
cast,v.,"投,扔,掷,抛；铸造；投票",n.,演员表,,,,,,,casting,cast,cast,,
castle,n.,城堡；(国际象棋中的)车,,,,,,,,,,,,,
casual,adj.,"偶然的,碰巧的;临时的,非正式的",,,,,,,,,,,,,
casualty,n.,伤亡人员；受害人；损失的东西；急诊室,,,,,,,,,,,,,
cat,n.,猫；猫科,,,,,,,,,,,,,
catalog,n.,（catalogue）目录(册),v.,编目(录),,,,,,,cataloging,cataloged,cataloged,,
catastrophe,n.,大灾难；(悲剧)结局,,,,,,,,,,,,,
catch,v.,"捕捉,捕获;赶上;感染;理解,听到",,,,,,,,,catching,caught,caught,,
category,n.,种类，部属，类目；范畴，类型,,,,,,,,,,,,,
cater,vi.,"(for/to)满足,迎合;(for)提供饮食及服务",,,,,,,,,catering,catered,catered,,
cathedral,n.,大教堂,,,,,,,,,,,,,
Catholic,adj.,天主教的,n.,天主教徒,,,,,,,,,,,
cattle,n.,"牛;牲口,家畜",,,,,,,,,,,,,
cause,n.,"原因;事业,事件,奋斗目标",v.,"使产生,引起",,,,,,,causing,caused,caused,,
caution,n.,谨慎；注意(事项)，警告,vt.,劝…小心,,,,,,,cautioning,cautioned,cautioned,,
cautious,adj.,"(of)小心的,谨慎的",,,,,,,,,,,,,
cave,n.,"洞,穴",,,,,,,,,,,,,
cease,v.&n.,"停止,中止",,,,,,,,,ceasing,ceased,ceased,,
ceiling,n.,天花板；(规定价格、工资等的)最高限额,,,,,,,,,,,,,
celebrate,vt.,庆祝；颂扬，赞美,vi.,庆祝，过节,,,,,,,celebrating,celebrated,celebrated,,
celebrity,n.,名人，名流；著名，名声，名望,,,,,,,,,,,,,
cell,n.,细胞;小房间;蜂房;电池,,,,,,,,,,,,,
cellar,n.,"地窑,地下室",,,,,,,,,,,,,
cement,n.,"水泥;胶泥,胶接剂",v.,"胶合;巩固,加强",,,,,,,cementing,cemented,cemented,,
cemetery,n.,坟墓，墓地，坟场,,,,,,,,,,,,,
census,n.,人口普查(调查),,,,,,,,,,,,,
cent,n.,分(币);百 per cent 百分之,,,,,,,,,,,,,
centigrade,n.&adj.,摄氏温度计(的);百分度(的),,,,,,,,,,,,,
centimetre,n.,(centimeter)厘米,,,,,,,,,,,,,
central,adj.,"中心的,中央的,中枢的;主要的",,,,,,,,,,,,,
centre,n.,中心，中央，中间,vt.,集中,vi.,以…为中心,,,,,centring,centred,centred,,
century,n.,"世纪,(一)百年",,,,,,,,,,,,,
cereal,n.,加工而成的谷类食物；谷类植物，谷物,,,,,,,,,,,,,
ceremony,n.,"典礼,仪式;礼节,礼仪",,,,,,,,,,,,,
certain,adj.,"某,某一,某些;(of)一定的,确信的,可靠的",,,,,,,,,,,,,
certainly,adv.,"一定,必定,无疑;当然,行",,,,,,,,,,,,,
certainty,n.,"必然,肯定;必然的事",,,,,,,,,,,,,
certificate,n.,"证(明)书,执照",,,,,,,,,,,,,
certify,vt.,证明，证实；发证书(或执照)给,,,,,,,,,certifying,certified,certified,,
chain,n.,链(条);(pl.)镣铐;一连串,v.,用链条拴住,,,,,,,chaining,chained,chained,,
chair,n.,椅子；(会议的)主席,vt.,当…的主席，主持,,,,,,,chairing,chaired,chaired,,
chairman,n.,"主席,议长,会长,董事长",,,,,,,,,,,,,
chalk,n.,"粉笔,白垩",,,,,,,,,,,,,
challenge,n.,"挑战(书);艰巨任务,难题",v.,向…挑战,,,,,,,challenging,challenged,challenged,,
chamber,n.,房间，室；会议室；议院；(动物体内)腔室,,,,,,,,,,,,,
champagne,n.,香槟酒；微黄色,,,,,,,,,,,,,
champion,n.,"冠军,得胜者;拥护者,斗士",,,,,,,,,,,,,
chance,n.,"机会;可能性;偶然性,运气",v.,"碰巧,偶然发生",,,,,,,chancing,chanced,chanced,,
chancellor,n.,(英)大臣；法官；(德、奥)总理；大学校长,,,,,,,,,,,,,
change,n.,"改变,变化;零钱",v.,"更换,调换,交换;改变",,,,,,,changing,changed,changed,,
channel,n.,"海峡,水道;信道,波道;路线,途径",,,,,,,,,,,,,
chaos,n.,"混乱,紊乱",,,,,,,,,,,,,
chap,n.&v.,(皮肤)变粗糙；发痛,n.,小伙子,,,,,,,chapping,chapped,chapped,,
chapter,n.,章；回，篇,,,,,,,,,,,,,
character,n.,"性格,品质,特性;人物,角色;字符,(汉)字",,,,,,,,,,,,,
characteristic,adj.,"(of)特有的,独特的",n.,"特征,特性",,,,,,,,,,,
characterize,v.,(characterise)表示…的特性;描述…特性,,,,,,,,,characterizing,characterized,characterized,,
charge,v.,索(价);控告;充电,n.,"(pl.)费用,代价;电荷",,,,,,,charging,charged,charged,,
charity,n.,"慈善(团体),仁慈,施舍",,,,,,,,,,,,,
charm,n.,"吸引力,魅力",v.,"迷人,(使)陶醉;施魔法于",,,,,,,charming,charmed,charmed,,
chart,n.,图表；航海图；航行图,vt.,绘图表，制图表,,,,,,,charting,charted,charted,,
charter,v.,"租船,租车,租用飞机",n.,宪章，特许状,,,,,,,chartering,chartered,chartered,,
chase,v.&n.,"追逐,追求",,,,,,,,,chasing,chased,chased,,
chat,v.&n.,"闲谈,聊天",,,,,,,,,chatting,chatted,chatted,,
cheap,adj.,"便宜的;低劣的,不值钱的",,,,,,,,,,,,,
cheat,v.,欺骗;作弊,n.,"骗子;欺诈,欺骗行为",,,,,,,cheating,cheated,cheated,,
cheek,n.,"面颊,脸",,,,,,,,,,,,,
cheer,v.,"(使)振奋,(使)高兴",v.&n.,"喝彩,欢呼",,,,,,,cheering,cheered,cheered,,
cheerfulness,n.,愉快，高兴，乐观,,,,,,,,,,,,,非大纲单词
cheese,n.,"干酪,乳酪",,,,,,,,,,,,,
chef,n.,(餐馆等的)厨师长，厨师,,,,,,,,,,,,,
chemical,adj.,化学的,n.,"(pl.)化学制品,化学药品",,,,,,,,,,,
chemist,n.,化学家;药剂师,,,,,,,,,,,,,
chemistry,n.,化学,,,,,,,,,,,,,
cheque,n.,"(check)支票,空白支票;总收入",,,,,,,,,,,,,
cherish,vt.,抱有，怀有(希望等)；爱护，抚育；珍爱,,,,,,,,,cherishing,cherished,cherished,,
cherry,n.,樱桃(树),,,,,,,,,,,,,
chess,n.,棋，国际象棋,,,,,,,,,,,,,
chest,n.,"胸腔,胸膛;箱,柜",,,,,,,,,,,,,
chew,v.,咀嚼;思量,,,,,,,,,chewing,chewed,chewed,,
chicken,n.,鸡肉；鸡，小鸡，小鸟,,,,,,,,,,,,,
chief,adj.,"主要的,首要的",n.,"首领,领袖",,,,,,,,,,,
child,n.,([pl.] children)小孩，儿童，儿女,,,,,,,,,,,,,
childhood,n.,"幼年,童年",,,,,,,,,,,,,
chill,n.,"寒冷,寒气,寒战",v.,使寒冷,,,,,,,chilling,chilled,chilled,,
chimney,n.,烟囱,,,,,,,,,,,,,
chin,n.,"下巴,颏",,,,,,,,,,,,,
china,n.,瓷器,,,,,,,,,,,,,
chip,n.,"切屑,碎片;(土豆等的)薄片;集成电路块",,,,,,,,,,,,,
chocolate,n.,"巧克力(糖),赭色",,,,,,,,,,,,,
choice,n.,"选择(机会),抉择,选择项;入选者",adj.,精选的,,,,,,,,,,,
choke,v.,"窒息,噎住;闷塞,堵塞,阻塞",,,,,,,,,choking,choked,choked,,
choose,v.,"选择,挑选;甘愿",,,,,,,,,choosing,chose,chosen,,
chop,v.,"砍,劈,斩",n.,"排骨,肉块",,,,,,,chopping,chopped,chopped,,
chorus,n.,合唱队;合唱,v.,"异口同声地说,随声附和",,,,,,,chorusing,chorused,chorused,,
Christ,n.,基督，救世主，耶稣,,,,,,,,,,,,,
Christian,n.,基督教徒,adj.,基督教徒的,,,,,,,,,,,
Christmas,n.,圣诞节,,,,,,,,,,,,,
chronic,adj.,"(疾病)慢性的;积习难改的;严重的,坏的",,,,,,,,,,,,,
church,n.,"教堂；教会,教派；（宗教的）礼拜仪式",,,,,,,,,,,,,
cigar,n.,雪茄烟,,,,,,,,,,,,,
cigaret,n.,"(cigarette)香烟,纸烟,卷烟",,,,,,,,,,,,,
cinema,n.,"电影院;电影,影片",,,,,,,,,,,,,
circle,n.,"圆,圆周;集团;周期,循环",v.,"环绕,旋转",,,,,,,circling,circled,circled,,
circuit,n.,"环行,周线,巡回;电路,线路",,,,,,,,,,,,,
circular,adj.,"圆(形)的,环形的;循环的",n.,"传单,通报",,,,,,,,,,,
circulate,v.,"(使)循环,(使)流通",,,,,,,,,circulating,circulated,circulated,,
circumference,n.,"圆周,周围",,,,,,,,,,,,,
circus,n.,"马戏团,杂技团;马戏场,杂技场",,,,,,,,,,,,,
citation,n.,引用，引文；嘉奖；（法律）传票,,,,,,,,,,,,,非大纲单词
cite,v.,"引用,引证,举(例)",,,,,,,,,citing,cited,cited,,
citizen,n.,"公民;市民,居民",,,,,,,,,,,,,
city,n.,城市；都市；市,,,,,,,,,,,,,
civil,adj.,"公民的,市民的;民间的;民用的;有礼貌的",,,,,,,,,,,,,
civilian,n.,平民,adj.,平民的;民用的,,,,,,,,,,,
civilization,n.,"(=civilisation)文明,文化",,,,,,,,,,,,,
civilize,v.,"(=civilise)使文明,开化",,,,,,,,,civilizing,civilized,civilized,,
claim,v.,要求;声称;索赔,n.,要求;断言;索赔;权利,,,,,,,claiming,claimed,claimed,,
clap,v.,"拍手,拍,轻拍",n.,"拍(手),掌声,霹雳声",,,,,,,clapping,clapped,clapped,,
clarify,v.,"澄清,阐明",,,,,,,,,clarifying,clarified,clarified,,
clarity,n.,"清晰,明晰",,,,,,,,,,,,,
clash,v.&n.,碰撞,n.,碰撞声,,,,,,,clashing,clashed,clashed,,
clasp,n.,"扣子,钩子;握手",v.,"扣住,钩住;紧握,紧抱",,,,,,,clasping,clasped,clasped,,
class,n.,班级，年级；种类，等级，阶级；(一节)课,,,,,,,,,,,,,
classic,n.,"(pl.)杰作,名著",adj.,"第一流的,不朽的",,,,,,,,,,,
classical,adj.,"经典的,古典(文学)的",,,,,,,,,,,,,
classification,n.,"分类,分级",,,,,,,,,,,,,
classify,v.,"分类,分等(级)",,,,,,,,,classifying,classified,classified,,
classmate,n.,同班同学,,,,,,,,,,,,,
classroom,n.,教室，课堂,,,,,,,,,,,,,
clause,n.,"(正式文件或法律文件的)条款;从句,分句",,,,,,,,,,,,,
claw,n.,"爪,脚爪",,,,,,,,,,,,,
clay,n.,"粘土,泥土",,,,,,,,,,,,,
clean,adj.,清洁的，干净的,v.,"除去…污垢,把…弄干净",,,,,,,cleaning,cleaned,cleaned,,
clear,adj.&adv.,清晰的(地),vt.,清除；使清楚,vi.,变清澈,,,,,clearing,cleared,cleared,,
clergy,n.,[总称]牧师，神职人员,,,,,,,,,,,,,
clerk,n.,"职员,办事员;店员",,,,,,,,,,,,,
clever,adj.,"聪明的,伶俐的,机敏的,精巧的",,,,,,,,,,,,,
click,n.,滴答声,vi.,发出滴答声,,,,,,,clicking,clicked,clicked,,
client,n.,律师等的当事人，委托人；商店的顾客,,,,,,,,,,,,,
cliff,n.,悬崖;峭壁,,,,,,,,,,,,,
climate,n.,"气候;风气,社会思潮",,,,,,,,,,,,,
climax,n.,"顶点,高潮",,,,,,,,,,,,,
climb,v.&n.,"攀登,爬",,,,,,,,,climbing,climbed,climbed,,
cling,v.,(to)粘住;依附;坚持,,,,,,,,,clinging,clung,clung,,
clinic,n.,诊所,,,,,,,,,,,,,
clip,v.,"剪,修剪;钳,夹住",n.,"夹,钳;回形针",,,,,,,clipping,clipped,clipped,,
cloak,n.,斗蓬，披风；掩饰，幌子,vt.,掩盖，掩饰,,,,,,,cloaking,cloaked,cloaked,,
clock,n.,钟,vt.,记录(时间、速度等)，为…计时,,,,,,,clocking,clocked,clocked,,
clockwise,adj.,顺时针方向,,,,,,,,,,,,,
clone,n.,无性繁殖，克隆；复制品,v.,克隆,,,,,,,cloning,cloned,cloned,,
close,v.&n.,关；结束,adj.&adv.,近的(地)；紧密的(地),,,,,,,closing,closed,closed,,
closet,n.,(壁)橱,adj.,私下的,vt.,把…引进密室会谈,,,,,closeting,closeted,closeted,,
cloth,n.,"(一块)布,织物,衣料",,,,,,,,,,,,,
clothe,v.,"(给…)穿衣,供给…衣服",,,,,,,,,clothing,clothed,clothed,,
clothes,n.,衣服(虽为复数，亦不可数),,,,,,,,,,,,,
clothing,n.,"服装,被褥",,,,,,,,,,,,,
cloud,n.,"云(状物);遮暗物,阴影;一大群",,,,,,,,,,,,,
cloudy,adj.,"多云的,阴(天)的;混浊的,模糊的",,,,,,,,,,,,,
club,n.,"俱乐部,夜总会;社团;棍棒,球棒",,,,,,,,,,,,,
clue,n.,"线索,暗示",,,,,,,,,,,,,
clumsy,adj.,"笨拙的,愚笨的",,,,,,,,,,,,,
cluster,n.,"丛,群,串",v.,"群集,丛生",,,,,,,clustering,clustered,clustered,,
clutch,v.,"抓住,攫住,掌握",n.,离合器,,,,,,,clutching,clutched,clutched,,
coach,n.,长途公共汽车；教练,vt.,训练，指导，培训,,,,,,,coaching,coached,coached,,
coal,n.,"煤,煤块",,,,,,,,,,,,,
coalition,n.,结合体，同盟；结合，联合,,,,,,,,,,,,,
coarse,adj.,"粗糙的,粗劣的;粗鲁的,粗俗的",,,,,,,,,,,,,
coast,n.,"海岸,海滨",,,,,,,,,,,,,
coat,n.,"上衣，外套；表皮；层,覆盖物",v.,涂(盖)上,,,,,,,coating,coated,coated,,
cocaine,n.,可卡因，古柯碱（用作局部麻醉剂）,,,,,,,,,,,,,
cock,n.,"公鸡,雄鸡;龙头,开关",,,,,,,,,,,,,
code,n.,"代码,代号,密码;法典,法规,规划",,,,,,,,,,,,,
coexistence,n.,共存，共处,,,,,,,,,,,,,非大纲单词
coffee,n.,咖啡(色),,,,,,,,,,,,,
cognitive,adj.,认知的，认识能力的,,,,,,,,,,,,,
coherent,adj.,一致的，协调的；(话语等)条理清楚的,,,,,,,,,,,,,
cohesive,adj.,粘合性的，有结合力的,,,,,,,,,,,,,
coil,v.,"卷,盘绕",n.,"(一)卷,(一)圈;线圈,绕组",,,,,,,coiling,coiled,coiled,,
coin,n.,"硬币,货币",v.,"铸造(硬币),创造(新词)",,,,,,,coining,coined,coined,,
coincide,vi.,同时发生；巧合；一致；相符,,,,,,,,,coinciding,coincided,coincided,,
coincidence,n.,巧合；同时发生，共同存在；符合，一致,,,,,,,,,,,,,
coincident,adj.,同时发生的，巧合的；一致的,,,,,,,,,,,,,非大纲单词
coke,n.,焦炭；可口可乐（COCA-COLA）的缩写,,,,,,,,,,,,,
cold,adj.,冷的，寒冷的；冷淡的,n.,冷，寒冷；伤风,,,,,,,,,,,
collaborate,vi.,协作，合作；(与敌人)勾结,,,,,,,,,collaborating,collaborated,collaborated,,
collapse,v.&n.,倒塌；崩溃；(价格)暴跌；倒闭，破产,,,,,,,,,collapsing,collapsed,collapsed,,
collar,n.,衣领;环状物,,,,,,,,,,,,,
colleague,n.,"同事,同僚",,,,,,,,,,,,,
collect,v.,"收集,搜集;领取,接走;收(税等);聚集,堆积",,,,,,,,,collecting,collected,collected,,
collection,n.,"收藏(品),收集(物)",,,,,,,,,,,,,
collective,n.,集体,adj.,"集体的,共同的",,,,,,,,,,,
college,n.,"学院,高等专科学校,大学",,,,,,,,,,,,,
collide,vi.,[with]互撞，碰撞；冲突，抵触,,,,,,,,,colliding,collided,collided,,
collision,n.,碰撞；(利益，意见等的)冲突，抵触,,,,,,,,,,,,,
colonel,n.,(陆军)上校,,,,,,,,,,,,,
colonial,adj.,殖民地的，关于殖民的,n.,殖民地居民,,,,,,,,,,,
colony,n.,殖民地；侨民；聚居区；(动植物的)群体,,,,,,,,,,,,,
color,n.,(=colour)颜色；颜料；肤色,v.,给…着色,,,,,,,coloring,colored,colored,,
column,n.,"圆柱,柱状物;列;(报刊中的)专栏",,,,,,,,,,,,,
comb,n.,梳子,v.,梳(理),,,,,,,combing,combed,combed,,
combat,v.&n.,"战斗,搏斗,格斗",,,,,,,,,combating,combated,combated,,
combination,n.,结合，联合；化合；团体；组合数码,,,,,,,,,,,,,
combine,v.,联合；结合；化合,n.,集团；联合企业,,,,,,,combining,combined,combined,,
come,v.,来；出现于，产生；是，成为；开始，终于,,,,,,,,,coming,came,come,,
comedy,n.,喜剧;喜剧性事件,,,,,,,,,,,,,
comfort,n.,舒适，安逸；安慰，慰问,v.,安慰，使舒适,,,,,,,comforting,comforted,comforted,,
comfortable,adj.,舒适的，舒服的；感到舒适的，安逸的,,,,,,,,,,,,,
comic,adj.,喜剧的，滑稽的,n.,连环漫画杂志；喜剧演员,,,,,,,,,,,
command,n.&v.,命令，指挥，控制,n.,掌握，运用能力,,,,,,,commanding,commanded,commanded,,
commemorate,vt.,纪念，庆祝,,,,,,,,,commemorating,commemorated,commemorated,,
commence,vt.,开始,vi.,获得学位,,,,,,,commencing,commenced,commenced,,
commend,v.,称赞，表扬：委托保管；推荐,,,,,,,,,commending,commended,commended,,
comment,n.,"注释,评论,意见",v.,"(on)注释,评论",,,,,,,commenting,commented,commented,,
commerce,n.,商业，贸易；交际，交往,,,,,,,,,,,,,
commercial,adj.,商业的；商务的；可获利的,n.,广告节目,,,,,,,,,,,
commission,n.,"委员会;委任,委托(书),代办;佣金,手续费",,,,,,,,,,,,,
commit,v.,"把…交托给,提交;犯(错误),干(坏事)",,,,,,,,,committing,committed,committed,,
committee,n.,"委员会,全体委员",,,,,,,,,,,,,
commodity,n.,(pl.)日用品；商品；农/矿产品；有用之物,,,,,,,,,,,,,
common,adj.,普通的；共同的；一般的,n.,公有地,,,,,,,,,,,
commonplace,adj.,普通的，平庸的,n.,寻常的事物，平庸的东西,,,,,,,,,,,
commonwealth,n.,"共和国,联邦,共同体",,,,,,,,,,,,,
communicate,v.,"传达,传送;交流;通讯,通话",,,,,,,,,communicating,communicated,communicated,,
communication,n.,"通讯,传达;(pl.)通讯系统;交通(工具)",,,,,,,,,,,,,
communism,n.,共产主义,,,,,,,,,,,,,
community,n.,"同一地区的全体居民,社会,社区;共同体",,,,,,,,,,,,,
commute,v.,"乘公交车上下班,乘车(船等)往返于两地",,,,,,,,,commuting,commuted,commuted,,
compact,adj.,"紧密的,结实的;简明的",v.,"使紧凑,压缩",,,,,,,compacting,compacted,compacted,,
companion,n.,"同伴,共事者;伴侣",,,,,,,,,,,,,
company,n.,"公司;陪伴;宾客;连(队),(一)群,队,伙",,,,,,,,,,,,,
comparable,adj.,"(with,to)可比较的,比得上的",,,,,,,,,,,,,
comparative,adj.,"比较的,相当的",,,,,,,,,,,,,
compare,vt.,(to，with)比较；(to)把…比作,vi.,相比,,,,,,,comparing,compared,compared,,
comparison,n.,"比较,对比,比喻,比拟",,,,,,,,,,,,,
compartment,n.,"卧车包房,(客车车厢内的)隔间;分隔的空间",,,,,,,,,,,,,
compass,n.,"罗盘,指南针;(pl.)圆规",,,,,,,,,,,,,
compassion,n.,同情；怜悯(for),,,,,,,,,,,,,
compatible,adj.,"能和睦相处的,合得来的;兼容的",,,,,,,,,,,,,
compel,v.,"强迫,迫使",,,,,,,,,compelling,compelled,compelled,,
compensate,v.,"(for)补偿,赔偿",,,,,,,,,compensating,compensated,compensated,,
compensation,n.,补偿(或赔偿)的款物；补偿，赔偿,,,,,,,,,,,,,
compete,vi.,比赛；竞争；对抗,,,,,,,,,competing,competed,competed,,
competent,adj.,有能力的，能胜任的；足够的,,,,,,,,,,,,,
competition,n.,竞争，比赛；角逐，较量；[总称]竞争者,,,,,,,,,,,,,
competitive,adj.,竞争的；好竞争的；(价格等的)有竞争力的,,,,,,,,,,,,,
compile,vt.,编辑，编制，搜集,,,,,,,,,compiling,compiled,compiled,,
complain,v.,"(about,of)抱怨;申诉",,,,,,,,,complaining,complained,complained,,
complaint,n.,抱怨，诉苦，怨言，控告；疾病,,,,,,,,,,,,,
complement,n.,补足物，船上的定员；补语,vt.,补充，补足,,,,,,,complementing,complemented,complemented,,
complete,adj.,"完全的,圆满的",v.,"完成,结束,使完满",,,,,,,completing,completed,completed,,
complex,adj.,"复杂的;合成的,综合的",n.,联合体,,,,,,,,,,,
complicate,v.,使…复杂；使…难懂；使（疾病等）恶化,,,,,,,,,complicating,complicated,complicated,,
complicated,adj.,"错综复杂的,麻烦的,难解的",,,,,,,,,,,,,
complication,n.,"复杂,纠纷;并发症",,,,,,,,,,,,,
compliment,n.,"(pl.)问候,致意",n.&v.,"称赞,恭维",,,,,,,complimenting,complimented,complimented,,
comply,v.,(with)遵照，照做，应允；顺从，服从,,,,,,,,,complying,complied,complied,,
component,n.,"组成部分,成分,元件",adj.,"组成的,合成的",,,,,,,,,,,
compose,v.,"组成,构成;(of)由…组成;创作(诗歌等)",,,,,,,,,composing,composed,composed,,
composite,adj.,混合成的，综合成的,n.,合成物，复合材料,,,,,,,,,,,
composition,n.,"作品,作文,乐曲;作曲;结构,组成,成分",,,,,,,,,,,,,
compound,n.,"混合物,化合物",adj.,"混合的,化合的",vt.,混合,,,,,compounding,compounded,compounded,,
comprehend,vt.,理解，领会；包含，包括,,,,,,,,,comprehending,comprehended,comprehended,,
comprehension,adj.,"理解(力),领悟；包含，包含力",,,,,,,,,,,,,
comprehensive,adj.,"内容广泛的,总括性的，综合的",,,,,,,,,,,,,
compress,vt.,压紧，压缩；(把思想、文字等)浓缩,,,,,,,,,compressing,compressed,compressed,,
comprise,vt.,包含，包括，由…组成；构成，组成,,,,,,,,,comprising,comprised,comprised,,
compromise,n.,妥协，折衷,vi.,妥协,vt.,危及，放弃(原则等),,,,,compromising,compromised,compromised,,
compulsory,adj.,必须做的，强制性的，(课程)必修的,,,,,,,,,,,,,
compute,v.&n.,"计算,估计",,,,,,,,,computing,computed,computed,,
computer,n.,"计算机,电脑;计算者",,,,,,,,,,,,,
comrade,n.,"同志,同事,同伴,朋友",,,,,,,,,,,,,
conceal,v.,"隐藏,隐瞒,隐蔽",,,,,,,,,concealing,concealed,concealed,,
concede,vt.,承认；容许；(比赛结束前)认输；退让,,,,,,,,,conceding,conceded,conceded,,
conceive,v.,"(of)设想,构思,想象;以为;怀胎,怀有",,,,,,,,,conceiving,conceived,conceived,,
concentrate,v.,"(on)集中,专心;浓缩",n.,浓缩物,,,,,,,concentrating,concentrated,concentrated,,
concentration,n.,专心，专注；集中，集结；浓度,,,,,,,,,,,,,
concept,n.,概念，观念，设想,,,,,,,,,,,,,
concern,v.,"涉及,关系到",v.&n.,关心,n.,(利害)关系,,,,,concerning,concerned,concerned,,
concerning,prep.,关于，论及,,,,,,,,,,,,,
concert,n.,"音乐会,演奏会;一齐,一致",,,,,,,,,,,,,
concession,n.,让步，妥协；特许(权),,,,,,,,,,,,,
concise,adj.,"简明的,简洁的",,,,,,,,,,,,,
conclude,v.,"结束,终止;断定,下结论;缔结,议定",,,,,,,,,concluding,concluded,concluded,,
conclusion,n.,结论，推论；结尾；缔结，议定,,,,,,,,,,,,,
concrete,adj.,"具体的,实质性的",n.,混凝土,v.,用混凝土修筑,,,,,concreting,concreted,concreted,,
condemn,v.,"谴责,指责;判刑,宣告有罪",,,,,,,,,condemning,condemned,condemned,,
condense,v.,(使)冷凝，(使)凝结；浓缩，压缩，简缩,,,,,,,,,condensing,condensed,condensed,,
condition,n.,条件，状况，环境,vt.,决定；支配；训练,,,,,,,conditioning,conditioned,conditioned,,
conduct,n.,"行为,品行",v.,引导;管理;指挥(乐队);传导,,,,,,,conducting,conducted,conducted,,
conductor,n.,管理者；(汽车)售票员；领队，指挥；导体,,,,,,,,,,,,,
confer,v.,商讨；授予，颁给(勋衔，学位等),,,,,,,,,conferring,conferred,conferred,,
conference,n.,(正式)会议；讨论，商谈,,,,,,,,,,,,,
confess,v.,供认，承认，坦白，忏悔,,,,,,,,,confessing,confessed,confessed,,
confidence,n.,"(in)信任;信心,自信;秘密,机密",,,,,,,,,,,,,
confident,n.,"(of,in)确信的,自信的",,,,,,,,,,,,,
confidential,adj.,秘(机)密的；表示信任的；担任机密工作的,,,,,,,,,,,,,
confine,vt.,限制；使不外出，禁闭,n.,[pl.]界限，范围,,,,,,,confining,confined,confined,,
confirm,v.,"使更坚固,使更坚定;(进一步)证实;确认",,,,,,,,,confirming,confirmed,confirmed,,
conflict,n.,"战斗,斗争;抵触,冲突",v.,"(with)抵触,冲突",,,,,,,conflicting,conflicted,conflicted,,
connection,n.,连接，联系；关系,,,,,,,,,,,,,非大纲单词
conscience,n.,良心，良知，道德心,,,,,,,,,,,,,非大纲单词
conservatism,n.,保守主义，守旧,,,,,,,,,,,,,非大纲单词
constituent,n.,成分，要素；选民,adj.,组成的，构成的,,,,,,,,,,,非大纲单词
constrained,adj.,受约束的，受限的；勉强的,,,,,,,,,,,,,非大纲单词
construct,v.,建造，构筑，构造,n.,构想，概念,,,,,,,constructing,constructed,constructed,,非大纲单词
construction,n.,建造，建设；建筑，建筑物；结构,,,,,,,,,,,,,非大纲单词
contain,v.,包含，容纳；控制，抑制,,,,,,,,,containing,contained,contained,,非大纲单词
continent,n.,大陆，洲,adj.,自制的，节制的,,,,,,,,,,,非大纲单词
continuity,n.,连续性，连贯性,,,,,,,,,,,,,非大纲单词
contrary,adj.,相反的，对立的,n.,相反，反面,,,,,,,,,,,非大纲单词
convince,v.,使确信，使信服；说服,,,,,,,,,convincing,convinced,convinced,,非大纲单词
convinced,adj.,确信的，深信的,,,,,,,,,,,,,非大纲单词
copious,adj.,丰富的，大量的，多产的,,,,,,,,,,,,,非大纲单词
courtship,n.,求爱，求婚；求偶,,,,,,,,,,,,,非大纲单词
creative,adj.,有创造力的，创造性的,,,,,,,,,,,,,非大纲单词
critical,adj.,批评的，批判的；关键的，危急的；挑剔的,,,,,,,,,,,,,非大纲单词
crucial,adj.,至关重要的，决定性的,,,,,,,,,,,,,非大纲单词
curb,v.,抑制，控制，约束,n.,路缘；抑制,,,,,,,curbing,curbed,curbed,,非大纲单词
decay,v.,腐烂，腐朽；衰退，衰败,n.,腐烂；衰退,,,,,,,decaying,decayed,decayed,,非大纲单词
decorate,v.,"装饰,装璜,布置",,,,,,,,,decorating,decorated,decorated,,
decoration,n.,装饰，装潢；装饰品；勋章,,,,,,,,,,,,,非大纲单词
decrease,n.,"减少,减小;减少量",v.,"减少,变少,降低",,,,,,,decreasing,decreased,decreased,,
dedicate,vt.,奉献;献身于,,,,,,,,,dedicating,dedicated,dedicated,,
deduce,vt.,"(from)演绎,推断,推论",,,,,,,,,deducing,deduced,deduced,,
deduct,vt.,扣除;演绎(推理),,,,,,,,,deducting,deducted,deducted,,
deed,n.,"行为,行动;功绩,事迹;证书；契据",,,,,,,,,,,,,
deem,v.,"认为,相信",,,,,,,,,deeming,deemed,deemed,,
deep,adj.,"深的,深长的;深奥的;强烈的",adv.,"深入的,迟",,,,,,,,,,,
deer,n.,鹿,,,,,,,,,,,,,
defeat,n.,"击败,战胜,失败",v.,"击败,战胜;使失败",,,,,,,defeating,defeated,defeated,,
defect,n.,过失;缺点;不足,,,,,,,,,,,,,
defence,n.,"(defense)防御,保卫;防务工事;辩护",,,,,,,,,,,,,
defend,v.,"防守,保卫;为…辩护,为…答辩",,,,,,,,,defending,defended,defended,,
deficiency,n.,"缺乏,不足;缺点,缺陷",,,,,,,,,,,,,
deficit,n.,"赤字,逆差;亏损,亏空;不足,缺乏",,,,,,,,,,,,,
define,v.,"给…下定义;阐述;阐释;限定,规定",,,,,,,,,defining,defined,defined,,
definite,adj.,"明确的;一定的;意志坚强的,立场坚定的",,,,,,,,,,,,,
definition,n.,"定义,解释;(轮廓影像等的)清晰度;阐明",,,,,,,,,,,,,
defy,v.,"(公然)违抗,反抗;蔑视",,,,,,,,,defying,defied,defied,,
degenerate,v.,"衰退,堕落,蜕化",adj.,堕落的,n.,堕落者,,,,,degenerating,degenerated,degenerated,,
degree,n.,程度;度数;学位;等级,,,,,,,,,,,,,
delay,v.&n.,"耽搁,延迟",,,,,,,,,delaying,delayed,delayed,,
delegate,n.,代表,vt.,委派…为代表;授权;委托,,,,,,,delegating,delegated,delegated,,
delete,vt.,删除,,,,,,,,,deleting,deleted,deleted,,
deliberate,adj.,"深思熟虑的,故意的",vt.,"研讨,商讨",,,,,,,deliberating,deliberated,deliberated,,
delicate,adj.,纤弱的;精致的;微妙的;灵敏的,,,,,,,,,,,,,
delicious,adj.,美味的;美妙的;使人愉快的,,,,,,,,,,,,,
delight,n.,"快乐,高兴",v.,"(使)高兴,(使)欣喜",,,,,,,delighting,delighted,delighted,,
deliver,v.,"交付,递送;发表,表达;释放;接生",,,,,,,,,delivering,delivered,delivered,,
delivery,n.,递送;交付;分娩;交货;引渡,,,,,,,,,,,,,
demand,n.&v.,"要求,请求,需要(量)",v.,查问,,,,,,,demanding,demanded,demanded,,
democracy,n.,"民主,民主制,民主国家",,,,,,,,,,,,,
democratic,adj.,民主的,,,,,,,,,,,,,
demonstrate,v.,"论证,证实;演示,说明",,,,,,,,,demonstrating,demonstrated,demonstrated,,
denial,n.,否认;拒绝;否认某事或某事实的声明,,,,,,,,,,,,,
denote,vt.,"表示,意味着",,,,,,,,,denoting,denoted,denoted,,
denounce,vt.,"公开指责,公然抨击;谴责",,,,,,,,,denouncing,denounced,denounced,,
dense,adj.,"浓厚的,密集的,稠密的",,,,,,,,,,,,,
density,n.,"密集,密度,浓度",,,,,,,,,,,,,
dental,adj.,牙齿的；牙科(用)的,,,,,,,,,,,,,
dentist,n.,牙医,,,,,,,,,,,,,
deny,v.,"否认,否定;拒绝",,,,,,,,,denying,denied,denied,,
depart,vi.,"离开,起程",adj.,"过去的,逝世的",,,,,,,departing,departed,departed,,
department,n.,"部,局,处,科,部门;系,学部",,,,,,,,,,,,,
departure,n.,"离开,起程",,,,,,,,,,,,,
depend,v.,"(on)取决于,依靠,信赖,相信",,,,,,,,,depending,depended,depended,,
dependency,n.,依赖，依靠；从属,,,,,,,,,,,,,非大纲单词
dependent,adj.,"依靠的,依赖的,从属的;随…而定的",,,,,,,,,,,,,
depict,v.,"描绘;描写,描述",,,,,,,,,depicting,depicted,depicted,,
deposit,v.,存放;使沉淀;付(保证金),n.,存款;沉积物,,,,,,,depositing,deposited,deposited,,
depress,v.,"压抑,降低;使沮丧,压下",,,,,,,,,depressing,depressed,depressed,,
deprive,vt.,"剥夺,夺去,使丧失",,,,,,,,,depriving,deprived,deprived,,
depth,n.,"深，深度,深奥,深刻",,,,,,,,,,,,,
deputy,n.,"代理人,代表",adj.,"副的,代理的",,,,,,,,,,,
derive,v.,取得;导出;引申;来自;源自;出自,,,,,,,,,deriving,derived,derived,,
descend,v.,"下来,下降;遗传(指财产,气质,权利)",,,,,,,,,descending,descended,descended,,
descendant,n.,"子孙,后代",,,,,,,,,,,,,
descent,n.,"下降,降下;斜坡;血统,家世",,,,,,,,,,,,,
describe,v.,"描述,形容",,,,,,,,,describing,described,described,,
description,n.,"描写,形容;种类",,,,,,,,,,,,,
desert,n.,"沙漠,不毛之地",v.,"抛弃,遗弃;擅离,开小差",,,,,,,deserting,deserted,deserted,,
deserve,v.,"应受,值得",,,,,,,,,deserving,deserved,deserved,,
design,v.,设计;构思;绘制;图案;企图,n.,"设计,图样",,,,,,,designing,designed,designed,,
designate,v.,"指明,指出;任命,指派",,,,,,,,,designating,designated,designated,,
desirable,adj.,"值得做的;合意的,称心的;期望得到的",,,,,,,,,,,,,
desire,v.&n.,"愿望,欲望,要求",,,,,,,,,desiring,desired,desired,,
desk,n.,书桌，办公桌，服务台,,,,,,,,,,,,,
desolate,adj.,荒凉的;孤独的,v.,使荒芜,,,,,,,desolating,desolated,desolated,,
despair,n.,绝望;失望;令人失望的人(事物),v.,绝望,,,,,,,despairing,despaired,despaired,,
despatch,n.&v.,(dispatch)派遣;发送,n.,急件;新闻报道,,,,,,,despatching,despatched,despatched,,
desperate,adj.,不顾一切的，铤而走险的；绝望的，危急的,,,,,,,,,,,,,
despise,v.,"轻视,蔑视",,,,,,,,,despising,despised,despised,,
despite,prep.,"不管,不顾",,,,,,,,,,,,,
dessert,n.,正餐后的水果或甜食,,,,,,,,,,,,,
destination,n.,"目的地,终点",,,,,,,,,,,,,
destiny,n.,"命运;天数,天命",,,,,,,,,,,,,
destroy,v.,"破坏,摧毁,消灭",,,,,,,,,destroying,destroyed,destroyed,,
destruction,n.,毁坏，毁灭(的原因),,,,,,,,,,,,,
destructive,adj.,破坏性,,,,,,,,,,,,,
detach,vt.,"分开, 分离, 分遣, 派遣(军队)",,,,,,,,,detaching,detached,detached,,
detail,n.,"细节,详情",v.,详述,,,,,,,detailing,detailed,detailed,,
detain,v.,"耽搁;扣押,拘留",,,,,,,,,detaining,detained,detained,,
detect,v.,"察觉,发觉,侦察,探测",,,,,,,,,detecting,detected,detected,,
detective,n.,侦探,,,,,,,,,,,,,
detector,n.,"发现者,侦察器,探测器,检波器,检电器",,,,,,,,,,,,,
deteriorate,v.,"(使)恶化,(使)变坏",,,,,,,,,deteriorating,deteriorated,deteriorated,,
determine,v.,"决心,决定;确定,限定",,,,,,,,,determining,determined,determined,,
develop,v.,"发展,开发,研制;显现,显影;发育,生长",,,,,,,,,developing,developed,developed,,
deviate,v.,"(from)背离,偏离",,,,,,,,,deviating,deviated,deviated,,
device,n.,"装置,设备,仪表;方法,设计",,,,,,,,,,,,,
devil,n.,魔鬼,,,,,,,,,,,,,
devise,vt.,设计;发明;图谋;作出(计划);想出(办法),,,,,,,,,devising,devised,devised,,
devote,v.,"(to)奉献,致力",,,,,,,,,devoting,devoted,devoted,,
dew,n.,露水,,,,,,,,,,,,,
diagnose,vt.,诊断(疾病)；判断(问题),,,,,,,,,diagnosing,diagnosed,diagnosed,,
diagram,n.,图表;图解,,,,,,,,,,,,,
dial,n.,"钟(表)面,刻度盘,拨号盘",v.,"拨号,打电话",,,,,,,dialling,dialled,dialled,,
dialect,n.,方言,,,,,,,,,,,,,
dialog,n.,"(dialogue)对话,对白",,,,,,,,,,,,,
diameter,n.,直径,,,,,,,,,,,,,
diamond,n.,"金钢石,钻石;菱形",,,,,,,,,,,,,
diary,n.,"日记, 日记簿",,,,,,,,,,,,,
dictate,v.,"口授;(使)听写;指令,指示,命令",,,,,,,,,dictating,dictated,dictated,,
dictation,n.,"听写,口述;命令",,,,,,,,,,,,,
dictionary,n.,"词典,字典",,,,,,,,,,,,,
die,vi.,死，死亡；(草木)枯萎，凋谢；渴望,,,,,,,,,dying,died,died,,
diet,n.,"饮食,食物",,,,,,,,,,,,,
differ,v.,(from)与…不同;(with)与…意见不同,,,,,,,,,differing,differed,differed,,
difference,n.,"差别,差异,分歧",,,,,,,,,,,,,
different,adj.,"差异的,差异的,不同的",,,,,,,,,,,,,
differentiate,v.,"区分,区别;(使)不同",,,,,,,,,differentiating,differentiated,differentiated,,
difficult,adj.,"困难的,艰难的",,,,,,,,,,,,,
difficulty,n.,"困难,困境,难题",,,,,,,,,,,,,
diffuse,v.,扩散;传播,adj.,"(文章等)冗长的,漫无边际的",,,,,,,diffusing,diffused,diffused,,
dig,v.,"挖,掘",,,,,,,,,digging,dug,dug,,
digest,vt.,消化；领会，融会贯通,n.,文摘，摘要,,,,,,,digesting,digested,digested,,
digital,adj.,数字的;数位的;手指的,n.,数字,,,,,,,,,,,
dignity,n.,"(举止,态度等的)庄严,端庄;尊贵,高贵",,,,,,,,,,,,,
dilemma,n.,"(进退两难的)窘境,困境",,,,,,,,,,,,,
diligent,adj.,"勤奋的,用功的",,,,,,,,,,,,,
dilute,vt.,稀释，冲淡,adj.,稀释的，冲淡的,,,,,,,diluting,diluted,diluted,,
dim,adj.,"暗淡的,模糊的",,,,,,,,,,,,,
dimension,n.,"尺寸,尺度;维(数),度(数)",,,,,,,,,,,,,
diminish,v.,"缩小,减少,递减",,,,,,,,,diminishing,diminished,diminished,,
dine,v.,"吃饭,进餐",,,,,,,,,dining,dined,dined,,
dinner,n.,"正餐,宴会",,,,,,,,,,,,,
dip,v.&n.,"浸,蘸",,,,,,,,,dipping,dipped,dipped,,
diploma,n.,"毕业文凭,学位证书",,,,,,,,,,,,,
diplomatic,adj.,"外交的,从事外交的;策略的,有手腕的",,,,,,,,,,,,,
direct,adj.&adv.,径直的(地),v.,"管理,指导;(at,to)指向",,,,,,,directing,directed,directed,,
direction,n.,"方向,方位;指令,说明",,,,,,,,,,,,,
directly,adv.,"直接地,径直地;马上,立即",,,,,,,,,,,,,
director,n.,"指导者,主任,导演",,,,,,,,,,,,,
directory,n.,"人名地址录,(电话)号码簿",,,,,,,,,,,,,
dirt,n.,"污物,污垢",,,,,,,,,,,,,
dirty,adj.,弄脏的;下流的,v.,"弄脏,玷污",,,,,,,dirtying,dirtied,dirtied,,
disable,vt.,使残废;使失去能力;丧失能力,,,,,,,,,disabling,disabled,disabled,,
disappear,v.,"不见,消失",,,,,,,,,disappearing,disappeared,disappeared,,
disappoint,vt.,失望；(希望等)破灭，挫败(计划等),,,,,,,,,disappointing,disappointed,disappointed,,
disaster,n.,"灾难,大祸;彻底的失败",,,,,,,,,,,,,
disastrous,adj.,灾难性的,,,,,,,,,,,,,
disc,n.,"(disk)圆盘,圆面,盘状物",,,,,,,,,,,,,
discard,vt.,丢弃，抛弃，遗弃,,,,,,,,,discarding,discarded,discarded,,
discern,v.,"认出,发现;辨别,识别",,,,,,,,,discerning,discerned,discerned,,
discharge,v.&n.,"卸货,排出;发射,放(电);遣散,解雇",,,,,,,,,discharging,discharged,discharged,,
discipline,n.,"纪律,学科",,,,,,,,,,,,,
disclose,v.,"揭示,泄露",,,,,,,,,disclosing,disclosed,disclosed,,
discount,n.,折扣；贴现(率),vt.,打折扣;不重视,,,,,,,discounting,discounted,discounted,,
discourage,v.,"使泄气,使失去信心",,,,,,,,,discouraging,discouraged,discouraged,,
discourse,n.,论文;演说;谈话;话语,vi.,"讲述,著述",,,,,,,discoursing,discoursed,discoursed,,
discover,v.,"发现,显示",,,,,,,,,discovering,discovered,discovered,,
discovery,n.,发现;被发现的事物,,,,,,,,,,,,,
discreet,adj.,(言行)谨慎的；慎重的；有判断力的,,,,,,,,,,,,,
discrepancy,n.,相差;差异;矛盾,,,,,,,,,,,,,
discriminate,v.,"区别,辨别;(against)有差别地对待,歧视",,,,,,,,,discriminating,discriminated,discriminated,,
discuss,vt.,"讨论,商议",,,,,,,,,discussing,discussed,discussed,,
disease,n.,疾病,,,,,,,,,,,,,
disgrace,n.,"失宠,耻辱",v.,"使失宠;玷辱,使蒙羞",,,,,,,disgracing,disgraced,disgraced,,
disguise,n.&v.,"假装,伪装",,,,,,,,,disguising,disguised,disguised,,
disgust,n.,"厌恶,恶心",v.,使厌恶,,,,,,,disgusting,disgusted,disgusted,,
dish,n.,"碟子,盘子,菜肴",,,,,,,,,,,,,
dislike,n.&v.,"不喜欢,厌恶",,,,,,,,,disliking,disliked,disliked,,
dismay,n.&v.,"(使)沮丧;(使)惊慌;(使)失望,(使)绝望",,,,,,,,,dismaying,dismayed,dismayed,,
dismiss,v.,"免职,解雇,开除,解散",,,,,,,,,dismissing,dismissed,dismissed,,
disorder,n.,"混乱,杂乱;骚乱;失调,疾病",,,,,,,,,,,,,
dispatch,v.,派遣，发送，调遣,n.,急件，快信；派遣,,,,,,,dispatching,dispatched,dispatched,,非大纲单词
disperse,v.,(使)分散;(使)散开;疏散,,,,,,,,,dispersing,dispersed,dispersed,,
displace,v.,"移置,转移;取代,置换",,,,,,,,,displacing,displaced,displaced,,
display,v.&n.,"陈列,展览,显示(器)",,,,,,,,,displaying,displayed,displayed,,
disposal,n.,"处理,处置;布置,安排",,,,,,,,,,,,,
dispose,v.,"(of)处理,处置;(for)布置,安排",,,,,,,,,disposing,disposed,disposed,,
disposition,n.,"排列,部署;性格倾向;倾向,意向",,,,,,,,,,,,,
dispute,n.,"争论,争执",v.,"争论,辩论;反驳;怀疑;阻止",,,,,,,disputing,disputed,disputed,,
disregard,vt.,不理会;忽视;漠视,n.,忽视;漠视,,,,,,,disregarding,disregarded,disregarded,,
disrupt,vt.,使混乱，使崩溃，使分裂，使瓦解,,,,,,,,,disrupting,disrupted,disrupted,,
dissipate,v.,驱散;(使云、雾、疑虑等)消散;挥霍,,,,,,,,,dissipating,dissipated,dissipated,,
dissolve,v.,"(使)溶解,(使)融化;解散,取消",,,,,,,,,dissolving,dissolved,dissolved,,
distance,n.,"距离,间隔,远方,路程",,,,,,,,,,,,,
distant,adj.,远的;遥远的;疏远的;不亲近的,,,,,,,,,,,,,
distill,vt.,蒸馏，用蒸馏法提取；吸取，提炼,,,,,,,,,distilling,distilled,distilled,,
distinct,adj.,"清楚的,明显的;(from)截然不同的",,,,,,,,,,,,,
distinction,n.,"区别,差别;级别;特性;声望;显赫",,,,,,,,,,,,,
distinguish,v.,"(from)区别,辨别;辨认出;使杰出",,,,,,,,,distinguishing,distinguished,distinguished,,
distort,v.,弄歪(嘴脸等);扭曲;歪曲(真理、事实等),,,,,,,,,distorting,distorted,distorted,,
distract,v.,分散;使分心;打扰;使心情烦乱,,,,,,,,,distracting,distracted,distracted,,
distress,n.,苦恼;危难;不幸,v.,使苦恼,,,,,,,distressing,distressed,distressed,,
distribute,v.,分发;分配;分布;配(电);(over)散布,,,,,,,,,distributing,distributed,distributed,,
district,n.,"地区,行政区;美国各州的众议院选区",,,,,,,,,,,,,
disturb,v.,"扰乱,妨碍,使不安",,,,,,,,,disturbing,disturbed,disturbed,,
disturbance,n.,"动乱,骚乱,干扰",,,,,,,,,,,,,
ditch,n.,"沟,沟渠,水沟",,,,,,,,,,,,,
dive,v.&n.,"潜水,跳水,俯冲",,,,,,,,,diving,dived,dived,,
diverse,adj.,"多种多样的,(from)不同的",,,,,,,,,,,,,
diversion,n.,"转向,转移;牵制;解闷;娱乐",,,,,,,,,,,,,
divert,vt.,使转向，使改道；转移(注意力)；使娱乐,,,,,,,,,diverting,diverted,diverted,,
divide,v.,"分,划分,分开;分配;(by)除",,,,,,,,,dividing,divided,divided,,
dividend,n.,红利，股息；回报，效益；被除数,,,,,,,,,,,,,
divine,adj.,神的，神授的，天赐的；极好的，极美的,,,,,,,,,,,,,
division,n.,"分,分割;部门,科,处;除法;分界线",,,,,,,,,,,,,
divorce,v.&n.,"离婚,分离",,,,,,,,,divorcing,divorced,divorced,,
dizzy,adj.,"头晕目眩的,眩晕的;(可能)使人头晕的",,,,,,,,,,,,,
do,aux.,v.,vt.,做，干，办，从事；引起,vi.,行动,,,,,doing,did,done,,
dock,n.,"船坞,码头",,,,,,,,,,,,,
doctor,n.,医生;博士,vt.,授以博士学位;诊断;修改,,,,,,,doctoring,doctored,doctored,,
doctorate,n.,博士学位;博士头衔,,,,,,,,,,,,,
document,n.,"公文,文献",,,,,,,,,,,,,
documentary,adj.,文献的,n.,记录片,,,,,,,,,,,
dog,n.,狗，雄兽,vt.,尾随，跟踪,,,,,,,dogging,dogged,dogged,,
doll,n.,"玩偶,玩具娃娃",,,,,,,,,,,,,
dollar,n.,"(美国,加拿大等国货币单位)美元,加元",,,,,,,,,,,,,
domain,n.,"(活动,思想等)领域,范围;领地",,,,,,,,,,,,,
dome,n.,圆屋顶,,,,,,,,,,,,,
domestic,adj.,家里的;本国的;驯养的,,,,,,,,,,,,,
dominant,adj.,"支配的,统治的, 占优势的",,,,,,,,,,,,,
dominate,v.,"支配,统治,控制;占优势",,,,,,,,,dominating,dominated,dominated,,
donate,vt.,损赠(金钱等);赠予,,,,,,,,,donating,donated,donated,,
donkey,n.,驴子；蠢人；顽固的人,,,,,,,,,,,,,
doom,n.,"厄运,劫数",v.,"注定,命定",,,,,,,dooming,doomed,doomed,,
door,n.,门；门口，出入口；门状物；家；通道,,,,,,,,,,,,,
doorway,n.,门口,,,,,,,,,,,,,
dorm,n.,(dormitory)［美］［口］宿舍,,,,,,,,,,,,,
dose,n.,"剂量,一服,一剂",v.,(给…)服药,,,,,,,dosing,dosed,dosed,,
dot,n.,"点,圆点",v.,在…上打点,,,,,,,dotting,dotted,dotted,,
doubt,n.&v.,"怀疑,疑虑",,,,,,,,,doubting,doubted,doubted,,
dove,n.,鸽子,,,,,,,,,,,,,
down,adv.,下；由大到小,prep.,沿着…而下,adj.,向下的,,,,,,,,,
downstairs,adv.,"在楼下,往楼下",,,,,,,,,,,,,
downtown,adv.,在城市的商业区,n.&adj.,城市商业区(的),,,,,,,,,,,
downward,adj.,向下的,adv.,"(also downwards)向下,往下",,,,,,,,,,,
doze,v.&n.,瞌睡;假寐,,,,,,,,,dozing,dozed,dozed,,
dozen,n.,"一打,十二个",,,,,,,,,,,,,
draft,n.,"草稿,草案,草图",v.,"起草,草拟",,,,,,,drafting,drafted,drafted,,
drag,v.,"拖,拖曳",,,,,,,,,dragging,dragged,dragged,,
dragon,n.,龙,,,,,,,,,,,,,
drain,n.,"排水沟,阴沟;消耗,负担",v.,"排去,放干",,,,,,,draining,drained,drained,,
drama,n.,"剧本,戏剧;戏剧性事件或场面",,,,,,,,,,,,,
dramatic,adj.,"戏剧的,戏剧性的;剧烈的",,,,,,,,,,,,,
drastic,adj.,"激烈的,严厉的;(药性等)猛烈的",,,,,,,,,,,,,
draw,v.,拉;画;汲取;引出;(to)挨近,n.,平局;拖曳,,,,,,,drawing,drew,drawn,,
drawback,n.,"欠缺,缺点;退还的关税",,,,,,,,,,,,,
drawer,n.,抽屉,,,,,,,,,,,,,
drawing,n.,"绘图,图样",,,,,,,,,,,,,
dread,v.&n.,"恐惧,担心",,,,,,,,,dreading,dreaded,dreaded,,
dream,n.&v.,"梦,梦想,幻想",,,,,,,,,dreaming,dreamt/dreamed,dreamt/dreamed,,
dress,n.,"服装,童装,女装",v.,"穿衣,打扮",,,,,,,dressing,dressed,dressed,,
drift,v.&n.,"漂,漂流(物)",,,,,,,,,drifting,drifted,drifted,,
drill,v.,练习;操练;钻孔,n.,操练;练习;钻孔(机),,,,,,,drilling,drilled,drilled,,
drink,v.,"(drank,drunk)喝，饮",n.,饮料；喝酒,,,,,,,drinking,drank,drunk,,
drip,v.,"滴下,漏水",n.,"滴,水滴,点滴",,,,,,,dripping,dripped,dripped,,
drive,v.,"开(车);驱;驱动,把(钉,桩)打入",n.,驾驶,,,,,,,driving,drove,driven,,
driver,n.,驾驶员,,,,,,,,,,,,,
drop,n.,滴;落下;微量,v.,落下;下降;失落,,,,,,,dropping,dropped,dropped,,
drought,n.,"旱灾,干旱",,,,,,,,,,,,,
drown,v.,"溺死,淹没",,,,,,,,,drowning,drowned,drowned,,
drug,n.,药物;麻醉品;毒品;滞销货,v.,下麻药;吸毒,,,,,,,drugging,drugged,drugged,,
drum,n.,鼓;圆桶,,,,,,,,,,,,,
drunk,adj.,醉酒的；(喻)陶醉的,n.,酗酒者，醉汉,,,,,,,,,,,
dry,adj.,干(旱)的；干渴的；枯燥,vt.,使干燥，晒干,,,,,,,drying,dried,dried,,
dubious,adj.,怀疑的，无把握的；有问题的，靠不住的,,,,,,,,,,,,,
duck,n.,"鸭,鸭肉",v.,迅速俯身;快速低头;躲避,,,,,,,ducking,ducked,ducked,,
due,adj.,"(to)应支付的;(车,船等)预定应到达的",,,,,,,,,,,,,
dull,adj.,"单调的;迟钝的,愚笨的;不锋利的",,,,,,,,,,,,,
dumb,adj.,"哑的,无言的",,,,,,,,,,,,,
dump,v.,"倾倒,倾卸",n.,垃圾场,,,,,,,dumping,dumped,dumped,,
duplicate,n.,复制品,v.,"复写,使加倍",adj.,"复制的,二重的",,,,,duplicating,duplicated,duplicated,,
durable,adj.,"持久的,耐久的",,,,,,,,,,,,,
duration,n.,持久;期间;持续时间,,,,,,,,,,,,,
during,prep.,在…期间,,,,,,,,,,,,,
dusk,n.,"薄暮,黄昏",,,,,,,,,,,,,
dust,n.,"灰尘,尘土",v.,"拂,掸",,,,,,,dusting,dusted,dusted,,
duty,n.,"义务,责任;职务;税",,,,,,,,,,,,,
dwarf,n.,矮子，侏儒，矮小的动植物,vt.,使…矮小,,,,,,,dwarfing,dwarfed,dwarfed,,
dwell,v.,"住,居留",,,,,,,,,dwelling,dwelt/dwelled,dwelt/dwelled,,
dwelling,n.,"住宅,寓所",,,,,,,,,,,,,
dye,n.,染料,v.,"染,染色",,,,,,,dyeing,dyed,dyed,,
dynamic,adj.,"动力的,电动的;有生气的",,,,,,,,,,,,,
dynasty,n.,"王朝,朝代",,,,,,,,,,,,,
e-mail,n.,(electronic mail)电子信函，电子邮件,,,,,,,,,,,,,
each,adj.&pron.,"各,各自的,每",,,,,,,,,,,,,
eager,adj.,"(for)渴望的,热切的",,,,,,,,,,,,,
eagle,n.,鹰,,,,,,,,,,,,,
ear,n.,耳，耳朵；听力，听觉；穗,,,,,,,,,,,,,
early,adj.,"早的,早期的,及早的",adv.,"早,在初期",,,,,,,,,,,
earn,v.,"赚得,挣得,获得",,,,,,,,,earning,earned,earned,,
earnest,adj.,"热心的,诚挚的",n.,热心;真挚;定金;认真,,,,,,,,,,,
earth,n.,地球；陆地；泥土，土壤；尘世，人间,,,,,,,,,,,,,
earthquake,n.,地震,,,,,,,,,,,,,
ease,v.,"减轻;使舒适,使安心",n.,"容易;舒适,悠闲",,,,,,,easing,eased,eased,,
east,n.,"东,东方,东部",adj.,"东方的,东部的",,,,,,,,,,,
Easter,n.,复活节,,,,,,,,,,,,,
eastern,adj.,"东方的,东部的",,,,,,,,,,,,,
easy,adj.,容易的，不费力的，安逸的，宽裕的,,,,,,,,,,,,,
eat,vt.,吃，喝,vi.,吃饭，吃东西,,,,,,,eating,ate,eaten,,
ebb,vi.,衰退，减退,n.,处于低潮，处于衰退状态,,,,,,,ebbing,ebbed,ebbed,,
eccentric,adj.,古怪的，怪癖的，异乎寻常的,n.,古怪的人,,,,,,,,,,,
echo,v.&n.,"回声,反响,共鸣",,,,,,,,,echoing,echoed,echoed,,
eclipse,n.,"日食,月食",,,,,,,,,,,,,
ecology,n.,生态学,,,,,,,,,,,,,
economic,adj.,"经济(上)的,经济学的",,,,,,,,,,,,,
economical,adj.,"节约的,经济的",,,,,,,,,,,,,
economics,n.,"经济学,经济情况",,,,,,,,,,,,,
economy,n.,节约;经济,,,,,,,,,,,,,
edge,n.,"边,棱;刀口,刃",v.,"侧身移动,挤进",,,,,,,edging,edged,edged,,
edible,adj.,可食用的,,,,,,,,,,,,,
edit,v.,"编辑,校订",,,,,,,,,editing,edited,edited,,
edition,n.,"版,版本,版次",,,,,,,,,,,,,
editor,n.,"编辑,编者",,,,,,,,,,,,,
editorial,n.,社论,adj.,社论的；编辑上的,,,,,,,,,,,
educate,v.,"教育,培养,训练",,,,,,,,,educating,educated,educated,,
education,n.,"教育,培养,训练",,,,,,,,,,,,,
effect,n.,结果;效果;影响;印象,vt.,招致;实现;达到,,,,,,,effecting,effected,effected,,
effective,adj.,"有效的,生效的;被实施的;给人深刻印象",,,,,,,,,,,,,
efficiency,n.,效率;功效,,,,,,,,,,,,,
efficient,adj.,"有效的,效率高的;有能力的,能胜任的",,,,,,,,,,,,,
effort,n.,努力;成就;艰难的尝试,,,,,,,,,,,,,
egg,n.,蛋; 卵; 卵形物,,,,,,,,,,,,,
ego,n.,自我，自负，利已主义；(心理学)自我意识,,,,,,,,,,,,,
eight,num.,八,pron.,八(个，只),,,,,,,,,,,
eighteen,num.,十八，十八个,,,,,,,,,,,,,
eighty,num.&adj.,八十,pron.,八十(个，只),,,,,,,,,,,
either,adv.,也(不),pron.,两者之一,adj.,(两者中)任一的,,,,,,,,,
eject,v.,"喷射,排出;驱逐",,,,,,,,,ejecting,ejected,ejected,,
elaborate,v.&adj.,精心制作(的);详细阐述(的),,,,,,,,,elaborating,elaborated,elaborated,,
elapse,vi.,(时间)溜走；(光阴)逝去,,,,,,,,,elapsing,elapsed,elapsed,,
elastic,adj.,弹性的,n.,"松紧带,橡皮圈",,,,,,,,,,,
elbow,n.,肘，(衣服的)肘部,vt.,用肘推，用肘挤,,,,,,,elbowing,elbowed,elbowed,,
elder,adj.,"年长的,资格老的",n.,长辈,,,,,,,,,,,
elderly,adj.,较老的，年长的,n.,[the～]到了晚年的人,,,,,,,,,,,
elect,v.,"选举,推选;选择,作出选择",,,,,,,,,electing,elected,elected,,
electric,adj.,"电的,导电的,电动的",,,,,,,,,,,,,
electrical,adj.,"电的,电学的",,,,,,,,,,,,,
electrician,n.,"电学家,电工",,,,,,,,,,,,,
electricity,n.,"电,电流;电学",,,,,,,,,,,,,
electron,n.,电子,,,,,,,,,,,,,
electronic,adj.,电子的,,,,,,,,,,,,,
elegant,adj.,优雅的;端庄的;雅致的,,,,,,,,,,,,,
element,n.,元素;要素;成分;元件; 自然环境,,,,,,,,,,,,,
elementary,adj.,初步的;基本的; [化]元素的;自然力的,,,,,,,,,,,,,
elephant,n.,(动物)象,,,,,,,,,,,,,
elevate,vt.,"举起,提拔,振奋,提升…的职位",,,,,,,,,elevating,elevated,elevated,,
elevation,n.,提升，升高；海拔，高度；立面图,,,,,,,,,,,,,非大纲单词
elevator,n.,"电梯,升降机",,,,,,,,,,,,,
eleven,num.,十一,pron.&adj.,十一(个，只),,,,,,,,,,,
eligible,adj.,符合条件的;(尤指婚姻等)合适(意)的,,,,,,,,,,,,,
eliminate,vt.,"除去;淘汰;排(删,消)除;削减(人员)",,,,,,,,,eliminating,eliminated,eliminated,,
elite,n.,<法>[集合名词]精华;精锐;中坚分子,,,,,,,,,,,,,
eloquent,adj.,"雄辩的,有说服力的;善辩的,口才流利的",,,,,,,,,,,,,
else,adv.,其它，另外，别的；[与 or 连用]否则,,,,,,,,,,,,,
elsewhere,adv.,"在别处,向别处",,,,,,,,,,,,,
embark,v.,"(使)上船(或飞机,汽车等);着手,从事",,,,,,,,,embarking,embarked,embarked,,
embarrass,vt.,"使困窘,使局促不安;阻碍,麻烦",,,,,,,,,embarrassing,embarrassed,embarrassed,,
embassy,n.,大使馆;大使及其随员,,,,,,,,,,,,,
embed,vt.,把…嵌(埋、插)入，扎牢；使深留脑中,,,,,,,,,embedding,embedded,embedded,,
embody,vt.,"具体表达,使具体化;包含,收录",,,,,,,,,embodying,embodied,embodied,,
embrace,v.,拥抱;包含;包围;环绕;采用;接受,,,,,,,,,embracing,embraced,embraced,,
emerge,vt.,"显现,浮现;暴露;形成",,,,,,,,,emerging,emerged,emerged,,
emergency,n.,"紧急情况,突然事件,非常时刻",,,,,,,,,,,,,
emigrate,v.,"(反)immigrate;(to,from)自本国移居他",,,,,,,,,emigrating,emigrated,emigrated,,
emigration,n.,移居国外，移民出境,,,,,,,,,,,,,非大纲单词
eminent,adj.,显赫的;杰出的;有名的;优良的,,,,,,,,,,,,,
emission,n.,排放，散发；发出物,,,,,,,,,,,,,非大纲单词
emit,vt.,发出;放射;吐露;散发;发表;发行,,,,,,,,,emitting,emitted,emitted,,
emotion,n.,"情绪,情感,感情",,,,,,,,,,,,,
emperor,n.,皇帝,,,,,,,,,,,,,
emphasis,n.,"强调,重点",,,,,,,,,,,,,
emphasize,v.,(emphasise)强调,,,,,,,,,emphasizing,emphasized,emphasized,,
empire,n.,帝国,,,,,,,,,,,,,
empirical,adj.,"凭经验(或观察)的,经验主义的",,,,,,,,,,,,,
employ,n.&v.,"雇用;用,使用",,,,,,,,,employing,employed,employed,,
employee,n.,"雇工,雇员",,,,,,,,,,,,,
employer,n.,雇主,,,,,,,,,,,,,
employment,n.,"雇用;使用;工作,职业",,,,,,,,,,,,,
empowerment,n.,授权，赋权,,,,,,,,,,,,,非大纲单词
empty,adj.,空的;空洞的,v.,"倒空,使成为空的",,,,,,,emptying,emptied,emptied,,
enable,v.,"使能够,使成为可能;授予权利或方法",,,,,,,,,enabling,enabled,enabled,,
enclose,v.,"围住,圈起,封入",,,,,,,,,enclosing,enclosed,enclosed,,
enclosure,n.,"围住,圈起,封入,附件",,,,,,,,,,,,,
encounter,n.&v.,"遇到,遭遇",,,,,,,,,encountering,encountered,encountered,,
encourage,v.,"鼓励,怂恿",,,,,,,,,encouraging,encouraged,encouraged,,
encyclopedia,n.,(encyclopaedia)百科全书,,,,,,,,,,,,,
end,n.,末端，端，梢；目标，目的,v.,终止，结束,,,,,,,ending,ended,ended,,
endeavor,v.&n.,"(endeavour)努力,尽力,力图",,,,,,,,,endeavoring,endeavored,endeavored,,
ending,n.,"结尾,结局",,,,,,,,,,,,,
endlessly,adv.,无止境地，不断地,,,,,,,,,,,,,非大纲单词
endow,vt.,资助，捐赠；(with)给予，赋予,,,,,,,,,endowing,endowed,endowed,,
endurance,n.,"忍耐(力),持久(力),耐久(性)",,,,,,,,,,,,,
endure,v.,"忍受,持久,持续",,,,,,,,,enduring,endured,endured,,
enemy,n.,敌人，仇敌，反对者；敌人，敌军，敌国,,,,,,,,,,,,,
energetic,adj.,精力旺盛的;积极的;有力的,,,,,,,,,,,,,
energy,n.,"活力,精力;能,能量",,,,,,,,,,,,,
enforce,v.,"实施,执行;强制;支持,坚持(要求,主张等)",,,,,,,,,enforcing,enforced,enforced,,
engage,v.,"(in)从事,着手;约定;使订婚;保证;雇用",,,,,,,,,engaging,engaged,engaged,,
engagement,n.,"约会,约定;婚约,订婚",,,,,,,,,,,,,
engine,n.,"发动机,引擎;火车头",,,,,,,,,,,,,
engineer,n.,工程师,,,,,,,,,,,,,
engineering,n.,工程学,,,,,,,,,,,,,
enhance,v.,"提高,增强",,,,,,,,,enhancing,enhanced,enhanced,,
enjoy,vt.,享受…的乐趣；欣赏；喜爱,,,,,,,,,enjoying,enjoyed,enjoyed,,
enlarge,vt.,"扩大,放大,增大",,,,,,,,,enlarging,enlarged,enlarged,,
enlighten,v.,"启发,启蒙,教导",,,,,,,,,enlightening,enlightened,enlightened,,
enlightenment,n.,启发，启蒙；[E-]启蒙运动,,,,,,,,,,,,,非大纲单词
enormous,adj.,"巨大的,庞大的",,,,,,,,,,,,,
enough,adj.,(for)足够的,n.,"足够,充分",adv.,足够地,,,,,,,,,
enquire,v.,"(inquire)询问,打听;调查;查问",,,,,,,,,enquiring,enquired,enquired,,
enrich,v.,使富足;使肥沃;装饰;加料于;浓缩,,,,,,,,,enriching,enriched,enriched,,
enroll,v.,(enrol)招收;登记;入学;参军;成为会员,,,,,,,,,enrolling,enrolled,enrolled,,
enrollment,n.,注册，登记；入学；注册人数,,,,,,,,,,,,,非大纲单词
ensure,v.,"确保,保证;使安全",,,,,,,,,ensuring,ensured,ensured,,
entail,vt.,使承担;需要;把(疾病等)遗传给;限定,,,,,,,,,entailing,entailed,entailed,,
enter,vt.,进入；参加，加入；写入,vi.,进去，进来,,,,,,,entering,entered,entered,,
enterprise,n.,"事业,企(事)业单位;事业心,进取心",,,,,,,,,,,,,
entertain,v.,"招待,款待;使娱乐;使欢乐;容纳,接受",,,,,,,,,entertaining,entertained,entertained,,
entertainment,n.,"招待,款待;表演文娱节目",,,,,,,,,,,,,
enthusiasm,n.,"热情,热心;狂热;积极性(for)",,,,,,,,,,,,,
enthusiastic,adj.,"热情的,热心的",,,,,,,,,,,,,
entire,adj.,"完全的,全部的,完整的",,,,,,,,,,,,,
entirely,adv.,完全地，彻底地,,,,,,,,,,,,,非大纲单词
entitle,v.,给以权利(或资格);给…称号(题名);授权,,,,,,,,,entitling,entitled,entitled,,
entity,n.,"实体;存在(物);组织,机构;本质",,,,,,,,,,,,,
entrance,n.,"入口,门口;进入;入学,入会",,,,,,,,,,,,,
entrepreneur,n.,"[法]企业家, 主办人",,,,,,,,,,,,,
entry,n.,"进入,入口;通道;记载,条目",,,,,,,,,,,,,
envelope,n.,"信封,信皮;封套",,,,,,,,,,,,,
environment,n.,"环境,外界",,,,,,,,,,,,,
envisage,v.,想象，设想，展望，正视,,,,,,,,,envisaging,envisaged,envisaged,,
envy,v.&n.,"羡慕,忌妒",,,,,,,,,envying,envied,envied,,
epidemic,adj.,流行性的;传染的,n.,流行病;传播,,,,,,,,,,,
episode,n.,一段情节;片断;(连续剧的)一集,,,,,,,,,,,,,
epoch,n.,"新纪元;时代;时期;【地质】世,纪,期",,,,,,,,,,,,,
equal,adj.,相等的;胜任的,n.,相等的事务;对手,v.,等于,,,,,equalling,equalled,equalled,,
equality,n.,同等;平等;相等;等式;等同性,,,,,,,,,,,,,
equation,n.,"(数学)等式,方程式;(with)相等;均衡",,,,,,,,,,,,,
equator,n.,赤道,,,,,,,,,,,,,
equip,v.,"(with)装备,配备;训练",,,,,,,,,equipping,equipped,equipped,,
equipment,n.,"设备,器材,装置;才能",,,,,,,,,,,,,
equivalent,adj.,"(to)相等的,等价的",n.,"相等物,等价物",,,,,,,,,,,
era,n.,"时代,年代,阶段,纪元",,,,,,,,,,,,,
erase,v.,擦掉;删去;消磁,,,,,,,,,erasing,erased,erased,,
erect,v.,"树立,建立,使竖立",adj.,"直立的,垂直的",,,,,,,erecting,erected,erected,,
erosion,n.,"腐蚀,磨损;削弱,减少",,,,,,,,,,,,,
erroneous,adj.,"错误的,不正确的",,,,,,,,,,,,,
error,n.,"错误,过失",,,,,,,,,,,,,
erupt,v.,(尤指火山)爆发,,,,,,,,,erupting,erupted,erupted,,
escalate,v.,(使)逐步增长(或发展)，(使)逐步升级,,,,,,,,,escalating,escalated,escalated,,
escape,n.,"逃跑,逃脱",v.,"逃跑;避开,避免",,,,,,,escaping,escaped,escaped,,
escort,vt.,护送(卫)；陪同,n.,警卫，护送者；仪仗兵,,,,,,,escorting,escorted,escorted,,
especially,adv.,特别，尤其，格外；专门地，主要地,,,,,,,,,,,,,
essay,n.,"文章,短文",,,,,,,,,,,,,
essence,n.,"本质,实质",,,,,,,,,,,,,
essential,adj.,"本质的,基本的;净化的",n.,本质;要素,,,,,,,,,,,
establish,v.,"建立,设立;安置,使定居",,,,,,,,,establishing,established,established,,
establishment,n.,"建立,设立,建立的机构(或组织)",,,,,,,,,,,,,
estate,n.,房地产;不动产;所有权;地位;生活状况,,,,,,,,,,,,,
esteem,n.,尊敬，尊重,vt.,尊重，敬重；把…看作,,,,,,,esteeming,esteemed,esteemed,,
estimate,v.&n.,"估计,估价;评估",,,,,,,,,estimating,estimated,estimated,,
eternal,n.,"永久的,永恒的",,,,,,,,,,,,,
ethnic,adj.,种族的；人种学的,,,,,,,,,,,,,
evacuate,vt.,撤离，疏散，排泄，剥夺,,,,,,,,,evacuating,evacuated,evacuated,,
evade,vt.,逃避，回避；避开，躲避,,,,,,,,,evading,evaded,evaded,,
evaluate,v.,"估价,评价;求…的值",,,,,,,,,evaluating,evaluated,evaluated,,
evaporate,v.,"蒸发,挥发;沉淀;发射;消失",,,,,,,,,evaporating,evaporated,evaporated,,
eve,n.,"(节日等的)前夜,前夕",,,,,,,,,,,,,
even,adv.,甚至(更),adj.,均匀的;平的;相等的；偶数的,,,,,,,,,,,
evening,n.,傍晚，黄昏，晚上,,,,,,,,,,,,,
event,n.,"事件,事情",,,,,,,,,,,,,
eventually,adv.,"终于,最后",,,,,,,,,,,,,
ever,adv.,曾经；永远；在任何时候；究竟,,,,,,,,,,,,,
every,adj.,每一个的，每个的；每隔…的；全部的,,,,,,,,,,,,,
everybody,pron.,(everyone)每人，人人,,,,,,,,,,,,,
everyday,adj.,每日的，日常的,,,,,,,,,,,,,
everyone,pron.,(everybody)每人，人人，各人,,,,,,,,,,,,,
everything,pron.,每件事，一切；最重要的东西,,,,,,,,,,,,,
everywhere,adv.,到处，各处，无论何处,,,,,,,,,,,,,
evidence,n.,明显;显著;根据;证据;迹象,,,,,,,,,,,,,
evident,adj.,"明显的,明白的",,,,,,,,,,,,,
evil,adj.,"邪恶的,罪恶的",n.,"邪恶,罪恶",,,,,,,,,,,
evoke,vt.,唤起(回忆、感情等)；引起,,,,,,,,,evoking,evoked,evoked,,
evolution,n.,"进化,演变,发展,进展",,,,,,,,,,,,,
evolutionary,adj.,进化的，演化的,,,,,,,,,,,,,非大纲单词
evolve,v.,(使)发展;(使)进化;(使)进展,,,,,,,,,evolving,evolved,evolved,,
exacerbate,v.,使恶化，使加剧,,,,,,,,,exacerbating,exacerbated,exacerbated,,非大纲单词
exact,adj.,"确切的,正确的,精确的",,,,,,,,,,,,,
exaggerate,v.,"夸大,夸张",,,,,,,,,exaggerating,exaggerated,exaggerated,,
exam,n.,"(examination)考试,测验",,,,,,,,,,,,,
examine,v.,"检查,调查;对…进行考试",,,,,,,,,examining,examined,examined,,
example,n.,"例子,实例;模范,榜样",,,,,,,,,,,,,
exceed,v.,"超过,胜过;越出",,,,,,,,,exceeding,exceeded,exceeded,,
exceedingly,adv.,"极端地,非常",,,,,,,,,,,,,
excel,vi.,胜过其他;擅长,vt.,胜过，优于,,,,,,,excelling,excelled,excelled,,
excellent,adj.,"卓越的,极好的",,,,,,,,,,,,,
except,prep.,除…之外,v.,除外;反对,,,,,,,excepting,excepted,excepted,,
exception,n.,"例外,除外;反对;异议",,,,,,,,,,,,,
exceptional,adj.,"例外的,异常的",,,,,,,,,,,,,
excerpt,n.&vt.,摘录;引用,,,,,,,,,excerpting,excerpted,excerpted,,
excess,adj.,"过量的,额外的",n.,过量;过剩;超额;无节制,,,,,,,,,,,
excessive,adj.,过多的;过分的;额外,,,,,,,,,,,,,
exchange,v.&n.,"(for)交换,兑换;交流,交易;交换台",,,,,,,,,exchanging,exchanged,exchanged,,
excite,v.,"刺激,使激动;激发,激励",,,,,,,,,exciting,excited,excited,,
excitement,n.,"刺激,激动,兴奋",,,,,,,,,,,,,
exciting,adj.,"令人兴奋的,使人激动的",,,,,,,,,,,,,
exclaim,v.,"呼喊,惊叫,大声说",,,,,,,,,exclaiming,exclaimed,exclaimed,,
exclude,v.,"拒绝,把…排除在外,排斥",,,,,,,,,excluding,excluded,excluded,,
exclusive,adj.,独占的;排他的;孤高的;唯一的;高级的,,,,,,,,,,,,,
excursion,n.,"短途旅行,游览;离题; [物理]偏移,漂移",,,,,,,,,,,,,
excuse,v.,"原谅,宽恕,免除",n.,"借口,辩解",,,,,,,excusing,excused,excused,,
execute,v.,实行;实施;执行;完成;履行;处死,,,,,,,,,executing,executed,executed,,
executive,n.,"总经理,董事,行政负责人",adj.,"执行的,实施的",,,,,,,,,,,
exemplify,v.,举例证明;示范;作…的范例[榜样],,,,,,,,,exemplifying,exemplified,exemplified,,
exempt,adj.,免除的,v.,免除,n.,免税者;被免除义务者,,,,,exempting,exempted,exempted,,
exercise,n.,"练习,习题;训练,锻练",v.,"训练,锻练;行使",,,,,,,exercising,exercised,exercised,,
exert,v.,"尽(力),施加(压力等),努力",,,,,,,,,exerting,exerted,exerted,,
exhaust,v.,"使筋疲力尽,耗尽;抽完",n.,排气装置;废气,,,,,,,exhausting,exhausted,exhausted,,
exhibit,v.,"展出,陈列",n.,"展览品,陈列品",,,,,,,exhibiting,exhibited,exhibited,,
exhibition,n.,"展览会;陈列,展览",,,,,,,,,,,,,
exile,n.,流放；被流放者,vt.,流放，放逐，把…充军,,,,,,,exiling,exiled,exiled,,
exist,v.,存在;生存;生活,,,,,,,,,existing,existed,existed,,
existence,n.,"存在,实在;生存,生活(方式)",,,,,,,,,,,,,
exit,n.,"出口,通道",,,,,,,,,,,,,
exotic,adj.,奇异的;异国情调的;外(国)来的,,,,,,,,,,,,,
expand,v.,"(使)膨胀,(使)扩张;张开,展开",,,,,,,,,expanding,expanded,expanded,,
expansion,n.,"扩张,膨胀;张开,伸展",,,,,,,,,,,,,
expect,v.,"预期;期望,指望",,,,,,,,,expecting,expected,expected,,
expectation,n.,"预期,期望,指望",,,,,,,,,,,,,
expedition,n.,"远征(队),探险(队)",,,,,,,,,,,,,
expel,v.,把…开除;驱逐;排出;发射,,,,,,,,,expelling,expelled,expelled,,
expend,v.,"消费,花费",,,,,,,,,expending,expended,expended,,
expenditure,n.,"花费;(时间,金钱等的)支出,消耗",,,,,,,,,,,,,
expense,n.,"花费,消费,消耗",,,,,,,,,,,,,
expensive,adj.,"花费的,昂贵的",,,,,,,,,,,,,
experience,n.&vt.,经验;经历;体验;阅历,,,,,,,,,experiencing,experienced,experienced,,
experiment,n.,实验;试验,v.,(on)进行实验;做试验,,,,,,,experimenting,experimented,experimented,,
experimental,adj.,"实验(性)的,试验(性)的",,,,,,,,,,,,,
expert,n.,"专家,能手",adj.,"熟练的,有经验的;专门的",,,,,,,,,,,
expertise,n.,"专门知识(或技能等),专长",,,,,,,,,,,,,
expire,v.,"期满,(期限)终止;呼气;断气,死亡",,,,,,,,,expiring,expired,expired,,
explain,v.,"解释,说明",,,,,,,,,explaining,explained,explained,,
explanation,n.,"解释,说明",,,,,,,,,,,,,
explicit,adj.,"详述的,明确的;坦率的;显然的",,,,,,,,,,,,,
explode,v.,"(使)爆炸,(使)爆发",,,,,,,,,exploding,exploded,exploded,,
exploit,v.,开拓;开发;剥削,n.,功绩[勋] ;业绩,,,,,,,exploiting,exploited,exploited,,
exploitation,n.,开发，开采；剥削，利用,,,,,,,,,,,,,非大纲单词
exploration,n.,探索，勘探，探测,,,,,,,,,,,,,非大纲单词
explore,v.,"勘探,探测;探究,探索",,,,,,,,,exploring,explored,explored,,
explosion,n.,"爆炸,爆发",,,,,,,,,,,,,
explosive,adj.,"爆炸(性)的,爆发(性)的",n.,"爆炸物,炸药",,,,,,,,,,,
export,v.&n.,"输出,出口",n.,出口商品,,,,,,,exporting,exported,exported,,
expose,v.,"(to)使暴露,受到;使曝光",,,,,,,,,exposing,exposed,exposed,,
exposure,n.,"暴露,揭露;方向;陈列;遗弃;照射量",,,,,,,,,,,,,
express,v.,"表达,表示",adj.,"特快的,快速的",n.,"快车,快运",,,,,expressing,expressed,expressed,,
expression,n.,表达;表情;声调;腔调;榨出;措词;式;符号,,,,,,,,,,,,,
exquisite,adj.,优美的，高雅的，精致的；剧烈的，异常的,,,,,,,,,,,,,
extend,v.,"延长,延伸;扩充;给予;提供;估价",,,,,,,,,extending,extended,extended,,
extension,n.,延长;扩大;范围;大小;尺寸;电话分机,,,,,,,,,,,,,
extensive,adj.,"广大的,广阔的",,,,,,,,,,,,,
extent,n.,"广度,宽度,长度;程度,限度",,,,,,,,,,,,,
exterior,adj.,"外部的,外面的",n.,外部,,,,,,,,,,,
external,adj.,外部的;客观的;外国的;表面的; [医]外用的,,,,,,,,,,,,,
extinct,adj.,灭绝的;熄灭了的,,,,,,,,,,,,,
extinguish,v.,熄灭;消灭;结束;压制;使黯然失色;偿清,,,,,,,,,extinguishing,extinguished,extinguished,,
extra,adj.,"额外的,附加的",n.,"附加物,额外的东西",,,,,,,,,,,
extract,v.&n.,"拔出,抽出;摘录",n.,抽取物;精华;选集,,,,,,,extracting,extracted,extracted,,
extraordinary,adj.,非常的;格外的;意外的;离奇的;临时的,,,,,,,,,,,,,
extravagant,adj.,奢侈的;过分的;(言行等)放肆的,,,,,,,,,,,,,
extreme,adj.,"末端的,尽头的;极度的",n.,极端;最大程度,,,,,,,,,,,
eye,n.,眼(睛)；视力；眼力；监督,vt.,看，审视,,,,,,,eyeing,eyed,eyed,,
eyebrow,n.,眉毛,,,,,,,,,,,,,
eyesight,n.,视力,,,,,,,,,,,,,
fable,n.,寓言,,,,,,,,,,,,,
fabric,n.,织物;织品;结构;构造;建筑物,,,,,,,,,,,,,
fabricate,v.,"捏造,编造(谎言,借口等);建造,制造",,,,,,,,,fabricating,fabricated,fabricated,,
fabulous,adj.,极好的；极为巨大的；寓言中的，传说中的,,,,,,,,,,,,,
face,n.,"脸,面貌;表情;正面",v.,"面对着;朝,面向",,,,,,,facing,faced,faced,,
facilitate,v.,使变得(更)容易;使便利;推动;帮助;处进,,,,,,,,,facilitating,facilitated,facilitated,,
facility,n.,"灵巧,熟练;(pl.)设备,设施,便利条件",,,,,,,,,,,,,
fact,n.,"事实,实际",,,,,,,,,,,,,
factor,n.,"因素,要素",,,,,,,,,,,,,
factory,n.,工厂,,,,,,,,,,,,,
faculty,n.,"才能;学院,系;(学院或系的)全体教学人员",,,,,,,,,,,,,
fade,v.,"褪色;衰减,消失",n.,淡入(出),n.,乏味(平淡)的,,,,,fading,faded,faded,,
fail,v.,"失败,不及格;衰退,减弱",,,,,,,,,failing,failed,failed,,
failure,n.,"失败,不及格;失败者;故障,失灵;未能",,,,,,,,,,,,,
faint,adj.,微弱的;不明显的;暗淡的,n.&v.,昏倒;昏晕,,,,,,,fainting,fainted,fainted,,
fair,adj.,"公平的,合理的;相当的",n.,"集市,交易会",,,,,,,,,,,
fairly,adv.,"公正地,正当地;相当,还算",,,,,,,,,,,,,
fairy,adj.,幻想中的;虚构的;优雅的,n.,仙女;精灵,,,,,,,,,,,
faith,n.,"信任,信用;信仰,信条",,,,,,,,,,,,,
faithful,adj.,"守信的,忠实的,如实的,可靠的",,,,,,,,,,,,,
fake,n.,假货，赝品,adj.,假的，冒充的,v.,伪造；伪装,,,,,faking,faked,faked,,
fall,v.,"跌倒;下降;减弱;坠落;变成,陷于",n.,秋季,,,,,,,falling,fell,fallen,,
false,adj.,"谬误的,虚伪的,伪造的,假的",,,,,,,,,,,,,
fame,n.,名声;名望;传说,vt.,使出名;传扬…的名,,,,,,,faming,famed,famed,,
famed,adj.,著名的，出名的,,,,,,,,,,,,,非大纲单词
familiar,adj.,熟悉的;通晓的;亲近的,n.,熟客;密友,,,,,,,,,,,
family,n.,"家,家庭成员;氏族,家庭;族,科",,,,,,,,,,,,,
famine,n.,"饥荒,饥馑",,,,,,,,,,,,,
famous,adj.,著名的,,,,,,,,,,,,,
fan,n.,"扇子,风扇;(影,球等)迷",v.,"扇,扇动,激起",,,,,,,fanning,fanned,fanned,,
fancy,n.,"爱好,迷恋",v.,"想象,幻想",adj.,"花式的,奇特的",,,,,fancying,fancied,fancied,,
fantastic,adj.,"(fantastical)奇异的,幻想的,异想天开的",,,,,,,,,,,,,
fantasy,n.,幻想，空想；空想的产物，幻想作品,,,,,,,,,,,,,
far,adj.&adv.,远，久远，遥远,adv.,到…程度，…得多,,,,,,,,,,,
farcical,adj.,闹剧的，滑稽的，荒诞可笑的,,,,,,,,,,,,,非大纲单词
fare,n.,"车费,船费;伙食;乘客",v.,过活;进展;经营,,,,,,,faring,fared,fared,,
farewell,interj.,"再会,别了",n.,告别,,,,,,,,,,,
farm,n.,"农场,饲养场",v.,"种田,经营农牧业",,,,,,,farming,farmed,farmed,,
farmer,n.,"农民,农场主",,,,,,,,,,,,,
farther,adv.,"更远地,再往前地",adj.,更远的,,,,,,,,,,,
fascinate,v.,"迷住,强烈吸引",,,,,,,,,fascinating,fascinated,fascinated,,
fashion,n.,"流行式样(或货品),风尚,风气;样子,方式",,,,,,,,,,,,,
fashionable,adj.,"流行的,时髦的",,,,,,,,,,,,,
fast,adj.,快的，迅速的；坚固的,adv.,紧紧地；迅速地,,,,,,,,,,,
fasten,v.,"扎牢,使固定",,,,,,,,,fastening,fastened,fastened,,
fat,adj.,多脂肪的，肥胖的；丰厚的,n.,脂肪，肥肉,,,,,,,,,,,
fatal,adj.,"致命的,毁灭性的",,,,,,,,,,,,,
fate,n.,命运,,,,,,,,,,,,,
father,n.,父亲；创始人，发明者；(Father)神父,,,,,,,,,,,,,
fatigue,n.&v.,(使)疲劳,,,,,,,,,fatiguing,fatigued,fatigued,,
fault,n.,"过失,过错;缺点,毛病",,,,,,,,,,,,,
faulty,adj.,有错误的，有缺点的，不完善的,,,,,,,,,,,,,
favor,n.,(favour)好感;喜爱;关切,v.,"赞成,支持,偏爱",,,,,,,favoring,favored,favored,,
favorable,adj.,"(favourable)赞许的,有利的,讨人喜欢的",,,,,,,,,,,,,
favorite,n.,(favourite)最喜欢的人或物,adj.,喜爱的,,,,,,,,,,,
fax,n.&v.,传真(机),,,,,,,,,faxing,faxed,faxed,,
fear,n.,害怕，恐惧；危险,vt.,畏惧，害怕，担心,,,,,,,fearing,feared,feared,,
fearful,adj.,可怕的，吓人的；害怕，担心，惊恐,,,,,,,,,,,,,
feasible,adj.,可行的;切实可行的;行得通的;可用的,,,,,,,,,,,,,
feast,n.,节日;宴会,,,,,,,,,,,,,
feat,n.,功绩，伟业，技艺,,,,,,,,,,,,,
feather,n.,羽毛,,,,,,,,,,,,,
feature,n.,特征;容貌;特色;特写,v.,以…为特色,,,,,,,featuring,featured,featured,,
February,n.,二月,,,,,,,,,,,,,
federal,adj.,联邦的;联邦制的;联合的;同盟的,,,,,,,,,,,,,
federation,n.,同盟;联邦;联合;联盟;联合会,,,,,,,,,,,,,
fee,n.,"费(会费,学费等);酬金",,,,,,,,,,,,,
feeble,adj.,"虚弱的,无力的",,,,,,,,,,,,,
feed,v.,"(on,with)喂养,饲养;(with)向…供给",,,,,,,,,feeding,fed,fed,,
feedback,n.,反馈;反应;回授,,,,,,,,,,,,,
feel,v.,触；认为,vi.,摸上去有…感觉；摸索；觉得,,,,,,,feeling,felt,felt,,
feeling,n.,感情;心情;知觉;同情,,,,,,,,,,,,,
fell,v.,击倒;打倒(疾病等);砍伐,adj.,凶猛的;可怕的,,,,,,,felling,felled,felled,,
fellow,n.,"人,家伙;伙伴,同事",adj.,"同样的,同事的",,,,,,,,,,,
fellowship,n.,"伙伴关系;联谊会,团体",,,,,,,,,,,,,
female,n.,女性;女人;雌兽,adj.,女性的;雌的;柔弱的,,,,,,,,,,,
feminine,adj.,女性的;娇柔的,,,,,,,,,,,,,
fence,n.,篱笆;围栏;剑术,v.,用篱笆瓦围住;击剑,,,,,,,fencing,fenced,fenced,,
ferry,n.,摆渡;渡船;渡口,v.,"摆渡;渡运(人,车或物等)",,,,,,,ferrying,ferried,ferried,,
fertile,adj.,"肥沃的,富饶的;能繁殖的",,,,,,,,,,,,,
fertility,n.,肥沃；生育力，繁殖力,,,,,,,,,,,,,非大纲单词
fertilizer,n.,(fertiliser)肥料,,,,,,,,,,,,,
festival,n.,节日;音乐节;戏剧节,adj.,节日的;快乐的,,,,,,,,,,,
fetch,v.,取来;接来;引出;售得;吸引,n.,取得;拿,,,,,,,fetching,fetched,fetched,,
feudal,adj.,封建的;封地的;领地的,,,,,,,,,,,,,
fever,n.,"发热,狂热",,,,,,,,,,,,,
few,adj.,[表肯定]有些，几个；[表否定]几乎没有的,,,,,,,,,,,,,
fiber,n.,(fibre)纤维;构造;纤维制品,,,,,,,,,,,,,
fiction,n.,"虚构,编造;小说",,,,,,,,,,,,,
field,n.,田野；运动场；(电或磁)场；领域，范围,,,,,,,,,,,,,
fierce,adj.,"凶猛的,残忍的;狂热的,强烈的",,,,,,,,,,,,,
fifteen,num.,十五,pron.&adj.,十五(个，只),,,,,,,,,,,
fifty,num.,五十，五十个,,,,,,,,,,,,,
fight,v.&n.,"打(仗),搏斗,斗争,战斗",,,,,,,,,fighting,fought,fought,,
figure,n.,体形;轮廓;数字;图形,v.,描绘;计算;推测,,,,,,,figuring,figured,figured,,
file,n.,"锉刀;文件,档案",v.,锉,,,,,,,filing,filed,filed,,
fill,v.,"(with)填满,充满",,,,,,,,,filling,filled,filled,,
film,n.,电影；胶片；薄膜，薄层,vt.,把…拍成电影,,,,,,,filming,filmed,filmed,,
filter,n.,"滤器,滤纸",,,,,,,,,,,,,
final,adj.,"最终的,决定性的",n.,结局;决赛;期末考试,,,,,,,,,,,
finally,adv.,"最后,最终;决定性地",,,,,,,,,,,,,
finance,n.,"财政,金融",v.,为…提供资金,,,,,,,financing,financed,financed,,
financial,adj.,"财政的,金融的",,,,,,,,,,,,,
find,v.,"(found,found)找到；发现；发觉；感到",,,,,,,,,finding,found,found,,
finding,n.,"发现,发现物;(常 pl.)调查/研究结果",,,,,,,,,,,,,
fine,adj.,"晴朗的,美好的,细致的",v.&n.,"罚金,罚款",,,,,,,fining,fined,fined,,
finger,n.,手指;指状物;指针,,,,,,,,,,,,,
finish,n.,完成;结束;磨光,v.,完成;结束;用完;毁掉,,,,,,,finishing,finished,finished,,
finite,adj.,"有限的；[数]有穷的,限定的",,,,,,,,,,,,,
fire,n.,火；火灾，失火；炉火,vi.,开火,vt.,放(枪),,,,,firing,fired,fired,,
fireman,n.,消防队员,,,,,,,,,,,,,
fireplace,n.,壁炉,,,,,,,,,,,,,
firm,adj.,"坚固的;坚决的,坚定的",n.,"公司,商号",,,,,,,,,,,
first,adj.&adv.,第一；最初;首次,n.,开始,pron.,第一名,,,,,,,,,
fish,n.,(pl.fish(es))鱼；鱼肉,v.,捕鱼；钓鱼,,,,,,,fishing,fished,fished,,
fisherman,n.,渔夫，捕鱼人,,,,,,,,,,,,,
fist,n.,拳头,vt.,用拳头打；紧握,,,,,,,fisting,fisted,fisted,,
fit,adj.,(病的)发作，痉挛,v.&adj.,"n.合适,试穿,安装",,,,,,,fitting,fitted,fitted,,
fitting,adj.,"适当的,恰当的",n.,"(常 pl.)配件,附件;装配",,,,,,,,,,,
five,num.,五,pron.&adj.,五(个，只),,,,,,,,,,,
fix,v.,(使)固定;修理;安装;决定;注视,n.,困境,,,,,,,fixing,fixed,fixed,,
fixture,n.,固定设备;预定日期;比赛时间;定期存款,,,,,,,,,,,,,
flag,n.,旗,,,,,,,,,,,,,
flame,n.,"火焰,火苗;热情;光辉",v.,"发火焰,燃烧",,,,,,,flaming,flamed,flamed,,
flap,n.,"垂下物,帽沿,袋盖",n.&v.,"拍打,拍动",,,,,,,flapping,flapped,flapped,,
flare,v.&n.,"闪耀,闪烁",,,,,,,,,flaring,flared,flared,,
flash,n.&adj.,闪光(的),v.,"发闪光,闪亮;闪现",,,,,,,flashing,flashed,flashed,,
flat,adj.,"平坦的,扁平的,平淡的",n.,一套房间;平面,,,,,,,,,,,
flatter,vt.,奉承;使高兴;使满意;胜过,,,,,,,,,flattering,flattered,flattered,,
flavor,n.,(flavour)情味;风味;滋味,v.,给…调味,,,,,,,flavoring,flavored,flavored,,
flaw,n.,裂缝;缺陷,v.,使破裂;使有缺陷,,,,,,,flawing,flawed,flawed,,
flee,v.,逃走;逃避,,,,,,,,,fleeing,fled,fled,,
fleet,n.,"舰队,船队",,,,,,,,,,,,,
flesh,n.,"肉,肌肉",,,,,,,,,,,,,
flexible,adj.,"柔韧的,易弯曲的,灵活的,能变形的",,,,,,,,,,,,,
flight,n.,"飞翔,飞行;航班;航程;逃跑;楼梯的一段",,,,,,,,,,,,,
fling,v.,"(用力地)扔,抛,丢",,,,,,,,,flinging,flung,flung,,
float,n.,飘浮;漂流物,v.,浮动;漂浮;传播;动摇,,,,,,,floating,floated,floated,,
flock,n.,"(一)群,(禽,畜等的)群;大量",v.,"群集,成群",,,,,,,flocking,flocked,flocked,,
flood,n.,"洪水,水灾",v.,"淹没,发大水,泛滥",,,,,,,flooding,flooded,flooded,,
floor,n.,"地板,(楼房)的层",,,,,,,,,,,,,
flora,n.,植物群，植物区系,,,,,,,,,,,,,非大纲单词
flour,n.,面粉,,,,,,,,,,,,,
flourish,n.&v.,"繁荣,茂盛,兴旺",,,,,,,,,flourishing,flourished,flourished,,
flow,v.,"流,流动",n.,"流量,流速",,,,,,,flowing,flowed,flowed,,
flower,n.,花；精华，精粹，精英；盛时,vi.,开花,,,,,,,flowering,flowered,flowered,,
flu,n.,(influenza)流行性感冒,,,,,,,,,,,,,
fluctuate,v.,(使)波动;(使)起伏,,,,,,,,,fluctuating,fluctuated,fluctuated,,
fluent,adj.,"流利的,流畅的",,,,,,,,,,,,,
fluid,adj.,"流动的,液体的",n.,"流体,液体",,,,,,,,,,,
flush,n.,脸红,v.,发红;奔流,adj.,洋溢的;富裕的;齐平的,,,,,flushing,flushed,flushed,,
fly,n.,飞行;苍蝇,v.,飞行;飘杨,adj.,机敏的,,,,,flying,flew,flown,,
foam,v.&n.,"泡沫,起泡沫",,,,,,,,,foaming,foamed,foamed,,
focus,n.,"焦点,(活动,兴趣等的)中心",v.,(on)使聚集,,,,,,,focusing,focused,focused,,
fog,n.,雾气，雾,v.,以雾笼罩，被雾笼罩,,,,,,,fogging,fogged,fogged,,
fold,v.,折叠;合拢;抱住,n.,"褶,褶痕;羊栏;信徒",,,,,,,folding,folded,folded,,
folk,n.,人们;民族;亲属,adj.,民间的,,,,,,,,,,,
follow,v.,"跟随,接着;领会;沿着…前进,遵循;结果是",,,,,,,,,following,followed,followed,,
following,adj.,下列的，下述的，其次的，接着的,,,,,,,,,,,,,
fond,adj.,"(of)喜爱的,爱好的",,,,,,,,,,,,,
food,n.,食物，粮食，养料,,,,,,,,,,,,,
fool,n.,傻子，笨蛋,vt.,欺骗，愚弄,vi.,干蠢事,,,,,fooling,fooled,fooled,,
foolish,adj.,"愚笨的,愚蠢的",,,,,,,,,,,,,
foot,n.,(pl.feet)脚，足；英尺；底部,,,,,,,,,,,,,
football,n.,足球,,,,,,,,,,,,,
footstep,n.,"脚步(声),足迹",,,,,,,,,,,,,
for,prep.,为了；给；代替；向；支持,conj.,因为?,,,,,,,,,,,
forbid,v.,"禁止,不许",,,,,,,,,forbidding,forbade,forbidden,,
force,n.,"力量,力;势力;(pl.)(总称)军队",v.,强迫,,,,,,,forcing,forced,forced,,
fore,adv.,在前面,adj.,先前的；在前部的,n.,前部,,,,,,,,,
forecast,v.&n.,"预测,预报",,,,,,,,,forecasting,forecast/forecasted,forecast/forecasted,,
forehead,n.,前额;(任何事物的)前部,,,,,,,,,,,,,
foreign,adj.,"外国的,(to)无关的;外来的;异质的",,,,,,,,,,,,,
foreigner,n.,外国人,,,,,,,,,,,,,
foremost,adj.,最先的;最初的; 主要的,adv.,首要地,,,,,,,,,,,
foresee,v.,"预见,预知",,,,,,,,,foreseeing,foresaw,foreseen,,
foreseeable,adj.,可预见的，可预知的,,,,,,,,,,,,,非大纲单词
forest,n.,森林,,,,,,,,,,,,,
forever,adv.,(for ever)永远；总是,,,,,,,,,,,,,
forge,v.,"锻造,伪造",n.,锻工车间;锻炉,,,,,,,forging,forged,forged,,
forget,v.,"忘记,遗忘",,,,,,,,,forgetting,forgot,forgotten,,
forgive,v.,"原谅,饶恕",,,,,,,,,forgiving,forgave,forgiven,,
fork,n.,"叉,耙;叉形物;餐叉",,,,,,,,,,,,,
form,n.,"形状,形式;表格",v.,"组成,构成;形成",,,,,,,forming,formed,formed,,
formal,adj.,正式的;形式的,,,,,,,,,,,,,
format,n.,"(出版物的)开本,版式,格式",vt.,设计;安排,,,,,,,formatting,formatted,formatted,,
formation,n.,形成;构成;组织;构造;编制;塑造,,,,,,,,,,,,,
former,adj.,"以前的,在前的",pron.,前者,,,,,,,,,,,
formidable,adj.,强大的;令人敬畏的;可怕的;艰难的,,,,,,,,,,,,,
formula,n.,(pl.formulae)公式;规则;分子式;药方,,,,,,,,,,,,,
formulate,v.,用公式表示;规划;设计;系统地阐述,,,,,,,,,formulating,formulated,formulated,,
forth,adv.,向前；向外，往外,,,,,,,,,,,,,
forthcoming,adj.,即将到来的;准备好的;乐意帮助的,n.,来临,,,,,,,,,,,
fortnight,n.,两星期,,,,,,,,,,,,,
fortunate,adj.,"幸运的,侥幸的",,,,,,,,,,,,,
fortune,n.,运气;命运;财产;财富,,,,,,,,,,,,,
forty,num.&adj.,四十,pron.,四十(个，只),,,,,,,,,,,
forum,n.,"论坛,讨论会",,,,,,,,,,,,,
forward,adv.,(also forwards)向前,adj.,向前的,v.,转交,,,,,forwarding,forwarded,forwarded,,
fossil,n.,化石,,,,,,,,,,,,,
foster,vt.,养育;收养;怀抱;鼓励,adj.,收养的,n.,养育者,,,,,fostering,fostered,fostered,,
foul,adj.,污秽的;邪恶的,v.,弄脏;妨害;犯规,n.,犯规,,,,,fouling,fouled,fouled,,
found,vt.,建立;创立;创办;使有根据;铸造;熔制,,,,,,,,,founding,founded,founded,,
foundation,n.,"基础,根本,建立,创立;地基,基金,基金会",,,,,,,,,,,,,
founder,n.,创始人，奠基者，创立者,,,,,,,,,,,,,非大纲单词
fountain,n.,"泉水,喷泉,源泉",,,,,,,,,,,,,
four,num.,四,pron.&adj.,四(个，只),,,,,,,,,,,
fourteen,num.,十四，十四个,,,,,,,,,,,,,
fox,n.,狐狸,,,,,,,,,,,,,
fraction,n.,"碎片,小部分,一点儿;分数",,,,,,,,,,,,,
fracture,n.,裂缝(痕);骨折,v.,"(使)断裂,(使)折断",,,,,,,fracturing,fractured,fractured,,
fragile,adj.,易碎的，脆的，易损坏的；虚弱的，脆弱的,,,,,,,,,,,,,
fragment,n.,"碎片,小部分,片断",,,,,,,,,,,,,
fragrant,adj.,香的;芬芳的,,,,,,,,,,,,,
frame,n.,框架;体格;骨架;组织;机构,v.,设计;制定,,,,,,,framing,framed,framed,,
framework,n.,构架;框架;结构;组织;机构,,,,,,,,,,,,,
frank,adj.,"坦白的,直率的",,,,,,,,,,,,,
fraud,n.,欺诈，诈骗；欺骗(行为)；骗子；假货,,,,,,,,,,,,,
free,adj.,自由的;免费的;免税的;空闲的,vt.,释放,,,,,,,freeing,freed,freed,,
freedom,n.,"自由,自主,免除,特权",,,,,,,,,,,,,
freeze,v.,"使结冰,使凝固",,,,,,,,,freezing,froze,frozen,,
freight,n.,"货物,货运,运费",,,,,,,,,,,,,
frequency,n.,"频率,周率",,,,,,,,,,,,,
frequent,adj.,"时常发生的,频繁的",,,,,,,,,,,,,
fresh,adj.,"新鲜的,无经验的",,,,,,,,,,,,,
friction,n.,"磨擦,摩擦力",,,,,,,,,,,,,
Friday,n.,星期五,,,,,,,,,,,,,
fridge,n.,(refrigerator 的略语)冰箱,,,,,,,,,,,,,
friend,n.,朋友,,,,,,,,,,,,,
friendly,adj.,"友好的,友谊的",,,,,,,,,,,,,
friendship,n.,"友谊,友好",,,,,,,,,,,,,
fright,n.,恐怖,,,,,,,,,,,,,
frighten,v.,使惊恐,,,,,,,,,frightening,frightened,frightened,,
fringe,n.,边缘；(窗帘)缘饰；额前垂发,vt.,饰…的边,,,,,,,fringing,fringed,fringed,,
frog,n.,蛙,,,,,,,,,,,,,
from,prep.,从，自从；由于；离；根据，按；去除,,,,,,,,,,,,,
front,adj.,"前面的,前部的",n.,"正面;前线,战线",v.,面对,,,,,fronting,fronted,fronted,,
frontier,n.,"国境,边境;尖端,新领域",,,,,,,,,,,,,
frost,n.,"霜,霜冻,严寒",,,,,,,,,,,,,
frown,v.,皱眉,,,,,,,,,frowning,frowned,frowned,,
fruit,n.,"水果,果实;成果,效果",,,,,,,,,,,,,
fruitful,adj.,"多产的;果实累累的,富有成效的",,,,,,,,,,,,,
frustrate,vt.,"挫败,阻挠,使灰心",,,,,,,,,frustrating,frustrated,frustrated,,
fry,v.,"油煎,油炸",,,,,,,,,frying,fried,fried,,
fuel,n.,燃料,vt.,给…加燃料,,,,,,,fuelling,fuelled,fuelled,,
fulfill,v.,"(fulfil)完成,履行,实践,满足",,,,,,,,,fulfilling,fulfilled,fulfilled,,
full,adj.,"(of)满的,充满的",adj.&adv.,"完全,充分",,,,,,,,,,,
fume,n.,(浓烈或难闻的）烟，气，汽,,,,,,,,,,,,,
fun,n.,"玩笑,娱乐;有趣的人(或事物)",,,,,,,,,,,,,
function,n.,"功能,作用;(pl.)职务;函数",v.,起作用,,,,,,,functioning,functioned,functioned,,
fund,n.,"资金,基金;存款,现款;(知识等的)累积",,,,,,,,,,,,,
fundamental,adj.,"基础的,基本的",n.,"(pl.)基本原则,基本原理",,,,,,,,,,,
funeral,n.,"丧葬,葬礼",,,,,,,,,,,,,
funny,adj.,"滑稽的,可笑的",,,,,,,,,,,,,
fur,n.,"毛,毛皮",,,,,,,,,,,,,
furious,adj.,"狂怒的,狂暴的,猛烈的",,,,,,,,,,,,,
furnace,n.,"炉子,熔炉",,,,,,,,,,,,,
furnish,v.,"供应,提供;装备,布置",,,,,,,,,furnishing,furnished,furnished,,
furniture,n.,家具,,,,,,,,,,,,,
further,adv.&adj.,"更远,更往前;进一步",v.,"促进,增进",,,,,,,furthering,furthered,furthered,,
furthermore,adv.,"而且,此外",,,,,,,,,,,,,
fuse,n.,"保险丝,导火线,引信",v.,"熔化,熔合",,,,,,,fusing,fused,fused,,
fuss,n.&v.,"忙乱,大惊小怪",,,,,,,,,fussing,fussed,fussed,,
futile,adj.,无效的，无用的，无希望的,,,,,,,,,,,,,
future,n.,"将来,未来;前途,前景",adj.,"将来的,未来的",,,,,,,,,,,
gain,v.,获得；增加；表等走快,n.,"增进,增加；收益",,,,,,,gaining,gained,gained,,
galaxy,n.,星系;(the Galaxy)银河(系);一群显赫的人,,,,,,,,,,,,,
gallery,n.,"长廊,画廊,美术馆",,,,,,,,,,,,,
gallon,n.,加仑,,,,,,,,,,,,,
gallop,v.&n.,"奔驰,飞奔",,,,,,,,,galloping,galloped,galloped,,
gamble,n.&v.,"投机,冒险;赌博",,,,,,,,,gambling,gambled,gambled,,
game,n.,游戏，娱乐；比赛；(pl.)运动会,vi.,赌博,,,,,,,gaming,gamed,gamed,,
gang,n.,"一帮,一群,一伙",,,,,,,,,,,,,
gaol,n.,(jail)监狱；(不加冠词)监禁,vt.,使…坐牢,,,,,,,gaoling,gaoled,gaoled,,
gap,n.,缺口;差距;空白;缺乏,,,,,,,,,,,,,
garage,n.,"车库,飞机库;修车厂",,,,,,,,,,,,,
garbage,n.,垃圾,,,,,,,,,,,,,
garden,n.,"(菜,花)园;公园",,,,,,,,,,,,,
garlic,n.,蒜，大蒜粉,,,,,,,,,,,,,
garment,n.,(一件)衣服,,,,,,,,,,,,,
gas,n.,气体；煤气；汽油；毒气,vt.,毒(死)；加油,,,,,,,gassing,gassed,gassed,,
gasoline,n.,(gasolene)汽油,,,,,,,,,,,,,
gasp,n.,"喘息,气喘",v.,喘息;气吁吁地说,,,,,,,gasping,gasped,gasped,,
gate,n.,大门；入口；观众人数，门票收入,,,,,,,,,,,,,
gather,v.,"聚集,聚拢;推测,推断",,,,,,,,,gathering,gathered,gathered,,
gauge,n.,"标准尺寸;规格;量规,量表",v.,测量,,,,,,,gauging,gauged,gauged,,
gay,adj.,"快乐的,愉快的,色彩鲜艳的",n.,同性恋,,,,,,,,,,,
gaze,v.&n.,"凝视,注视",,,,,,,,,gazing,gazed,gazed,,
gear,n.,"齿轮,传动装置",v.,"(to)调整,使适合",,,,,,,gearing,geared,geared,,
gender,n.,(生理上的)性；(名词、代词等的)性,,,,,,,,,,,,,
gene,n.,基因,,,,,,,,,,,,,
general,adj.,"一般的,普通的;总的,大体的",n.,将军,,,,,,,,,,,
generalize,v.,"(generalise)归纳,概括;推广,普及",,,,,,,,,generalizing,generalized,generalized,,
generate,vt.,"产生,发生;生殖",,,,,,,,,generating,generated,generated,,
generation,n.,"产生,发生;一代(人)",,,,,,,,,,,,,
generative,adj.,能生成的，生成式的；有生产力的,,,,,,,,,,,,,非大纲单词
generator,n.,"发电机,发生器",,,,,,,,,,,,,
generous,adj.,"宽宏大量的,慷慨的",,,,,,,,,,,,,
genetic,adj.,遗传(学)的,n.,[-s]遗传学,,,,,,,,,,,
genius,n.,天才,,,,,,,,,,,,,
gentle,adj.,"和蔼的,文雅的,有礼貌的",,,,,,,,,,,,,
gentleman,n.,"绅士,先生",,,,,,,,,,,,,
gently,adv.,"文雅地,有礼貌地;轻轻地",,,,,,,,,,,,,
genuine,adj.,"真正的,名副其实的",,,,,,,,,,,,,
geography,n.,地理(学),,,,,,,,,,,,,
geology,n.,地质(学),,,,,,,,,,,,,
geometry,n.,几何(学),,,,,,,,,,,,,
germ,n.,"微生物,细菌",,,,,,,,,,,,,
gesture,n.,"姿势,姿态,手势",v.,做手势,,,,,,,gesturing,gestured,gestured,,
get,v.,获得，得到；使，使得；变得，成为；到达,,,,,,,,,getting,got,got/gotten,,
ghost,n.,"鬼魂,幽灵",,,,,,,,,,,,,
giant,n.,巨人,adj.,巨大的,,,,,,,,,,,
gift,n.,"礼品,赠品;天赋,才能",,,,,,,,,,,,,
gigantic,adj.,"巨大的,庞大的",,,,,,,,,,,,,
giggle,vi.,／,n.,痴笑；咯咯地笑,vt.,咯咯地笑着说,,,,,giggling,giggled,giggled,,
girl,n.,少女，姑娘，女孩；女职员,,,,,,,,,,,,,
give,v.,给，授予；供给；献出，让步；捐赠；发表,,,,,,,,,giving,gave,given,,
glad,adj.,高兴的，快活的；乐意的，情愿的,,,,,,,,,,,,,
glamor,n.,(glamour)魅力;魔法,vt.,迷惑,,,,,,,glamoring,glamored,glamored,,
glance,v.,"(at,over)扫视",n.,"匆匆看,一瞥,一眼",,,,,,,glancing,glanced,glanced,,
glare,vi.,怒目而视;发射强光,n.,强光;怒视;炫耀,,,,,,,glaring,glared,glared,,
glass,n.,玻璃;玻璃杯;镜子;(pl.)眼镜,,,,,,,,,,,,,
glide,n.&v.,"溜,滑行;(时间)消逝",,,,,,,,,gliding,glided,glided,,
glimpse,n.&v.,"一瞥,瞥见",,,,,,,,,glimpsing,glimpsed,glimpsed,,
glitter,n.,"光辉,灿烂",v.,闪闪发光;闪耀,,,,,,,glittering,glittered,glittered,,
global,adj.,"球形的;全球的,全世界的;全面的",,,,,,,,,,,,,
globe,n.,"球体,地球仪;地球,世界",,,,,,,,,,,,,
gloomy,adj.,"阴暗的,阴沉的,令人沮丧的,阴郁的",,,,,,,,,,,,,
glorious,adj.,"壮丽的,辉煌的;光荣的",,,,,,,,,,,,,
glory,n.,"光荣,荣誉",,,,,,,,,,,,,
glove,n.,手套,,,,,,,,,,,,,
glow,v.,"发热,发光,发红",n.,白热,,,,,,,glowing,glowed,glowed,,
glue,n.,"胶,胶水",v.,"胶合,粘贴",,,,,,,gluing,glued,glued,,
go,v.,去，离开；走；放置；变成；运转,n.,围棋,,,,,,,going,went,gone,,
goal,n.,"目的, 目标;守门员,球门;进球",,,,,,,,,,,,,
goat,n.,山羊,,,,,,,,,,,,,
god,n.,上帝(小写 god 泛指所有的“神，神像”),,,,,,,,,,,,,
gold,n.,金，黄金；金币；金黄色,adj.,金的，金制的,,,,,,,,,,,
golden,adj.,"金黄色的;贵重的,极好的",,,,,,,,,,,,,
golf,n.,高尔夫球,,,,,,,,,,,,,
good,adj.,好的;善良的;擅长的;乖的,n.,好处;利益,,,,,,,,,,,
goodby,interj.,(goodbye)再见,,,,,,,,,,,,,
goodness,n.,善良，仁慈；(食物等)精华,interj.,天哪,,,,,,,,,,,
goods,n.,(pl.)货物，商品,,,,,,,,,,,,,
goose,n.,"(pl.geese)鹅,雌鹅,鹅肉",,,,,,,,,,,,,
gorgeous,adj.,华丽的；灿烂的；美丽的；宜人的；棒的,,,,,,,,,,,,,
gossip,n.&v.,"(说)闲话,闲聊",,,,,,,,,gossiping,gossiped,gossiped,,
govern,v.,"统治,管理;决定,支配",,,,,,,,,governing,governed,governed,,
government,n.,"政府,内阁;管理,支配;政治,政体",,,,,,,,,,,,,
governor,n.,"统治者,管理者,总督,州(省)长",,,,,,,,,,,,,
gown,n.,长袍，特殊场合穿的长服,,,,,,,,,,,,,
grab,v.&n.,(at)抓(住);夺(得),,,,,,,,,grabbing,grabbed,grabbed,,
grace,n.,"优美,文雅;恩惠,恩泽;宽限,缓刑;感恩祷告",,,,,,,,,,,,,
graceful,adj.,"优美的,文雅的,大方的",,,,,,,,,,,,,
gracious,adj.,"亲切的,客气的;宽厚的,仁慈的",,,,,,,,,,,,,
grade,n.,"等级,级别;年级;分数",v.,"分等,分级",,,,,,,grading,graded,graded,,
gradual,adj.,"逐渐的,逐步的",,,,,,,,,,,,,
graduate,n.,"大学毕业生,研究生",v.,大学毕业,adj.,毕了业的,,,,,graduating,graduated,graduated,,
grain,n.,"谷物,谷类;颗粒,细粒",,,,,,,,,,,,,
grammar,n.,"语法,语法书",,,,,,,,,,,,,
gramme,n.,(gram)克,,,,,,,,,,,,,
grand,adj.,"盛大的,豪华的;重大的,主要的",,,,,,,,,,,,,
grandmother,n.,"祖母,外祖母",,,,,,,,,,,,,
grant,v.,"同意,准予;授予",n.,授予物;津贴;转让证书,,,,,,,granting,granted,granted,,
grape,n.,葡萄,,,,,,,,,,,,,
graph,n.,"图表,曲线图",,,,,,,,,,,,,
graphic,adj.,"绘画似的, 图解的,生动的",,,,,,,,,,,,,
grasp,v.&n.,"抓住,抓紧;掌握,领会",,,,,,,,,grasping,grasped,grasped,,
grass,n.,草，草地,,,,,,,,,,,,,
grateful,adj.,"(to,for)感激的;感谢的",,,,,,,,,,,,,
gratitude,n.,"感激,感谢",,,,,,,,,,,,,
grave,n.,坟墓,adj.,"严肃的,庄重的",,,,,,,,,,,
gravity,n.,"重力,引力;严肃,庄重",,,,,,,,,,,,,
graze,vi.,吃青草,vt.,放牧;擦伤;掠过 .n.擦伤(处),,,,,,,grazing,grazed,grazed,,
grease,n.,"动物脂,油脂,润滑脂",v.,"抹油,润滑",,,,,,,greasing,greased,greased,,
great,adj.,伟大的；重要的；大量的；很好的；美好的,,,,,,,,,,,,,
greedy,adj.,"贪吃的,贪婪的,渴望的",,,,,,,,,,,,,
green,adj.,绿色的;生的;未成熟的,n.,绿色;蔬菜;植物,,,,,,,,,,,
greenhouse,n.,温室,,,,,,,,,,,,,
greet,v.,"致敬,敬意,迎接;扑(鼻),入(耳),触(目)",,,,,,,,,greeting,greeted,greeted,,
greeting,n.,"问候,致敬",,,,,,,,,,,,,
grey,n.&adj.,(gray)灰色(的),,,,,,,,,,,,,
grief,n.,悲伤，悲痛；悲伤的事，悲痛的缘由,,,,,,,,,,,,,
grieve,v.,"使悲伤,使伤心",,,,,,,,,grieving,grieved,grieved,,
grim,adj.,严酷的，令人害怕的；不愉快的，讨厌的,,,,,,,,,,,,,
grin,n.&vi.,露齿而笑，咧嘴一笑,,,,,,,,,grinning,grinned,grinned,,
grind,v.,"磨(碎),碾(碎)",,,,,,,,,grinding,ground,ground,,
grip,v.&n.,"紧握,抓紧;掌握",,,,,,,,,gripping,gripped,gripped,,
groan,v.&n.,呻吟,,,,,,,,,groaning,groaned,groaned,,
grocer,n.,"食品商,杂货商",,,,,,,,,,,,,
grope,n.&v.,"摸索,探索",,,,,,,,,groping,groped,groped,,
gross,adj.,"总的,毛(重)的;粗鲁的,粗俗的",n.,总额,,,,,,,,,,,
ground,n.,地，地面，土地；场地，场所；理由，根据,,,,,,,,,,,,,
group,n.,"群,组",v.,分组,,,,,,,grouping,grouped,grouped,,
grow,v.,生长，成长；渐渐变成；栽培，种植；发展,,,,,,,,,growing,grew,grown,,
grown-up,adj.,"成长的,成熟的,成人的",n.,成年人,,,,,,,,,,,
growth,n.,"生长,增长,发展",,,,,,,,,,,,,
guarantee,n.,"保证,保证书",v.,"保证,担保",,,,,,,guaranteeing,guaranteed,guaranteed,,
guard,v.&n.,保卫，守卫，提防,n.,哨兵，警卫，看守,,,,,,,guarding,guarded,guarded,,
guess,v.&n.,猜测，推测；以为；猜想[同]surmise,,,,,,,,,guessing,guessed,guessed,,
guest,n.,"客人,宾客,旅客",,,,,,,,,,,,,
guidance,n.,"引导,指导",,,,,,,,,,,,,
guide,n.,"领路人;指南,导游",v.,领路;指导;支配;管理,,,,,,,guiding,guided,guided,,
guideline,n.,指导方针，指导原则，准则，标准,,,,,,,,,,,,,
guilt,n.,"罪过,内疚",,,,,,,,,,,,,
guilty,adj.,"(of)有罪的,内疚的",,,,,,,,,,,,,
guitar,n.,吉他,vi.,弹吉他,,,,,,,guitaring,guitared,guitared,,
gulf,n.,海湾,,,,,,,,,,,,,
gum,n.,树胶;口香糖,,,,,,,,,,,,,
gun,n.,枪，炮，手枪,,,,,,,,,,,,,
gut,n.,[pl.]胆量；内脏,adj.,本能的,vt.,取出内脏,,,,,gutting,gutted,gutted,,
guy,n.,"家伙, 人",,,,,,,,,,,,,
gymnasium,n.,(gym)体育馆，健身房,,,,,,,,,,,,,
habit,n.,"习惯,习性,脾性",,,,,,,,,,,,,
habitat,n.,(动物的)栖息地，(植物的)产地,,,,,,,,,,,,,
hail,v.,"下雹;欢呼,欢迎",n.,雹,,,,,,,hailing,hailed,hailed,,
hair,n.,毛发，头发；绒毛，毛状物,,,,,,,,,,,,,
half,n.,半，一半,adj.,一半的，不完全的,adv.,一半地,,,,,,,,,
hall,n.,"礼堂,会堂,办公大楼,门厅",,,,,,,,,,,,,
halt,n.,"止步,停步,停止前进",v.,"止步,(使)停止",,,,,,,halting,halted,halted,,
ham,n.,火腿,,,,,,,,,,,,,
hamburger,n.,"汉堡包,牛肉饼",,,,,,,,,,,,,
hammer,n.,"铁锤,槌,榔头",v.,"锤击,敲打",,,,,,,hammering,hammered,hammered,,
hamper,v.,"妨碍,阻碍,牵制",,,,,,,,,hampering,hampered,hampered,,
hand,n.,手，人手，雇员；专门业人员；指针,v.,交,,,,,,,handing,handed,handed,,
handbook,n.,"手册,指南",,,,,,,,,,,,,
handful,n.,一把;少数;一小撮,,,,,,,,,,,,,
handicap,v.,妨碍,n.,(身体或智力方面的)缺陷;不利条件,,,,,,,handicapping,handicapped,handicapped,,
handkerchief,n.,手帕,,,,,,,,,,,,,
handle,n.,"柄,把手,拉手",v.,"处理,对待,操纵;触,抚养",,,,,,,handling,handled,handled,,
handsome,adj.,"漂亮的,英俊的;慷慨的,数量可观的",,,,,,,,,,,,,
handwriting,n.,"笔迹,手迹,书法",,,,,,,,,,,,,
handy,adj.,"手边的,近便的;方便的",,,,,,,,,,,,,
hang,v.,"悬挂,垂吊;吊死,绞死",,,,,,,,,hanging,hung,hung,,
happen,v.,(偶然)发生；碰巧，恰好,,,,,,,,,happening,happened,happened,,
happy,adj.,快乐的，幸福的；乐意的；令人满意的,,,,,,,,,,,,,
harassment,n.,骚扰，扰乱；烦恼，烦乱,,,,,,,,,,,,,
harbor,n.,(harbour)海港;避难所,v.,"隐匿,窝藏",,,,,,,harboring,harbored,harbored,,
hard,adj.,坚硬的；结实的；困难的；难忍的；严厉的,,,,,,,,,,,,,
harden,v.,(使)变硬,,,,,,,,,hardening,hardened,hardened,,
hardly,adv.,"几乎不,简直不;仅仅",,,,,,,,,,,,,
hardship,n.,"艰难,困苦",,,,,,,,,,,,,
hardware,n.,"五金,金属制品;硬件",,,,,,,,,,,,,
harm,n.&v.,"伤害,损害,危害",,,,,,,,,harming,harmed,harmed,,
harmony,n.,"协调,和谐;融洽",,,,,,,,,,,,,
harness,v.,"治理,利用",n.,"马具,挽具",,,,,,,harnessing,harnessed,harnessed,,
harsh,adj.,粗糙的；(声音)刺耳的；苛刻的，严酷的,,,,,,,,,,,,,
harvest,n.,"收获,收成;成果,后果",v.,"收获,收割",,,,,,,harvesting,harvested,harvested,,
haste,n.,"匆忙,急速;草率",v.,赶快;匆忙,,,,,,,hasting,hasted,hasted,,
hasty,adj.,"匆忙的,仓促的;草率的",,,,,,,,,,,,,
hat,n.,帽子(一般指有边的帽子),,,,,,,,,,,,,
hatch,v.,"孵,孵出;策划,图谋",n.,"舱口,小门",,,,,,,hatching,hatched,hatched,,
hate,v.,"恨,憎恨;不愿,不喜欢",n.,"恨,憎恶",,,,,,,hating,hated,hated,,
hatred,n.,"憎恨,憎恶,怨恨",,,,,,,,,,,,,
haul,v.,"拖曳,拖运,用力拖",,,,,,,,,hauling,hauled,hauled,,
have,v.,有，具有；体会，经受；从事；使；吃，喝,,,,,,,,,having,had,had,,
hawk,n.,"鹰,隼",,,,,,,,,,,,,
hay,n.,干草,,,,,,,,,,,,,
hazard,n.,"危险,冒险,危害",v.,"冒险,拼命",,,,,,,hazarding,hazarded,hazarded,,
he,pron.,他；(不论性别的)一个人,,,,,,,,,,,,,
head,n.,"头；顶部；领导,首脑",v.,主管；位于…顶部,,,,,,,heading,headed,headed,,
headache,n.,头痛,,,,,,,,,,,,,
heading,n.,标题,,,,,,,,,,,,,
headline,n.,"大字标题,新闻标题",,,,,,,,,,,,,
headmaster,n.,校长,,,,,,,,,,,,,
headquarters,n.,"司令部,指挥部;总部,总局",,,,,,,,,,,,,
heal,v.,"治愈,愈合",,,,,,,,,healing,healed,healed,,
health,n.,"健康,健康状况;卫生",,,,,,,,,,,,,
healthy,adj.,"健康的,健壮的;有益健康的,卫生的",,,,,,,,,,,,,
heap,n.,"(一)堆,大量,许多",v.,"(up)堆,堆起",,,,,,,heaping,heaped,heaped,,
hear,v.,听见；审讯；(from)收到…的信/电话;听说,,,,,,,,,hearing,heard,heard,,
hearing,n.,"听,倾听;听力;审讯",,,,,,,,,,,,,
heart,n.,心(脏)；内心，感情；热忱；中心，要点,,,,,,,,,,,,,
heat,n.,"热,热度;热烈,激烈",v.,"(给)加热,(使)变热",,,,,,,heating,heated,heated,,
heave,v.,(用力)举，提，拉；扔；拖；呕吐,n.,举起,,,,,,,heaving,heaved,heaved,,
heaven,n.,"天,天空,天堂;(Heaven)上帝,神",,,,,,,,,,,,,
heavy,adj.,"重的,重型的;沉重的,大量的,猛烈的",,,,,,,,,,,,,
hedge,n.,"篱笆,树篱,障碍物",v.,用树篱围住,,,,,,,hedging,hedged,hedged,,
heel,n.,"脚后跟,踵,鞋跟",,,,,,,,,,,,,
height,n.,"高,高度;(常 pl.)高地,高处",,,,,,,,,,,,,
heighten,v.,"提高,升高",,,,,,,,,heightening,heightened,heightened,,
heir,n.,继承人,,,,,,,,,,,,,
helicopter,n.,直升(飞)机,,,,,,,,,,,,,
hell,n.,"地狱,阴间;苦境,极大痛苦",,,,,,,,,,,,,
hello,interj.,"英(美)喂,你好(用来打招呼或引起注意)",,,,,,,,,,,,,
helmet,n.,"头盔,钢盔",,,,,,,,,,,,,
help,v.,帮(援)助；有助于；[呼救]救命,n.,帮助(手),,,,,,,helping,helped,helped,,
helpful,adj.,"(to)有帮助的,有益的,有用的",,,,,,,,,,,,,
hemisphere,n.,半球,,,,,,,,,,,,,
hen,n.,母鸡,,,,,,,,,,,,,
hence,adv.,"从此,今后;因此",,,,,,,,,,,,,
henceforth,adv.,今后,,,,,,,,,,,,,
her,pron.,[she 的宾格]她；[she 的所有格]她的,,,,,,,,,,,,,
herb,n.,药草，(调味用的)香草，草本植物,,,,,,,,,,,,,
herd,n.,"群,兽群,牛群",v.,"放牧,群集",,,,,,,herding,herded,herded,,
here,adv.,在(到，向)这里；这时；在这一点上,,,,,,,,,,,,,
heresy,n.,异端，邪说,,,,,,,,,,,,,非大纲单词
heritage,n.,"遗产,继承物;传统",,,,,,,,,,,,,
hero,n.,英雄，勇士；男主角，男主人公,,,,,,,,,,,,,
heroic,adj.,英雄的，英勇的，崇高的,,,,,,,,,,,,,
heroin,n.,海洛因,,,,,,,,,,,,,
heroine,n.,女英雄;女主角,,,,,,,,,,,,,
hers,pron.,[she 的物主代词]她的(所有物),,,,,,,,,,,,,
herself,pron.,[反身代词]她自己；她亲自，她本人,,,,,,,,,,,,,
hesitate,v.,"犹豫,踌躇;含糊,支吾",,,,,,,,,hesitating,hesitated,hesitated,,
hi,interj.,(hey)嗨!喂!,,,,,,,,,,,,,
hide,v.,"隐藏,躲藏;隐瞒",n.,"皮革,兽皮",,,,,,,hiding,hid,hidden,,
hierarchy,n.,等级制度；统治集团，领导层,,,,,,,,,,,,,
high,adj.,高的，高度的，高级的，高尚的,adv.,高高地,,,,,,,,,,,
highland,n.,"高地,高原",,,,,,,,,,,,,
highlight,v.,"使显著,使突出;强调",n.,最精彩的部分,,,,,,,highlighting,highlighted,highlighted,,
highly,adv.,"高度地,很,非常;赞许地",,,,,,,,,,,,,
highway,n.,"公路,大路",,,,,,,,,,,,,
hijack,v.,劫持，劫机，拦路抢劫,,,,,,,,,hijacking,hijacked,hijacked,,
hike,n.,徒步旅行；增加,vi.,徒步旅行,vt.,提高,,,,,hiking,hiked,hiked,,
hill,n.,小山，山岗，高地；[pl.]丘陵(地带),,,,,,,,,,,,,
him,pron.,他(he 的宾格形式),,,,,,,,,,,,,
himself,pron.,[反身代词]他自己；他本人,,,,,,,,,,,,,
hinder,v.,"(from)阻止,妨碍",adj.,后面的,,,,,,,hindering,hindered,hindered,,
hinge,n.,"合页,铰链",vi.,依…而定,,,,,,,hinging,hinged,hinged,,
hint,n.,"暗示,提示,线索",v.,"暗示,示意",,,,,,,hinting,hinted,hinted,,
hip,n.,臀部，髋；屋脊,,,,,,,,,,,,,
hire,n.&v.,"雇用,租借",,,,,,,,,hiring,hired,hired,,
his,pron.,[he 的所有格/物主代词]他的(所有物),,,,,,,,,,,,,
historian,n.,历史学家,,,,,,,,,,,,,
historic,adj.,有历史意义的;历史的,,,,,,,,,,,,,
historical,adj.,历史的;有关历史的,,,,,,,,,,,,,
history,n.,"历史,历史学;来历,经历",,,,,,,,,,,,,
hit,v.,"打,击;碰撞",n.,击中;成功而风行一时的事物,,,,,,,hitting,hit,hit,,
hitherto,adv.,"到目前为止,迄今",,,,,,,,,,,,,
hobby,n.,"业余爱好,嗜好,兴趣",,,,,,,,,,,,,
hoist,v.,"举起,升起,吊起",,,,,,,,,hoisting,hoisted,hoisted,,
hold,v.,拿着;保有;托住;举行;继续,n.,握住;船舱,,,,,,,holding,held,held,,
holder,n.,"持有者, 占有者;(台,架等)支持物",,,,,,,,,,,,,
hole,n.,"洞,孔",,,,,,,,,,,,,
holiday,n.,"假日,节日,假期,休假",,,,,,,,,,,,,
hollow,adj.,"空的,中空的;空洞的,空虚的",v.,"挖空,凿空",,,,,,,hollowing,hollowed,hollowed,,
holy,adj.,"神圣的,圣洁的",,,,,,,,,,,,,
home,adv.,"回家,在家",n.,家；家乡,adj.,家庭的；家乡的,,,,,,,,,
homework,n.,(学生的)家庭作业、课外人员,,,,,,,,,,,,,
homogeneous,adj.,同种类的，同性质的，有相同特征的,,,,,,,,,,,,,
honest,adj.,"诚实的,正直的,老实的",,,,,,,,,,,,,
honey,n.,"蜜,蜂蜜",,,,,,,,,,,,,
honor,n.,"(honour)尊敬,敬意;荣誉,光荣",v.,尊敬,,,,,,,honoring,honored,honored,,
honorable,adj.,"(honourable)可敬的;荣誉的,光荣的",,,,,,,,,,,,,
hook,n.,"钩,吊钩,钩状物",v.,钩住,,,,,,,hooking,hooked,hooked,,
hop,v.,人单足跳;跳上(车等),n.,蹦跳;短程飞行,,,,,,,hopping,hopped,hopped,,
hope,n.,希望，期望；希望的人或事,v.,希望，期望,,,,,,,hoping,hoped,hoped,,
hopeful,adj.,给人希望的，抱有希望的,,,,,,,,,,,,,
horizon,n.,"地平线;眼界,见识",,,,,,,,,,,,,
horizontal,adj.,地平线的;水平的,,,,,,,,,,,,,
horn,n.,"(牛羊等的)角;号,喇叭;角状物;角制品",,,,,,,,,,,,,
horrible,adj.,令人恐惧的，可怕的；极讨厌的，糟透的,,,,,,,,,,,,,
horror,n.,"恐怖,战栗",,,,,,,,,,,,,
horse,n.,马；跳马，鞍马,v.,骑马,,,,,,,horsing,horsed,horsed,,
horsepower,n.,[机]马力,,,,,,,,,,,,,
hose,n.,"水龙带,软管",v.,"用软管(淋浇,冲洗)",,,,,,,hosing,hosed,hosed,,
hospital,n.,医院,,,,,,,,,,,,,
hospitality,n.,"好客,殷勤,款待",,,,,,,,,,,,,
host,n.,"主人;旅店老板;节目主持人;一大群,许多",,,,,,,,,,,,,
hostage,n.,人质,,,,,,,,,,,,,
hostess,n.,"女主人,女主持人",,,,,,,,,,,,,
hostile,adj.,"敌对的,敌方的,敌意的",,,,,,,,,,,,,
hot,adj.,(炎)热的；辣的；急躁的；激动的；热衷的,,,,,,,,,,,,,
hotel,n.,旅馆,,,,,,,,,,,,,
hound,n.,猎狗；卑鄙的人,vt.,用猎狗追，追逐,,,,,,,hounding,hounded,hounded,,
hour,n.,小时，钟点；时刻；课时，工作时间,,,,,,,,,,,,,
house,n.,房屋；商业机构；[H-]议院,v.,给…房子住,,,,,,,housing,housed,housed,,
household,n.,家庭，家人,adj.,家庭(务)的，家常的,,,,,,,,,,,
housewife,n.,家庭主妇,,,,,,,,,,,,,
housework,n.,家务，家事(不可数),,,,,,,,,,,,,
housing,n.,住房，住房供给；(外、阀)壳，防护罩,,,,,,,,,,,,,
hover,vi.,(鸟)盘旋，翱翔，(人)逗留在附近徘徊,,,,,,,,,hovering,hovered,hovered,,
how,adv.,1.(表示方法、手段、状态)怎样；如何,,,,,,,,,,,,,
however,adv.,然而，可是，不过，无论如何,conj.,无论,,,,,,,,,,,
howl,n.,怒吼，嗥叫,vi.,(风等)怒吼，咆哮,,,,,,,howling,howled,howled,,
huddle,n.&v.,拥挤;聚集,v.,(因寒冷、害怕而)缩成一团,,,,,,,huddling,huddled,huddled,,
hug,v.&n.,"热烈拥抱,紧抱",,,,,,,,,hugging,hugged,hugged,,
huge,adj.,"巨大的,庞大的",,,,,,,,,,,,,
hum,v.,哼曲子；发嗡嗡声；忙碌,n.,嗡嗡声，嘈杂声,,,,,,,humming,hummed,hummed,,
human,adj.,"人的,人类的",n.,人,,,,,,,,,,,
humanity,n.,"人类,人性,人情;(pl.)人文科学",,,,,,,,,,,,,
humble,adj.,"谦卑的,恭顺的;地位低下的",v.,"降低,贬低",,,,,,,humbling,humbled,humbled,,
humid,adj.,"湿的,湿气重的",,,,,,,,,,,,,
humidity,n.,"湿气,湿度",,,,,,,,,,,,,
humiliate,v.,使羞辱，使丢脸[同]disgrace,,,,,,,,,humiliating,humiliated,humiliated,,
humor,n.,"(humour)幽默,诙谐",,,,,,,,,,,,,
humorous,adj.,富于幽默感的，幽默的；滑稽的,,,,,,,,,,,,,
hundred,num.,百，一百；[pl.]许多,adj.,一百的；许多,,,,,,,,,,,
hunger,n.&v.,饥饿;渴望,,,,,,,,,hungering,hungered,hungered,,
hungry,adj.,"饥饿的,渴望的",,,,,,,,,,,,,
hunt,v.&n.,"打猎,猎取;(for)搜索;寻找",,,,,,,,,hunting,hunted,hunted,,
hurl,vt.,猛投，力掷；大声叫骂,,,,,,,,,hurling,hurled,hurled,,
hurricane,n.,飓风,,,,,,,,,,,,,
hurry,vi.,匆忙,vt.,催促;急运(派),n.,急(匆)忙,,,,,hurrying,hurried,hurried,,
hurt,n.,"伤痛,伤害",v.,"刺痛,伤害;伤…的感情",,,,,,,hurting,hurt,hurt,,
husband,n.,丈夫,,,,,,,,,,,,,
hut,n.,"小屋,棚屋",,,,,,,,,,,,,
hydrogen,n.,氢,,,,,,,,,,,,,
hypocrisy,n.,伪善，虚伪,,,,,,,,,,,,,
hypothesis,n.,"假说,假设,前提",,,,,,,,,,,,,
hysterical,adj.,"情绪异常激动的,歇斯底里的",,,,,,,,,,,,,
I,pron.,(主格)我,,,,,,,,,,,,,
ice,n.,冰；冰冻甜食,vt.,冰冻，使成冰,,,,,,,icing,iced,iced,,
ice-cream,n.,冰淇淋,,,,,,,,,,,,,
idea,n.,想法，念头；概念，观念；意见，主意,,,,,,,,,,,,,
ideal,adj.,理想的;空想的;理想主义的;唯心的,n.,理想,,,,,,,,,,,
identical,adj.,"(to.with)同一的,同样的",,,,,,,,,,,,,
identification,n.,"识别,鉴别;证件;认同",,,,,,,,,,,,,
identify,v.,"识别,鉴别;(with)把…和…看成一样",,,,,,,,,identifying,identified,identified,,
identity,n.,身份;本体;特征;同一(性);一致;国籍;等式,,,,,,,,,,,,,
ideology,n.,意识形态，(政治或社会的)思想意识,,,,,,,,,,,,,
idiom,n.,"习语;成语方言;(艺术等的)风格,特色",,,,,,,,,,,,,
idiot,n.,白痴；极蠢的人；笨蛋,,,,,,,,,,,,,
idle,adj.,"空闲的,闲置的;懒散的",v.,"空费,虚度",,,,,,,idling,idled,idled,,
if,conj.,(用于连接宾语从句)是否；是不是,,,,,,,,,,,,,
ignite,v.,"点火,引燃",,,,,,,,,igniting,ignited,ignited,,
ignorance,n.,"无知,愚昧;不知道",,,,,,,,,,,,,
ignorant,adj.,"无知的,愚昧的;不知道的",,,,,,,,,,,,,
ignore,v.,"不理,不顾,忽视",,,,,,,,,ignoring,ignored,ignored,,
ill,adj.,有病的；坏的；恶意的,adv.,坏地；不利地,,,,,,,,,,,
illegal,adj.,"不合法的,非法的",,,,,,,,,,,,,
illiterate,adj.,"文盲的,未受教育的",,,,,,,,,,,,,
illness,n.,"病,疾病",,,,,,,,,,,,,
illuminate,vt.,照亮，照明；用灯光装饰；说明，阐释,,,,,,,,,illuminating,illuminated,illuminated,,
illusion,n.,幻想，错误的观念；错觉，幻觉，假象,,,,,,,,,,,,,
illustrate,v.,"举例说明,阐明;图解,加插图",,,,,,,,,illustrating,illustrated,illustrated,,
illustration,n.,说明；例证，插图；举例说明,,,,,,,,,,,,,
image,n.,形象，声誉；印象；像；形象的描述，比喻,,,,,,,,,,,,,
imaginary,adj.,"想象的,虚构的",,,,,,,,,,,,,
imagination,n.,想象(力)；空想，幻觉；想象出来的事物,,,,,,,,,,,,,
imaginative,adj.,"富有想象力的,爱想象的",,,,,,,,,,,,,
imagine,v.,"想象,设想,料想",,,,,,,,,imagining,imagined,imagined,,
imitate,v.,"模仿,仿效;仿造,伪造",,,,,,,,,imitating,imitated,imitated,,
imitation,n.,"模仿,仿效;仿制;仿造品",,,,,,,,,,,,,
immediate,adj.,"立即的,即时的;直接的,最接近的",,,,,,,,,,,,,
immense,adj.,"广大的,巨大的; [口]极好的",,,,,,,,,,,,,
immerse,v.,使沉浸在;使浸没,,,,,,,,,immersing,immersed,immersed,,
immigrant,adj.,"(从国外)移来的,移民的",n.,"移民,侨民",,,,,,,,,,,
immune,adj.,"免疫的,有免疫力的;有受影响的;豁免的",,,,,,,,,,,,,
impact,n.,"冲击,碰撞;影响",v.,"影响;挤入,压紧",,,,,,,impacting,impacted,impacted,,
impair,v.,"损害,损伤;削弱,减少",,,,,,,,,impairing,impaired,impaired,,
impart,vt.,传授，给予；告知，通知,,,,,,,,,imparting,imparted,imparted,,
impatient,adj.,"不耐烦的,急躁的",,,,,,,,,,,,,
imperative,n.,命令;需要;规则;祈使语气,adj.,强制的;紧急的,,,,,,,,,,,
imperial,adj.,帝国的，帝王的；(度量衡)英制的,,,,,,,,,,,,,
impetus,n.,"推动(力),促进",,,,,,,,,,,,,
implement,n.,"(pl.)工具,器具",v.,"贯彻,实现",,,,,,,implementing,implemented,implemented,,
implication,n.,含意，暗示，暗指；牵连,,,,,,,,,,,,,
implicit,adj.,含蓄的;(in)固有的;无疑问的;绝对的,,,,,,,,,,,,,
imply,v.,"意指,含…意思,暗示",,,,,,,,,implying,implied,implied,,
import,v.&n.,"进口,输入,(pl.)进口商品;要旨,含意",,,,,,,,,importing,imported,imported,,
importance,n.,"重要,重要性",,,,,,,,,,,,,
important,adj.,"重要的,重大的;有地位的,有权力的",,,,,,,,,,,,,
impose,v.,征(税);(on)把…强加给,,,,,,,,,imposing,imposed,imposed,,
impossible,adj.,不可能的；难以忍受的，很难对付的,,,,,,,,,,,,,
impress,v.,"(on)印,盖印;留下印象,引人注目",,,,,,,,,impressing,impressed,impressed,,
impression,n.,"印象,感想;盖印,压痕",,,,,,,,,,,,,
impressive,adj.,"给人深刻印象的,感人的",,,,,,,,,,,,,
imprisonment,n.,监禁，关押,,,,,,,,,,,,,非大纲单词
improve,v.,"改善,改进,增进;好转,进步",,,,,,,,,improving,improved,improved,,
improvement,n.,"改进,进步,增进;改进措施",,,,,,,,,,,,,
impulse,v.,推动,n.,"推动;冲动,刺激",,,,,,,impulsing,impulsed,impulsed,,
in,prep.,在…里(内，上)；用…(表示),adv.,进，入,,,,,,,,,,,
incentive,n.,刺激;动力;鼓励;诱因;动机,,,,,,,,,,,,,
inch,n.,英寸,,,,,,,,,,,,,
incidence,n.,影响程度，影响范围；发生率,,,,,,,,,,,,,
incident,n.,"事件,事变",,,,,,,,,,,,,
incidentally,adv.,"附带地,顺便提及",,,,,,,,,,,,,
incline,v.,(使)倾斜;(使)倾向于,n.,"斜坡,斜面",,,,,,,inclining,inclined,inclined,,
include,v.,"包括,包含,计入",,,,,,,,,including,included,included,,
inclusive,adj.,"(of)包括的,包含的;范围广的",,,,,,,,,,,,,
income,n.,"收入,收益,所得",,,,,,,,,,,,,
incorporate,v.,"合并,纳入,结合",adj.,合并的,,,,,,,incorporating,incorporated,incorporated,,
increase,v.&n.,"增加,增长,增进",,,,,,,,,increasing,increased,increased,,
increasingly,adv.,"不断增加地, 日益",,,,,,,,,,,,,
incredible,adj.,"不可相信的,惊人的,不可思议的",,,,,,,,,,,,,
incredibly,adv.,难以置信地，非常地,,,,,,,,,,,,,非大纲单词
incur,v.,"招致,惹起,遭受",,,,,,,,,incuring,incured,incured,,
indeed,adv.,"确实,实在;真正地,多么",,,,,,,,,,,,,
independence,n.,"独立, 自主",,,,,,,,,,,,,
independent,adj.,"(of)独立的, 自主的",,,,,,,,,,,,,
index,n.,"(pl.indexes,indices)索引",v.,附以索引,,,,,,,indexing,indexed,indexed,,
indicate,v.,"指出,指示;表明,暗示",,,,,,,,,indicating,indicated,indicated,,
indication,n.,"指出,指示;表明,暗示",,,,,,,,,,,,,
indicative,adj.,"(of)指示的,暗示的",,,,,,,,,,,,,
indifferent,adj.,"冷漠的,不关心的,不积极的",,,,,,,,,,,,,
indignant,adj.,"愤慨的,愤慨不平的",,,,,,,,,,,,,
indignation,n.,"愤怒,愤慨",,,,,,,,,,,,,
indispensable,adj.,"(to,for)必不可少的,必需的",,,,,,,,,,,,,
individual,adj.,"个人的,单独的;独特的",n.,"个人,个体",,,,,,,,,,,
indoor,adj.,"室内的,户内的",,,,,,,,,,,,,
induce,v.,"引诱,劝使;引起,导致;感应",,,,,,,,,inducing,induced,induced,,
indulge,v.,放任，纵容，沉溺；使(自己)纵情享受,,,,,,,,,indulging,indulged,indulged,,
industrial,adj.,"工业的,产业的",,,,,,,,,,,,,
industrialize,v.,(industrialise)(使)工业化,,,,,,,,,industrializing,industrialized,industrialized,,
industry,n.,"工业,产业;勤劳,勤奋",,,,,,,,,,,,,
inertia,n.,"不活动,惰性;惯性",,,,,,,,,,,,,
inevitable,adj.,"不可避免的,必然发生的",,,,,,,,,,,,,
infant,n.,"婴儿,幼儿",,,,,,,,,,,,,
infect,vt.,传染，感染；影响(思想等),,,,,,,,,infecting,infected,infected,,
infectious,adj.,"传染的,传染性的,有感染力的",,,,,,,,,,,,,
infer,v.,"推论,推断",,,,,,,,,inferring,inferred,inferred,,
inference,n.,"推论,推理,推断;结论",,,,,,,,,,,,,
inferior,adj.,"下等的,下级的;劣等的,差的",n.,"下级,晚辈",,,,,,,,,,,
inferiority,n.,自卑，劣势；下级,,,,,,,,,,,,,非大纲单词
infinite,adj.,"无限的,无穷的",n.,无限,,,,,,,,,,,
inflation,n.,通货膨胀,,,,,,,,,,,,,
inflationary,adj.,通货膨胀的,,,,,,,,,,,,,非大纲单词
influence,n.,"(on)影响,感化;势力,权势",v.,"影响,感化",,,,,,,influencing,influenced,influenced,,
influential,adj.,有影响的;有权势的,,,,,,,,,,,,,
inform,v.,"(of,about)通知,告诉,报告;告发,告密",,,,,,,,,informing,informed,informed,,
information,n.,"通知,报告;情报,资料,消息;信息",,,,,,,,,,,,,
infrared,adj.&n.,红外线(的),,,,,,,,,,,,,
infrastructure,n.,基础结构，基础设施,,,,,,,,,,,,,
ingenious,adj.,机敏的;有独创性的;精致的;精巧制成的,,,,,,,,,,,,,
ingredient,n.,(混合物的)组成部分，配料；成份，要素,,,,,,,,,,,,,
inhabit,vt.,"居住于,存在于;栖息于",,,,,,,,,inhabiting,inhabited,inhabited,,
inhabitant,n.,"居民,住户",,,,,,,,,,,,,
inhale,v.,吸入(气体等)，吸(烟),,,,,,,,,inhaling,inhaled,inhaled,,
inherent,adj.,"固有的,内在的,天生的",,,,,,,,,,,,,
inherit,vt.,继承(金钱等)，经遗传而得(性格、特征),,,,,,,,,inheriting,inherited,inherited,,
inhibit,vt.,抑制，约束,,,,,,,,,inhibiting,inhibited,inhibited,,
initial,adj.,"最初的,开头的;词首的",n.,词首大写字母,,,,,,,,,,,
initiate,vt.,开始，创始，发动；启蒙，使入门；引入,,,,,,,,,initiating,initiated,initiated,,
initiative,adj.,"创始的,起始的",n.,"第一步,创始,主动精神",,,,,,,,,,,
inject,vt.,注射(药液等)；注入,,,,,,,,,injecting,injected,injected,,
injure,v.,"损害,损伤,伤害",,,,,,,,,injuring,injured,injured,,
injury,n.,伤害，损害,,,,,,,,,,,,,
ink,n.,墨水，油墨,,,,,,,,,,,,,
inland,adj.&adv.,"国内,内地,内陆",,,,,,,,,,,,,
inlet,n.,"水湾,小湾;进口,入口",,,,,,,,,,,,,
inn,n.,"小旅馆,客栈",,,,,,,,,,,,,
innate,adj.,天生的，固有的，先天的,,,,,,,,,,,,,非大纲单词
inner,adj.,"内部的,里面的;内心的",,,,,,,,,,,,,
innocent,adj.,"(of)清白的,无罪的;无害的;单纯的,无知的",,,,,,,,,,,,,
innovation,n.,改革，革新；新观念，新方法，新发明,,,,,,,,,,,,,
innumerable,adj.,"无数的,数不清的",,,,,,,,,,,,,
input,n.&v.,输入,,,,,,,,,inputting,input/inputted,input/inputted,,
inquiry,n.,"(enquiry)询问,打听,调查",,,,,,,,,,,,,
insect,n.,昆虫,,,,,,,,,,,,,
insert,v.,"插入,嵌入;登载",n.,插入物,,,,,,,inserting,inserted,inserted,,
inside,adj.,里面的,adv.,在里面,n.,内部,prep.,在…里,,,,,,,
insight,n.,"洞察力,见识",,,,,,,,,,,,,
insist,vi.,"(on)坚持要求,坚决主张,坚持",,,,,,,,,insisting,insisted,insisted,,
inspect,vt.,"检查,调查,视察",,,,,,,,,inspecting,inspected,inspected,,
inspiration,n.,"灵感;鼓舞,激励",,,,,,,,,,,,,
inspire,vt.,"鼓舞,激起;使产生灵感",,,,,,,,,inspiring,inspired,inspired,,
install,vt.,"(instal)安装,设置,安置；使就职,任命",,,,,,,,,installing,installed,installed,,
installation,n.,"安装,设置;装置,设备",,,,,,,,,,,,,
installment,n.,(instalment)分期付款；(连载的)一期,,,,,,,,,,,,,
instance,n.,"例子,事例,例证",,,,,,,,,,,,,
instant,adj.,立即的;紧迫的;(食品)速溶的,n.,"瞬间,时刻",,,,,,,,,,,
instantaneous,adj.,"瞬间的,即刻的",,,,,,,,,,,,,
instantly,adv.,立即，马上,,,,,,,,,,,,,非大纲单词
instead,adv.,"代替,顶替",,,,,,,,,,,,,
instinct,n.,"本能,直觉,天性",,,,,,,,,,,,,
institute,n.,"学会,研究所;学院",v.,"设立,设置,制定",,,,,,,instituting,instituted,instituted,,
institution,n.,公共机构;协会;学校;研究所;制度;惯例,,,,,,,,,,,,,
instruct,v.,"教,教授;命令,指示",,,,,,,,,instructing,instructed,instructed,,
instruction,n.,"教授;指导;(pl.)用法说明(书),操作指南",,,,,,,,,,,,,
instrument,n.,"工具,仪器,器械;乐器",,,,,,,,,,,,,
instrumental,adj.,仪器的;器械的;乐器的;起作用的;有帮助的,,,,,,,,,,,,,
insulate,vt.,"隔离,孤立;使绝缘,使绝热",,,,,,,,,insulating,insulated,insulated,,
insult,vt.&n.,"侮辱,凌辱",,,,,,,,,insulting,insulted,insulted,,
insurance,n.,"保险,保险费,保险业",,,,,,,,,,,,,
insure,vt.,"保险,给…保险;保证",,,,,,,,,insuring,insured,insured,,
intact,adj.,"完整无缺的,未经触动的,未受损伤的",,,,,,,,,,,,,
integral,adj.,构成整体所必需的;完整的,,,,,,,,,,,,,
integrate,v.,"(into,with)(使)成为一体,(使)结合在一起",,,,,,,,,integrating,integrated,integrated,,
integrity,n.,"正直,诚实;完整,完全",,,,,,,,,,,,,
intellectual,n.,知识分子,adj.,智力的，理智的，有理解力的,,,,,,,,,,,
intelligence,n.,"智力,聪明;理解力;情报,消息,报导",,,,,,,,,,,,,
intelligent,adj.,"聪明的,明智的,理智的",,,,,,,,,,,,,
intelligible,adj.,可理解的，明白易懂的，清楚的,,,,,,,,,,,,,
intend,vt.,"想要,打算,企图",,,,,,,,,intending,intended,intended,,
intense,adj.,"强烈的,剧烈的;热烈的,热情的",,,,,,,,,,,,,
intensity,n.,"强烈,剧烈;强度",,,,,,,,,,,,,
intensive,adj.,"加强的,集中的,深入细致的,精耕细作的",,,,,,,,,,,,,
intention,n.,"意图,意向, 目的",,,,,,,,,,,,,
interact,v.,"互相作用,互相影响",,,,,,,,,interacting,interacted,interacted,,
interaction,n.,相互作用，相互影响；交流，互动,,,,,,,,,,,,,非大纲单词
intercourse,n.,"交流,交往,交际,性交",,,,,,,,,,,,,
interest,n.,"(in)兴趣,重要性;利益",v.,(in)使发生兴趣,,,,,,,interesting,interested,interested,,
interesting,adj.,"有趣的,引人入胜的",,,,,,,,,,,,,
interface,n.,接合部位，分界面,v.,(使)互相联系,,,,,,,interfacing,interfaced,interfaced,,
interfere,v.,"(in)干涉,干预;(with)妨碍,打扰",,,,,,,,,interfering,interfered,interfered,,
interference,n.,"(in)干涉,干预;(with)妨碍,打扰",,,,,,,,,,,,,
interim,adj.,"中间的,暂时的,临时的",n.,"过渡时期,暂定",,,,,,,,,,,
interior,adj.,"内部的,里面的",n.,"内部,内地",,,,,,,,,,,
intermediate,adj.,"中间的,居间的;中级的",n.,"中间体,媒介物",,,,,,,,,,,
intermittent,adj.,"间歇的,断断续续的",,,,,,,,,,,,,
internal,adj.,"内部的,内的;国内的,内政的",,,,,,,,,,,,,
international,adj.,"国际的,世界(性)的,跨国的",,,,,,,,,,,,,
internet,n.,[the～]国际互联网，因特网,,,,,,,,,,,,,
interpret,vt.,"解释,说明;口译",,,,,,,,,interpreting,interpreted,interpreted,,
interrupt,v.,"中断,遮断,阻碍;打断(话),打扰",,,,,,,,,interrupting,interrupted,interrupted,,
intersection,n.,相交，交叉；道路交叉口，十字路口,,,,,,,,,,,,,
interval,n.,"间隔,间歇;(幕间或工间)休息",,,,,,,,,,,,,
intervene,v.,"(in)干涉,干预;插入,介入",,,,,,,,,intervening,intervened,intervened,,
interview,v.&n.,"接见,会见;采访;面试",,,,,,,,,interviewing,interviewed,interviewed,,
intimate,adj.,"亲密的,密切的",n.,"熟友,熟人",,,,,,,,,,,
intimidate,vt.,胁迫，威胁(某人做某事),,,,,,,,,intimidating,intimidated,intimidated,,
into,prep.,到…里面，进入；成为(表示变化),,,,,,,,,,,,,
intricate,adj.,"复杂的,错综的,难以理解的",,,,,,,,,,,,,
intrigue,n.,阴谋,v.,"密谋,私通;激起…的兴趣;诡计取得",,,,,,,intriguing,intrigued,intrigued,,
intriguing,adj.,引人入胜的，有趣的，神秘的,,,,,,,,,,,,,非大纲单词
intrinsic,adj.,(指价值、性质)固有的，本质的，内在的,,,,,,,,,,,,,
introduce,vt.,介绍；引进，传入；提出(议案等),,,,,,,,,introducing,introduced,introduced,,
introduction,n.,"(to)介绍;传入,引进;导言,导论,绪论",,,,,,,,,,,,,
intrude,vi.,"闯入,侵入",vt.,把(思想等)强加于人;强挤入,,,,,,,intruding,intruded,intruded,,
intrusive,adj.,侵入的，打扰的，闯入的,,,,,,,,,,,,,非大纲单词
intuition,n.,直觉，直观；凭直觉而知的事物,,,,,,,,,,,,,
invade,vt.,"入侵,侵略,侵袭,侵扰",,,,,,,,,invading,invaded,invaded,,
invalid,n.,"病人,伤残人",adj.,"有病的,伤残的;无效的",,,,,,,,,,,
invaluable,adj.,"非常宝贵的,无价的",,,,,,,,,,,,,
invariably,adv.,不变地，永恒地，总是,,,,,,,,,,,,,
invasion,n.,"入侵,侵略,侵犯",,,,,,,,,,,,,
invent,v.,"发明,创造;捏造,虚构",,,,,,,,,inventing,invented,invented,,
invention,n.,"发明,创造,发明物",,,,,,,,,,,,,
inventory,n.,"详细目录,存货,财产清册,总量",,,,,,,,,,,,,
inverse,adj.,"相反的,倒转的,反转的",n.,相反之物,v.,倒转,,,,,inversing,inversed,inversed,,
invert,v.,"倒置,倒转,颠倒",,,,,,,,,inverting,inverted,inverted,,
invest,vt.,"投资,投入(精力、时间等)",,,,,,,,,investing,invested,invested,,
investigate,v.,"调查,调查研究",,,,,,,,,investigating,investigated,investigated,,
investment,n.,"投资,投资额",,,,,,,,,,,,,
invisible,adj.,"看不见的,无形的",,,,,,,,,,,,,
invitation,n.,"邀请,招待;请柬",,,,,,,,,,,,,
invite,vt.,"邀请,招待",,,,,,,,,inviting,invited,invited,,
involve,v.,"卷入,陷入,连累;包含,含有,涉及",,,,,,,,,involving,involved,involved,,
inward,adv.,"向内,在内",adj.,"向内的,在内的,里面的",,,,,,,,,,,
iron,n.,"铁,铁制品,烙铁,熨斗",v.,"熨(衣),熨平",,,,,,,ironing,ironed,ironed,,
irony,n.,"反话, 讽刺, 讽刺之事",,,,,,,,,,,,,
irrepressible,adj.,抑制不住的，无法控制的,,,,,,,,,,,,,非大纲单词
irrespective,adj.,"不顾的,不考虑的,无关的",,,,,,,,,,,,,
irrigate,vt.,灌溉，修水利,vi.,进行灌溉,,,,,,,irrigating,irrigated,irrigated,,
irritate,vt.,"激怒,恼火,使急躁",,,,,,,,,irritating,irritated,irritated,,
island,n.,岛，岛屿；(道路上的)交通安全岛,,,,,,,,,,,,,
isle,n.,小岛(用于诗歌中),,,,,,,,,,,,,
isolate,vt.,"隔离,孤立",,,,,,,,,isolating,isolated,isolated,,
issue,n.,"问题,争端,发行(物),期号",vt.,"发行,流出",,,,,,,issuing,issued,issued,,
it,pron.,它；[作无人称动词的主语],,,,,,,,,,,,,
item,n.,条(款)，项目；一则(新闻)，(戏剧的)节目,,,,,,,,,,,,,
its,pron.,[it 的所有格]它的,,,,,,,,,,,,,
itself,pron.,(it 的反身代词)它自己，它本身,,,,,,,,,,,,,
jacket,n.,"短上衣,茄克衫",,,,,,,,,,,,,
jam,n.,"阻塞,轧住;果酱",v.,"(使)阻塞,(使)轧住不动",,,,,,,jamming,jammed,jammed,,
January,n.,一月,,,,,,,,,,,,,
jar,n.,"罐坛,广口瓶",,,,,,,,,,,,,
jargon,n.,行话,,,,,,,,,,,,,
jaw,n.,"颌,颚",,,,,,,,,,,,,
jazz,n.,爵士乐,,,,,,,,,,,,,
jealous,adj.,"(of)妒忌的;猜疑的,警惕的",,,,,,,,,,,,,
jeans,n.,"牛仔裤（又称 blue jeans, dungarees 等）",,,,,,,,,,,,,
jet,n.,"喷气发动机,喷气式飞机;喷口",v.,"喷出,喷射",,,,,,,jetting,jetted,jetted,,
jewel,n.,"宝石,宝石饰物",,,,,,,,,,,,,
jewelry,n.,(jewllery)(总称)珠宝,,,,,,,,,,,,,
job,n.,工作，职位；零活，一件工作；任务，职责,,,,,,,,,,,,,
jog,v.,慢跑,,,,,,,,,jogging,jogged,jogged,,
join,v.,参加，加入；联合，连接；和…在一起,,,,,,,,,joining,joined,joined,,
joint,n.,"接合处,接头;关节",adj.,"联合的,共同的,连接的",,,,,,,,,,,
joke,n.,"笑话,玩笑",v.,"说笑话,开玩笑",,,,,,,joking,joked,joked,,
jolly,adj.,"欢乐的,高兴的",,,,,,,,,,,,,
journal,n.,"定期刊物,杂志, 日报; 日志, 日记",,,,,,,,,,,,,
journalism,n.,新闻业，新闻工作,,,,,,,,,,,,,非大纲单词
journalist,n.,"记者,新闻工作者",,,,,,,,,,,,,
journey,n.,"旅行,旅程",v.,旅行,,,,,,,journeying,journeyed,journeyed,,
joy,n.,"欢乐,喜悦;乐事,乐趣",,,,,,,,,,,,,
judge,n.,法官;裁判员;鉴定人,vt.,"审判;评论,裁判",,,,,,,judging,judged,judged,,
judgement,n.,"(judgment)审判,判决;判断(力);看法,意见",,,,,,,,,,,,,
judicial,adj.,司法的，法庭的，审判的；明断的，公正的,,,,,,,,,,,,,
jug,n.,(有柄，小口，可盛水等的)大壶，罐，盂,,,,,,,,,,,,,
juice,n.,"(水果等)汁,液",,,,,,,,,,,,,
July,n.,七月,,,,,,,,,,,,,
jump,v.&n.,"跳跃,跳动,跳过;暴涨,猛增",,,,,,,,,jumping,jumped,jumped,,
junction,n.,"连接,接合,交叉点,枢纽站,接头,中继线",,,,,,,,,,,,,
June,n.,六月,,,,,,,,,,,,,
jungle,n.,"丛林,生死地带",,,,,,,,,,,,,
junior,adj.&n.,"年少的/者,三年级的/学生,下级(的)",,,,,,,,,,,,,
junk,n.,废物，旧货；舢板,,,,,,,,,,,,,
jury,n.,陪审团;全体评审员,,,,,,,,,,,,,
just,adv.,正好地；刚才；只不过,adj.,公正的，公平的,,,,,,,,,,,
justice,n.,"公正,公平;审判,司法",,,,,,,,,,,,,
justify,v.,证明…正当(或有理、正确)，为…辩护,,,,,,,,,justifying,justified,justified,,
juvenile,n.,"青少年,少年读物",adj.,"青少年的, 幼稚的",,,,,,,,,,,
keen,adj.,"锋利的;敏锐的;敏捷的;(on)热心的,渴望的",,,,,,,,,,,,,
keep,v.,"保持,保存,遵守,经营,看守,拘留,维持",,,,,,,,,keeping,kept,kept,,
kettle,n.,水壶,,,,,,,,,,,,,
key,n.,钥匙；答案；关键；键,adj.,主要的，关键的,,,,,,,,,,,
keyboard,n.,键盘,vt.,用键盘输入(信息),,,,,,,keyboarding,keyboarded,keyboarded,,
kick,n.&v.,踢,,,,,,,,,kicking,kicked,kicked,,
kid,n.,"小孩,儿童",v.,"戏弄,取笑",,,,,,,kidding,kidded,kidded,,
kidnap,vt.,诱拐；绑架，劫持,,,,,,,,,kidnapping,kidnapped,kidnapped,,
kidney,n.,"肾,肾脏",,,,,,,,,,,,,
kill,vt.,杀死，消灭；破坏，毁灭；消磨(时间),,,,,,,,,killing,killed,killed,,
kilo,n.,(kilogram/kilogramme)千克,,,,,,,,,,,,,
kilometre,n.,(kilometer)公里，千米(略作 km),,,,,,,,,,,,,
kin,n.,"家族,亲属,血缘关系",adj.,"亲属关系的,同类的",,,,,,,,,,,
kind,adj.,仁慈的，友好的，亲切的，和蔼的,n.,种类,,,,,,,,,,,
kindergarten,n.,幼儿园,,,,,,,,,,,,,
kindness,n.,"仁慈,亲切;好意;友好行为",,,,,,,,,,,,,
king,n.,君主，国王,,,,,,,,,,,,,
kingdom,n.,"王国,领域",,,,,,,,,,,,,
kiss,n.&v.,"吻,接吻",,,,,,,,,kissing,kissed,kissed,,
kit,n.,"成套工具,用具包,工具箱",,,,,,,,,,,,,
kitchen,n.,厨房,,,,,,,,,,,,,
kite,n.,风筝,,,,,,,,,,,,,
knee,n.,"膝,膝盖",,,,,,,,,,,,,
kneel,v.,"跪,下跪",,,,,,,,,kneeling,knelt/kneeled,knelt/kneeled,,
knife,n.,"刀,餐刀",v.,"用刀切,用匕首刺",,,,,,,knifing,knifed,knifed,,
knit,v.,"编织,编结;接合,粘合",,,,,,,,,knitting,knit/knitted,knit/knitted,,
knob,n.,"门把,(球形)把手,旋纽",,,,,,,,,,,,,
knock,v.,"敲,敲打,碰撞",n.,"敲,击",,,,,,,knocking,knocked,knocked,,
knot,n.,(绳)结;(树)节;节(=海里/小时),v.,打结,,,,,,,knotting,knotted,knotted,,
know,vt.,知道，了解；认识；识别,vi.,知道，了解,,,,,,,knowing,knew,known,,
knowledge,n.,"知识,学识;知道,了解",,,,,,,,,,,,,
lab,n.,(laboratory)实验室,,,,,,,,,,,,,
label,n.,标签,v.,把…称为；用标签于；用标签标明,,,,,,,labelling,labelled,labelled,,
labor,n.,(labour)工作，劳动；劳力,v.,劳动，苦干,,,,,,,laboring,labored,labored,,
lace,n.,"花边;带子,鞋带",v.,"系带,扎带",,,,,,,lacing,laced,laced,,
lack,n.&v.,"缺乏,不足",,,,,,,,,lacking,lacked,lacked,,
lad,n.,"男孩,小伙子",,,,,,,,,,,,,
ladder,n.,"梯子,阶梯",,,,,,,,,,,,,
lady,n.,"女士,夫人",,,,,,,,,,,,,
lag,v.&n.,"落后,滞后",vt.,用隔热材料覆盖(锅炉等),,,,,,,lagging,lagged,lagged,,
lake,n.,湖泊，湖水,,,,,,,,,,,,,
lamb,n.,"羔羊,小羊;羔羊肉",,,,,,,,,,,,,
lame,adj.,"跛的,(辩解、论据等)无说服力的",,,,,,,,,,,,,
lamp,n.,灯,,,,,,,,,,,,,
land,n.,"陆地,土地,国家",v.,"(使)靠岸(登陆,降落)",,,,,,,landing,landed,landed,,
landlady,n.,"女房东,女地主",,,,,,,,,,,,,
landlord,n.,"房东,地主",,,,,,,,,,,,,
lane,n.,"小路,小巷,行车道",,,,,,,,,,,,,
language,n.,"语言,术语,(运用语言的)方式、风格",,,,,,,,,,,,,
lantern,n.,"灯,灯笼",,,,,,,,,,,,,
lap,n.,"大腿,(跑道的)一圈,一段路程,工作阶段",,,,,,,,,,,,,
lapse,n.,"失误,流逝,丧失,下降",v.,"失效,偏离,流逝",,,,,,,lapsing,lapsed,lapsed,,
laptop,n.,膝上型电脑,,,,,,,,,,,,,
large,adj.,"大的,广大的,大规模的",,,,,,,,,,,,,
largely,adv.,"主要地,基本上;大量地,大规模地",,,,,,,,,,,,,
laser,n.,激光,,,,,,,,,,,,,
lash,v.,"鞭打,摆动,捆扎",n.,"鞭子,鞭打,睫毛,讽刺",,,,,,,lashing,lashed,lashed,,
last,adj.,最后的，刚过去的,adv.,最后,n.,最后,v.,持续,,,lasting,lasted,lasted,,
late,adj.,迟的，晚的，晚期的；已故的,adv.,迟，晚,,,,,,,,,,,
lately,adv.,"最近,不久前",,,,,,,,,,,,,
latent,adj.,"潜在的,潜伏的,不易察觉的",,,,,,,,,,,,,
later,adv.,"后来,过后",,,,,,,,,,,,,
lateral,n.,"侧面的,旁边的",,,,,,,,,,,,,
Latin,adj.,"拉丁的,拉丁文的",n.,拉丁语,,,,,,,,,,,
latitude,n.,"纬度,行动或言论的自由(范围),(pl.)地区",,,,,,,,,,,,,
latter,adj.,后者的；后一半的，接近终了的,n.,后者,,,,,,,,,,,
laugh,v.,笑;(on)讥笑,n.,"笑,笑声",,,,,,,laughing,laughed,laughed,,
laughter,n.,"笑,笑声",,,,,,,,,,,,,
launch,v.,"发射;使(船)下水,发动,开展",n.,"发射,下水",,,,,,,launching,launched,launched,,
laundry,n.,"洗衣房(店);待洗衣物,所洗衣物",,,,,,,,,,,,,
lavatory,n.,"厕所,盥洗室",,,,,,,,,,,,,
law,n.,"法律,法规,法学,规律,定律",,,,,,,,,,,,,
lawn,n.,"草地,草坪",,,,,,,,,,,,,
lawyer,n.,律师,,,,,,,,,,,,,
lay,v.,放，搁；下(蛋)；铺设，敷设；设置，布置,,,,,,,,,laying,laid,laid,,
layer,n.,层，层次；铺设者,,,,,,,,,,,,,
layman,n.,外行,,,,,,,,,,,,,
layoff,n.,"临时解雇,操作停止,活动停止期间,失业期",,,,,,,,,,,,,
layout,n.,安排，布局，设计；规划图，布局图,,,,,,,,,,,,,
lazy,adj.,"懒惰的,懒散的",,,,,,,,,,,,,
lead,v.,"领导;领先;通向,导致",n.,"带领,引导;铅",,,,,,,leading,led,led,,
leadership,n.,领导,,,,,,,,,,,,,
leading,adj.,"领导的,指导的;第一位的;最主要的",,,,,,,,,,,,,
leaf,n.,"叶子;(书刊的)一页,一张;金属薄片",,,,,,,,,,,,,
leaflet,n.,"小叶,嫩叶;传单,活页",,,,,,,,,,,,,
league,n.,"同盟,联盟;联合会,社团",,,,,,,,,,,,,
leak,v.,"漏,泄漏",n.,"漏洞,漏隙;泄漏,漏出",,,,,,,leaking,leaked,leaked,,
lean,v.,"倾斜,屈身;倚,靠,依赖",adj.,"瘦的,无脂肪的",,,,,,,leaning,leant/leaned,leant/leaned,,
leap,v.,"跳,跳跃",n.,"跳跃,飞跃",,,,,,,leaping,leapt/leaped,leapt/leaped,,
learn,v.,学习，学，学会；(of，about)听到，获悉,,,,,,,,,learning,learnt/learned,learnt/learned,,
learned,adj.,"博学的,有学问的",,,,,,,,,,,,,
learning,n.,"知识,学问;学习",,,,,,,,,,,,,
lease,vt.,"出租,租用",n.,"租借,租期,租赁物",,,,,,,leasing,leased,leased,,
least,adj.,最小的;最少的,adv.,最小;最少,,,,,,,,,,,
leather,n.,"皮革,皮革制品",,,,,,,,,,,,,
leave,v.,"离开;留下,忘带;让,听任;交付",n.,许可;假期,,,,,,,leaving,left,left,,
lecture,n.&v.,"演讲,讲课",,,,,,,,,lecturing,lectured,lectured,,
left,n.,左面，左方,adj.,左边的，左面的；在左方的,,,,,,,,,,,
leg,n.,腿，腿部；支柱；(旅程的)一段，一站,,,,,,,,,,,,,
legacy,n.,遗产，遗赠；先人(或过去)留下的东西,,,,,,,,,,,,,
legal,adj.,"法律的,法定的;合法的,正当的",,,,,,,,,,,,,
legend,n.,"传说,传奇",,,,,,,,,,,,,
legislation,n.,法律(规)；立法，法律的制定(或通过),,,,,,,,,,,,,
legitimate,adj.,合法的；合理的，合乎逻辑的,vt.,使合法,,,,,,,legitimating,legitimated,legitimated,,
leisure,n.,"空闲,闲暇;悠闲,安逸",,,,,,,,,,,,,
lemon,n.,柠檬,,,,,,,,,,,,,
lend,vt.,"借给,贷(款)",,,,,,,,,lending,lent,lent,,
length,n.,"长,长度;一段,一节,程度,范围",,,,,,,,,,,,,
lens,n.,"透镜,镜头",,,,,,,,,,,,,
less,adj.&adv.,"更少的(地),更小的(地)",,,,,,,,,,,,,
lesson,n.,(功)课；[pl.]课程；教训,,,,,,,,,,,,,
lest,conj.,"惟恐,免得",,,,,,,,,,,,,
let,v.,让，允许，听任；设，假设；出租，租给,,,,,,,,,letting,let,let,,
letter,n.,"信,函件;字母,文字",,,,,,,,,,,,,
level,n.,水平，水准，等级,v.,弄平，铺平,adj.,水平的,,,,,levelling,levelled,levelled,,
lever,n.,"杆,杠杆,手段,途径,工具",,,,,,,,,,,,,
levy,n.,"征收,征税,征兵",v.,"征收,征集,征用",,,,,,,levying,levied,levied,,
liability,n.,"责任,义务;(pl.)债务",,,,,,,,,,,,,
liable,adj.,有…倾向的；可能遭受…的；有责任的,,,,,,,,,,,,,
liberal,adj.,"慷慨的,大方的;富足的; 自由的,思想开放的",,,,,,,,,,,,,
liberate,vt.,"解放,释放",,,,,,,,,liberating,liberated,liberated,,
liberty,n.,自由，自由权；特权,,,,,,,,,,,,,
librarian,n.,图书管理员,,,,,,,,,,,,,
library,n.,"图书馆;藏书室;藏书,丛书,文库",,,,,,,,,,,,,
license,n.,"(licence)许可证,执照",v.,"准许,认可",,,,,,,licensing,licensed,licensed,,
lick,vt.,舔；(火焰或浪)掠过；打败,n.,舔；少量,,,,,,,licking,licked,licked,,
lid,n.,盖,,,,,,,,,,,,,
lie,vi.,躺，平放；处于；位于,v.,说谎,n.,谎话,,,,,lying,lay/lied,lain/lied,,
life,n.,生命，生存；一生，寿命；生活；生物,,,,,,,,,,,,,
lifetime,n.,"一生,终生",,,,,,,,,,,,,
lift,v.,"升起,举起,消散",n.,"电梯,上升,免费搭车",,,,,,,lifting,lifted,lifted,,
light,n.,光；灯,v.,点燃；照亮,adj.,轻(快)；淡；明亮,,,,,lighting,lit/lighted,lit/lighted,,
lightning,n.,闪电,adj.,"闪电般的,快速的",,,,,,,,,,,
like,v.,喜欢,prep.,象；比如,adj.,相象的,n.,象…一样,,,liking,liked,liked,,
likelihood,n.,可能性,,,,,,,,,,,,,
likely,adj.,"很可能的,有希望的",adv.,"大概,多半",,,,,,,,,,,
likewise,adv.,"同样地,照样地;又,也,而且",,,,,,,,,,,,,
limb,n.,"肢,翼,大树枝",,,,,,,,,,,,,
limit,n.,"界限,限度,范围",v.,"(to)限制,限定",,,,,,,limiting,limited,limited,,
limitation,n.,"限制,局限性",,,,,,,,,,,,,
limited,adj.,"有限的,被限制的",,,,,,,,,,,,,
limp,adj.,"柔软的,易曲的",v.&n.,"蹒跚,跛行",,,,,,,limping,limped,limped,,
line,n.,"线;路线,航线;排;线路;界线",v.,排队;加衬,,,,,,,lining,lined,lined,,
lineage,n.,血统，世系，家系,,,,,,,,,,,,,非大纲单词
linear,adj.,线的，直线的，线状的；长度的；线性的,,,,,,,,,,,,,
linen,n.,"亚麻布,亚麻布制品",,,,,,,,,,,,,
liner,n.,"班机,定期轮船,邮船",,,,,,,,,,,,,
linger,v.,"逗留,徘徊,拖延,留恋,浪费光阴,苟延残喘",,,,,,,,,lingering,lingered,lingered,,
linguistic,adj.,语言的，语言学的,,,,,,,,,,,,,
link,v.,"连接,联系",n.,"环节,链环",,,,,,,linking,linked,linked,,
lion,n.,狮子,,,,,,,,,,,,,
lip,n.,嘴唇,,,,,,,,,,,,,
liquid,n.,液体,adj.,"液体的,液态的",,,,,,,,,,,
liquor,n.,酒；溶液，液剂,,,,,,,,,,,,,
list,n.,"表, 目录,名单",v.,"把…编列成表,列入表内",,,,,,,listing,listed,listed,,
listen,vi.,倾听(与介词 to 并用，方可置宾语),,,,,,,,,listening,listened,listened,,
literacy,n.,"有文化,有教养,有读写能力",,,,,,,,,,,,,
literally,adv.,"照字面意义,逐字地;确实",,,,,,,,,,,,,
literary,adj.,"文学上的,文学的;精通文学的,从事写作的",,,,,,,,,,,,,
literature,n.,"文学,文学作品,文献,图书资料,印刷品",,,,,,,,,,,,,
litre,n.,(liter)升；公升(容量单位),,,,,,,,,,,,,
litter,n.,"垃圾,(杂乱的)废物",v.,"使杂乱,乱丢",,,,,,,littering,littered,littered,,
little,adj.,小，幼小；不多的,adv.&n.,不多，几乎没有,,,,,,,,,,,
live,v.,"活着,生活,居住",adj.,"活的,生动的,直播的",,,,,,,living,lived,lived,,
lively,adj.,"活泼的,活跃的;栩栩如生的,真实的",,,,,,,,,,,,,
liver,n.,"肝,肝脏",,,,,,,,,,,,,
living,adj.,"活的,有生命的,天然的,逼真的",n.,"生活,生计",,,,,,,,,,,
living-room,n.,起居室,,,,,,,,,,,,,
load,v.,"装(货),装载",n.,"装载(量),负荷(量);(一)担",,,,,,,loading,loaded,loaded,,
loaf,n.,一个面包,,,,,,,,,,,,,
loan,n.,"贷款;出借,借出",v.,借出,,,,,,,loaning,loaned,loaned,,
lobby,n.,"门廊,门厅,(会议)休息厅",,,,,,,,,,,,,
local,adj.,"地方的,当地的;局部的",,,,,,,,,,,,,
locality,n.,"位置,地点",,,,,,,,,,,,,
locate,v.,"查出,探出,查找…地点,使…坐落于,位于",,,,,,,,,locating,located,located,,
location,n.,"位置,场所,定位,测位",,,,,,,,,,,,,
lock,n.,锁,v.,"锁,锁上",,,,,,,locking,locked,locked,,
locker,n.,更衣箱,,,,,,,,,,,,,
locomotive,n.,"机车,火车头",adj.,"运动的,移动的,运载的",,,,,,,,,,,
lodge,v.,"临时住宿,寄宿,寄存,容纳",n.,"传达室,小旅馆",,,,,,,lodging,lodged,lodged,,
lofty,adj.,崇高的，高尚的；高傲的；极高的,,,,,,,,,,,,,
log,n.,"原木,圆木;航海日志",,,,,,,,,,,,,
logic,n.,"逻辑,逻辑学",,,,,,,,,,,,,
logical,adj.,"逻辑的,符合逻辑的",,,,,,,,,,,,,
lonely,adj.,孤独的，寂寞的；荒凉的，人迹稀少的,,,,,,,,,,,,,
long,adj.,长的，长时间的，长期的,adv.,长久，长期地,,,,,,,,,,,
longitude,n.,经度,,,,,,,,,,,,,
look,vi.&n.,看，注视,v.,好像，显得,n.,外表，脸色,,,,,looking,looked,looked,,
loom,n.,"织布机,织机",v.,"隐现,(危险、忧虑等)迫近",,,,,,,looming,loomed,loomed,,
loop,n.,"圈,环",,,,,,,,,,,,,
loose,adj.,(宽)松的；不精确的；自由的，散漫的,,,,,,,,,,,,,
loosen,v.,"解开,放松",,,,,,,,,loosening,loosened,loosened,,
lord,n.,"(Lord)上帝,主;主人,长官,君主,贵族",,,,,,,,,,,,,
lorry,n.,"卡车,运货汽车",,,,,,,,,,,,,
lose,v.,"丢失,迷路,输掉,亏本,失败,走慢,使沉湎于",,,,,,,,,losing,lost,lost,,
loss,n.,丧失，遗失；损失，损耗，亏损；失败,,,,,,,,,,,,,
lot,n.,许多，大量；签，抽签；命运；场地,,,,,,,,,,,,,
lottery,n.,抽彩；碰运气的事，难于算计的事,,,,,,,,,,,,,
loud,adj.,"大声的,响亮的;吵闹的,喧嚣的",,,,,,,,,,,,,
loudspeaker,n.,"扬声器,扩音器",,,,,,,,,,,,,
lounge,n.,"休息室,起居室,客厅",,,,,,,,,,,,,
love,n.,爱，爱情，喜欢,vt.,爱，热爱；爱好，喜欢,,,,,,,loving,loved,loved,,
lovely,adj.,"可爱的,好看的;令人愉快的,美好的",,,,,,,,,,,,,
lover,n.,爱好者;(pl.)情侣,,,,,,,,,,,,,
low,adj.,低，矮；低级的，下层的，卑贱的；低声的,,,,,,,,,,,,,
lower,adj.,"较低的,下级的,下游的",v.,"降下,放低",,,,,,,lowering,lowered,lowered,,
loyal,adj.,"(to)忠诚的,忠贞的",,,,,,,,,,,,,
loyalty,n.,"忠诚,忠心",,,,,,,,,,,,,
lubricate,v.,"润滑,加润滑油,行贿,收买",,,,,,,,,lubricating,lubricated,lubricated,,
luck,n.,"运气;好运,侥幸",,,,,,,,,,,,,
lucky,adj.,"幸运的,侥幸的",,,,,,,,,,,,,
luggage,n.,"行李,皮箱",,,,,,,,,,,,,
lumber,n.,"木材,木料",,,,,,,,,,,,,
lump,n.,"团,块",v.,"(使)成团,(使)成块",,,,,,,lumping,lumped,lumped,,
lunar,adj.,月亮的,,,,,,,,,,,,,
lunch,n.,午餐，(美)便餐,,,,,,,,,,,,,
lung,n.,肺,,,,,,,,,,,,,
lure,n.,"吸引力,魅力,诱惑物",vt.,引诱，吸引,,,,,,,luring,lured,lured,,
luxury,n.,"奢侈,华贵;奢侈品",adj.,"奢华的,豪华的",,,,,,,,,,,
machine,n.,"机器,机械",v.,用机器加工,,,,,,,machining,machined,machined,,
machinery,n.,"(总称)机器,机械",,,,,,,,,,,,,
mad,adj.,"发疯的;狂热的,着迷的;恼火的,生气的",,,,,,,,,,,,,
madame,n.,(madam)夫人，太太，女士,,,,,,,,,,,,,
magazine,n.,"杂志,期刊",,,,,,,,,,,,,
magic,n.,"魔术,魔(魅)力,巫术",adj.,"有魔力的,魔术的",,,,,,,,,,,
magistrate,n.,地方行政官，地方法官，治安官,,,,,,,,,,,,,
magnet,n.,"磁体,磁铁",,,,,,,,,,,,,
magnetic,adj.,"磁的,有磁性的;有吸引力的",,,,,,,,,,,,,
magnificent,adj.,"华丽的,高尚的,宏伟的",,,,,,,,,,,,,
magnify,vt.,"放大,扩大,夸大,夸张",,,,,,,,,magnifying,magnified,magnified,,
magnitude,n.,"大小,数量;巨大,广大",,,,,,,,,,,,,
maid,n.,"少女,处女,女仆",,,,,,,,,,,,,
maiden,n.,"少女,处女",adj.,"未婚的,纯洁的,无经验的",,,,,,,,,,,
mail,n.,邮件,v.,邮寄,,,,,,,mailing,mailed,mailed,,
main,adj.,"主要的,总的",n.,总管道;干线,,,,,,,,,,,
mainland,n.,"大陆,本土",,,,,,,,,,,,,
maintain,v.,"维修,保养,维持,供养,坚持,主张,支持",,,,,,,,,maintaining,maintained,maintained,,
maintenance,n.,"维修,保养,维持,保持,生活费用",,,,,,,,,,,,,
majesty,n.,"雄伟,壮丽,庄严,威严;最高权威,王权",,,,,,,,,,,,,
major,adj.,主要的,n.,"成年人,专业学生,主修课程",v.,主修,,,,,majoring,majored,majored,,
majority,n.,"多数,大多数,成年,法定年龄",,,,,,,,,,,,,
make,n.,(产品)来源，制法,vt.,制造，做成，准备,,,,,,,making,made,made,,
male,n.&adj.,"男性(的),雄性(的)",,,,,,,,,,,,,
malignant,adj.,恶性的，致命的；恶意的，恶毒的,,,,,,,,,,,,,
mammal,n.,哺乳动物,,,,,,,,,,,,,
man,n.,(pl.men)人；人类(单数，不加冠词)；男人,,,,,,,,,,,,,
manage,v.,"经营,管理,处理;设法,对付;操纵,运用",,,,,,,,,managing,managed,managed,,
management,n.,"经营,管理;处理,操纵;管理部门",,,,,,,,,,,,,
manager,n.,"经理,管理人",,,,,,,,,,,,,
maneuver,n.,"(manoeuvre)机动;运用,操作",v.,机动,,,,,,,maneuvering,maneuvered,maneuvered,,
manifest,v.,"表明,证明,显示",adj.,"明白的,明了的",,,,,,,manifesting,manifested,manifested,,
manipulate,vt.,(熟练地)使用，操作；(巧妙地)处理,,,,,,,,,manipulating,manipulated,manipulated,,
mankind,n.,人类,,,,,,,,,,,,,
manner,n.,"方式;举止;(pl.)风度,礼貌;规矩;风俗",,,,,,,,,,,,,
manual,adj.,"手的,手工做的,体力的",n.,"手册,指南",,,,,,,,,,,
manufacture,v.,"制造,加工",n.,"制造,制造业;产品",,,,,,,manufacturing,manufactured,manufactured,,
manuscript,n.,"手稿,原稿",,,,,,,,,,,,,
many,adj.,许多的，多的,pron.,许多人或物，许多,,,,,,,,,,,
map,n.,"地图,图",vt.,"在地图上标示出,绘制地图",,,,,,,mapping,mapped,mapped,,
marble,n.,"大理石,云石",,,,,,,,,,,,,
march,v.,"(使)行军,(使)行进",n.,"行军,行程",,,,,,,marching,marched,marched,,
March,n.,三月(略作 Mar.),,,,,,,,,,,,,
margin,n.,页边空白;边缘;余地;幅度,,,,,,,,,,,,,
marginal,adj.,"记在页边的,旁注的;(意识)边缘的",,,,,,,,,,,,,
marine,adj.,"海的,海生的;船舶的,航海的",,,,,,,,,,,,,
marital,adj.,"婚姻的,夫妻之间的",,,,,,,,,,,,,
mark,n.,痕迹;记号;分数,v.,"标记,打分,使有特色",,,,,,,marking,marked,marked,,
market,n.,"集市,市场;销路,需求(量)",v.,销售,,,,,,,marketing,marketed,marketed,,
marriage,n.,"结婚,婚姻;结婚仪式",,,,,,,,,,,,,
married,adj.,"已婚的,夫妇的;(to)与…结婚的",,,,,,,,,,,,,
marry,v.,"结婚,嫁,娶",,,,,,,,,marrying,married,married,,
marshal,v.,整理，集结，排列,n.,元帅；司仪,,,,,,,marshalling,marshalled,marshalled,,非大纲单词
marvelous,adj.,"(marvellous)惊人的,奇迹般的,妙极的",,,,,,,,,,,,,
Marxist,adj.,马克思主义的,n.,马克思主义者,,,,,,,,,,,
masculine,adj.,男性的，似男性的；［语法］阳性的,,,,,,,,,,,,,
mask,n.,"面具,面罩;假面具,伪装",v.,"掩饰,化装",,,,,,,masking,masked,masked,,
mass,n.,"大量,众多;团,块;(pl.)群众,民众;质量",,,,,,,,,,,,,
massacre,vt.,"残杀,集体屠杀",n.,"残杀,大屠杀",,,,,,,massacring,massacred,massacred,,
massive,adj.,"大而重的,厚实的,粗大的;大规模的,大量的",,,,,,,,,,,,,
master,n.,男主人;师傅;硕士,v.,"精通,控制",adj.,主要的,,,,,mastering,mastered,mastered,,
masterpiece,n.,"杰作,名著",,,,,,,,,,,,,
mat,n.,"席子,垫子",,,,,,,,,,,,,
match,n.,"火柴;比赛,竞赛;对手,配偶",v.,"匹配,相称",,,,,,,matching,matched,matched,,
mate,n.,"伙伴,同事,同伴,配偶",v.,"结伴,配对,交配",,,,,,,mating,mated,mated,,
material,n.,"材料,原料,资料",adj.,"物质的,肉体的,实质性的",,,,,,,,,,,
mathematical,adj.,数学的；数学上的,,,,,,,,,,,,,
maths,n.,(mathematics/math)数学,,,,,,,,,,,,,
matter,n.,"物质,物体;毛病,麻烦;事情",v.,"有关系,要紧",,,,,,,mattering,mattered,mattered,,
mature,adj.,"成熟的,熟的;成年人的",v.,(使)成熟,,,,,,,maturing,matured,matured,,
maximum,n.,"最大值,极限",adj.,"最大的,最高的",,,,,,,,,,,
may,aux.,v.可能，也许；可以，被允许；祝，愿,,,,,,,,,,,,,
May,n.,五月,,,,,,,,,,,,,
maybe,adv.,可能；大概；也许,,,,,,,,,,,,,
mayor,n.,市长,,,,,,,,,,,,,
me,pron.,[I 的宾格]我,,,,,,,,,,,,,
meadow,n.,"草地,牧场",,,,,,,,,,,,,
meal,n.,"膳食,一餐",,,,,,,,,,,,,
mean,v.,表示…的意思,adj.,卑鄙的;平均的,n.,平均值,,,,,meaning,meant,meant,,
meaning,n.,"意思,意义,含义;重要性,价值",,,,,,,,,,,,,
means,n.,"方法,手段",,,,,,,,,,,,,
meantime,n.,"(meanwhile)其间,其时",adv.,"同时,当时",,,,,,,,,,,
meanwhile,n.,其时，其间,adv.,当时，与此同时,,,,,,,,,,,
measure,v.,"测量,分派,权衡",n.,"尺寸,量度器,措施,办法",,,,,,,measuring,measured,measured,,
meat,n.,(食用)肉类,,,,,,,,,,,,,
mechanic,n.,"技工,机修工",,,,,,,,,,,,,
mechanical,adj.,"机械的,由机构制成的;机械似的,呆板的",,,,,,,,,,,,,
mechanism,n.,"机械装置,机构;机制",,,,,,,,,,,,,
medal,n.,"奖章,勋章,纪念章",,,,,,,,,,,,,
medical,adj.,医学的，医疗的，医药的；内科的,,,,,,,,,,,,,
medicine,n.,"内服药,医药;医术;医学,内科学",,,,,,,,,,,,,
medieval,adj.,"中世纪的,中古(时代)的,老式的,原始的",,,,,,,,,,,,,
meditate,v.,"想,考虑,(尤指宗教上的)沉思,冥想",,,,,,,,,meditating,meditated,meditated,,
meditation,n.,"熟虑;(尤指宗教的)默想,沉思;(pl.)冥想录",,,,,,,,,,,,,
medium,n.,"(pl.media)媒体,方法,媒介,介质",adj.,中等的,,,,,,,,,,,
meet,n.,"会,集会",v.,遇见;会谈;迎接;满足;符合,,,,,,,meeting,met,met,,
meeting,n.,"会议,集合,汇合,会见,接见,汇合点",,,,,,,,,,,,,
melody,n.,旋律，曲调；悦耳的音乐,,,,,,,,,,,,,
melon,n.,甜瓜,,,,,,,,,,,,,
melt,v.,"(使)融化,(使)熔化",,,,,,,,,melting,melted,melted,,
member,n.,"成员,会员",,,,,,,,,,,,,
membership,n.,"会员资格,成员资格",,,,,,,,,,,,,
memo,n.,(memorandum)备忘录,,,,,,,,,,,,,
memorial,adj.,"记忆的,纪念的",n.,"纪念物,纪念碑,纪念馆",,,,,,,,,,,
memory,n.,"记忆,记忆力;回忆;存储(器)",,,,,,,,,,,,,
menace,vt.&n.,有危险性的人(或物)；威胁，威吓,,,,,,,,,menacing,menaced,menaced,,
mend,v.,"修理,缝补;改正,改进",,,,,,,,,mending,mended,mended,,
mental,adj.,"精神的,思想的,心理的,智力的,脑力的",,,,,,,,,,,,,
mention,v.&n.,"提及,说起",,,,,,,,,mentioning,mentioned,mentioned,,
menu,n.,菜单,,,,,,,,,,,,,
merchandise,n.,"商品,货物",,,,,,,,,,,,,
merchant,n.,"商人,零售商",,,,,,,,,,,,,
merciless,adj.,无情的，残忍的,,,,,,,,,,,,,非大纲单词
mercury,n.,"水银,汞",,,,,,,,,,,,,
mercy,n.,"仁慈,怜悯,宽恕",,,,,,,,,,,,,
mere,adj.,"纯粹的;仅仅,只不过",,,,,,,,,,,,,
merely,adv.,仅仅，只不过,,,,,,,,,,,,,
merge,v.,(使)结合，(使)合并，(使)合为一体,,,,,,,,,merging,merged,merged,,
merit,n.,"优点,价值,功绩",v.,"值得,应得",,,,,,,meriting,merited,merited,,
merry,adj.,"欢乐的,愉快的",,,,,,,,,,,,,
mess,n.,"混乱,混杂,脏乱",v.,"弄脏,弄乱,搞糟",,,,,,,messing,messed,messed,,
message,n.,"消息,信息,通讯,启示,教训,广告词,预言",,,,,,,,,,,,,
messenger,n.,"送信者,使者,传令兵",,,,,,,,,,,,,
metal,n.,"金属,金属制品",,,,,,,,,,,,,
metaphor,n.,隐喻，暗喻,,,,,,,,,,,,,
method,n.,"方法,办法",,,,,,,,,,,,,
metre,n.,(meter)米，公尺；仪表，计量器,,,,,,,,,,,,,
metric,adj.,"米制的,公制的",,,,,,,,,,,,,
metropolitan,adj.,"首都的,主要都市的,大城市",,,,,,,,,,,,,
microphone,n.,"话筒,扩音器",,,,,,,,,,,,,
microscope,n.,显微镜,,,,,,,,,,,,,
middle,n.&adj.,"中间(的),当中(的)",,,,,,,,,,,,,
midst,n.,"中间,当中",,,,,,,,,,,,,
might,aux.,"v.可能,也许",n.,"力量,威力,权力",,,,,,,,,,,
migrate,v.,"迁移,移居(国外)",,,,,,,,,migrating,migrated,migrated,,
migration,n.,迁移，移居；迁徙,,,,,,,,,,,,,非大纲单词
mild,adj.,"温和的,轻微的,味淡的,不含有害物质的",,,,,,,,,,,,,
mile,n.,英里，哩，海里,,,,,,,,,,,,,
militant,adj.,好战的，富于战斗性的,n.,斗士,,,,,,,,,,,
military,adj.,"军事的,军用的,军队的",,,,,,,,,,,,,
milk,n.,牛奶；(植物流出的)白色乳液,v.,挤奶,,,,,,,milking,milked,milked,,
mill,n.,"磨粉机,磨坊;作坊,工厂",,,,,,,,,,,,,
millimeter,n.,(millimetre)毫米,,,,,,,,,,,,,
million,num.&n.,"百万,百万个",,,,,,,,,,,,,
millionaire,n.,百万富翁,,,,,,,,,,,,,
mind,n.,"精神,理智,意见,记忆力",v.,"注意,介意,反对",,,,,,,minding,minded,minded,,
mine,pron.,(I 的物主代词)我的(东西),n.,矿,v.,采矿,,,,,mining,mined,mined,,
mineral,n.,"矿物,矿石",adj.,"矿物的,矿质的",,,,,,,,,,,
mingle,v.,(使)混合,,,,,,,,,mingling,mingled,mingled,,
miniature,n.,"缩小的模型,缩图",adj.,"微型的,缩小的",,,,,,,,,,,
minimize,v.,"(minimize)使减少到最少,使降到最低",,,,,,,,,minimizing,minimized,minimized,,
minimum,n.,"最小值,最低限度",adj.,"最小的,最低的",,,,,,,,,,,
minister,n.,"部长,大臣",,,,,,,,,,,,,
ministry,n.,(政府的)部;牧师,,,,,,,,,,,,,
minor,adj.,"较小的,较小的",n.,兼修学科,v.,(in)兼修,,,,,minoring,minored,minored,,
minority,n.,"少数,少数派,少数民族",,,,,,,,,,,,,
minus,adj.,"负的,减的",prep.,减去,n.,"负号,减号",,,,,,,,,
minute,n.,"分钟,片刻;(pl.)会议记录",adj.,微小的,,,,,,,,,,,
miracle,n.,"奇迹,令人惊奇的人(或事)",,,,,,,,,,,,,
mirror,n.,"镜子;反映,反射",v.,"反映,反射",,,,,,,mirroring,mirrored,mirrored,,
mischief,n.,"损害,伤害,危害;恶作剧,胡闹;灾祸",,,,,,,,,,,,,
miserable,adj.,"痛苦的,悲惨的",,,,,,,,,,,,,
misery,n.,"痛苦,悲惨,不幸",,,,,,,,,,,,,
misfortune,n.,"不幸,灾祸,灾难",,,,,,,,,,,,,
mislead,v.,"把…带错路,使误入岐途",,,,,,,,,misleading,misled,misled,,
misplaced,adj.,放错位置的；错置的，不恰当的,,,,,,,,,,,,,非大纲单词
miss,n.,小姐,v.,"思念,未击中,错过,漏掉,逃脱",,,,,,,missing,missed,missed,,
missile,n.,"导弹,发射物",,,,,,,,,,,,,
missing,adj.,"漏掉的,失去的,失踪的",,,,,,,,,,,,,
mission,n.,"使命,任务;使团,代表团",,,,,,,,,,,,,
missionary,adj.,教会的，传教(士)的,n.,传教士,,,,,,,,,,,
mist,n.,"薄雾,霭",,,,,,,,,,,,,
mistake,n.,"错误,过失,误解",v.,弄错;(for)把…误认为,,,,,,,mistaking,mistook,mistaken,,
mistress,n.,"女主人;主妇;情妇,情人",,,,,,,,,,,,,
misunderstand,v.,"误解,误会",,,,,,,,,misunderstanding,misunderstood,misunderstood,,
mix,v.,使混合;混淆,,,,,,,,,mixing,mixed,mixed,,
mixture,n.,"混合;混合物,混合剂",,,,,,,,,,,,,
moan,n.,"呻吟声,悲叹声",v.,"呻吟,抱怨,悲叹",,,,,,,moaning,moaned,moaned,,
mob,n.,乌合之众(尤指暴力者),vi.,围攻，聚众闹事,,,,,,,mobbing,mobbed,mobbed,,
mobile,adj.,"可动的,活动的,运动的",,,,,,,,,,,,,
mobilize,v.,"(mobilise)动员,赋予可动性",,,,,,,,,mobilizing,mobilized,mobilized,,
mock,v.,嘲笑,adj.,"假的,模拟的",n.,(常 pl.)模拟考试,,,,,mocking,mocked,mocked,,
mode,n.,"方式,式样",,,,,,,,,,,,,
model,n.,"样式,型;模范;模型,原型;模特",v.,模仿,,,,,,,modelling,modelled,modelled,,
moderate,adj.,"有节制的,中等的,适度的,温和的,稳健的",,,,,,,,,,,,,
modern,adj.,"现代的,近代的,新式的",,,,,,,,,,,,,
modernization,n.,(modernisation)现代化,,,,,,,,,,,,,
modest,adj.,"谦虚的,有节制的",,,,,,,,,,,,,
modify,v.,"更改,修改,修饰",,,,,,,,,modifying,modified,modified,,
module,n.,组件，模块，模件；(航天器的)舱,,,,,,,,,,,,,
moist,adj.,"潮湿的,湿润的,多雨的",,,,,,,,,,,,,
moisture,n.,"潮湿,湿气,湿度",,,,,,,,,,,,,
molecule,n.,分子,,,,,,,,,,,,,
moment,n.,"片刻,瞬间,时刻",,,,,,,,,,,,,
momentum,n.,"动力,要素",,,,,,,,,,,,,
monarch,n.,帝王，君主，最高统治者,,,,,,,,,,,,,
Monday,n.,星期一,,,,,,,,,,,,,
monetary,adj.,"金融的,货币的",,,,,,,,,,,,,
money,n.,"货币,钱",,,,,,,,,,,,,
monitor,n.,"班长;监听器,监视器",v.,"监控,监测",,,,,,,monitoring,monitored,monitored,,
monkey,n.,猴子,,,,,,,,,,,,,
monoglot,adj.,只懂一种语言的,n.,只使用一种语言的人,,,,,,,,,,,非大纲单词
monopoly,n.,"垄断,专卖,专利权,专利事业",,,,,,,,,,,,,
monotonous,adj.,"单调的,无变化的",,,,,,,,,,,,,
monster,n.,"怪物,妖怪,畸形的动植物",,,,,,,,,,,,,
month,n.,"月,月份",,,,,,,,,,,,,
monthly,adj.,每月的,adv.,"每月一次,按月",n.,月刊,,,,,,,,,
monument,n.,"纪念碑,纪念馆,遗迹,不朽的业绩",,,,,,,,,,,,,
mood,n.,"心情,情绪;语气",,,,,,,,,,,,,
moon,n.,(加 the)月球，月亮；卫星,,,,,,,,,,,,,
moral,adj.,"道德(上)的,精神上的",n.,"寓意,教育意义",,,,,,,,,,,
morality,n.,"道德,美德",,,,,,,,,,,,,
more,adj.,更多的,n.,更多的人(或东西),adv.,更，更多,,,,,,,,,
moreover,conj.&adv.,"再者,加之,而且",,,,,,,,,,,,,
morning,n.,早晨，上午,,,,,,,,,,,,,
mortal,adj.,致命的;终有一死的;人世间的,n.,凡人,,,,,,,,,,,
mortgage,n.&v.,抵押(借款),,,,,,,,,mortgaging,mortgaged,mortgaged,,
mosaic,n.,马赛克;镶嵌体,,,,,,,,,,,,,
mosquito,n.,蚊子,,,,,,,,,,,,,
moss,n.,"苔,藓,地衣",,,,,,,,,,,,,
most,adj.,最多的；大多数的,adv.,最；极其,n.,大多数,,,,,,,,,
mostly,adv.,"几乎全部地;主要地,大部分,基本上",,,,,,,,,,,,,
motel,n.,(附有停车场的)汽车旅馆,,,,,,,,,,,,,
mother,n.,母亲,,,,,,,,,,,,,
motion,n.,"运动,动;提议,动议",v.,"提议,动议",,,,,,,motioning,motioned,motioned,,
motivate,vt.,促动；激励，鼓励，作为…的动机,,,,,,,,,motivating,motivated,motivated,,
motivation,n.,动机，动力，积极性,,,,,,,,,,,,,非大纲单词
motive,n.,"动机, 目的",adj.,"发动的,运动的",,,,,,,,,,,
motor,n.,"发动机,电动机",,,,,,,,,,,,,
mould,n.,(mold)模子，铸型,v.,浇铸，造型，塑造,,,,,,,moulding,moulded,moulded,,
mount,v.,登上;安装,n.,"支架,底板;(用于山名前)山峰",,,,,,,mounting,mounted,mounted,,
mountain,n.,山,,,,,,,,,,,,,
mourn,v.,"哀悼,忧伤",,,,,,,,,mourning,mourned,mourned,,
mouse,n.,"(pl.mice)鼠,耗子",,,,,,,,,,,,,
mouth,n.,"口,嘴",,,,,,,,,,,,,
move,v.,"移动,迁移;活动;感动",n.,"移动,活动,行动",,,,,,,moving,moved,moved,,
movement,n.,"运动,活动;移动,迁移",,,,,,,,,,,,,
movie,n.,"电影,电影院",,,,,,,,,,,,,
much,adj.,多的，大量的,adv.,十分，非常；到极大程度,,,,,,,,,,,
mud,n.,泥，泥浆,v.,弄脏，使沾污泥,,,,,,,mudding,mudded,mudded,,
mug,n.,(有柄的)大茶杯,,,,,,,,,,,,,
multiple,adj.,"多样的,多重的",n.,倍数,v.,成倍增加,,,,,multipling,multipled,multipled,,
multiply,v.,"(by)乘,使相乘;倍增,增加,繁殖",,,,,,,,,multiplying,multiplied,multiplied,,
multitude,n.,"众多,大量",,,,,,,,,,,,,
mundane,adj.,平凡的，世俗的，单调乏味的,,,,,,,,,,,,,非大纲单词
municipal,adj.,"市(立,政)的;地方性的,地方自治的",,,,,,,,,,,,,
murder,v.&n.,"谋杀,凶杀",,,,,,,,,murdering,murdered,murdered,,
murmur,v.&n.,"小声说(话);小声抱怨,咕哝",,,,,,,,,murmuring,murmured,murmured,,
muscle,n.,"肌肉,体力",,,,,,,,,,,,,
muscular,adj.,肌肉的;肌肉发达的;强健的,,,,,,,,,,,,,
museum,n.,"博物馆,展览馆",,,,,,,,,,,,,
mushroom,n.,蘑菇,vt.,"迅速生长,迅速增加,采蘑菇",,,,,,,mushrooming,mushroomed,mushroomed,,
music,n.,音乐，乐曲，乐谱,,,,,,,,,,,,,
musical,adj.,音乐的;有音乐才能的,n.,音乐片,,,,,,,,,,,
musician,n.,"音乐家,乐师",,,,,,,,,,,,,
must,aux.&v.,必须；很可能；一定要,n.,必须做的事,,,,,,,,,,,
mute,adj.,"哑的,缄默的",n.,哑巴;弱音器,v.,减弱…的声音,,,,,muting,muted,muted,,
mutter,n.,"喃喃而语,小声低语;抱怨",v.,"低声说,抱怨",,,,,,,muttering,muttered,muttered,,
mutton,n.,羊肉,,,,,,,,,,,,,
mutual,adj.,相互的，彼此的；共同的，共有的,,,,,,,,,,,,,
my,pron.,(I 的所有格)我的,,,,,,,,,,,,,
myself,pron.,[反身代词]我自己；我亲自,,,,,,,,,,,,,
mysterious,adj.,"神秘的,可疑的,难理解的",,,,,,,,,,,,,
mystery,n.,"神秘,神秘的事物;神秘小说,侦探小说",,,,,,,,,,,,,
myth,n.,神话;虚构的理论,,,,,,,,,,,,,
nail,n.,"指甲,爪;钉",v.,"将…钉牢,钉住",,,,,,,nailing,nailed,nailed,,
naive,adj.,天真的,,,,,,,,,,,,,
naked,adj.,"裸体的,无遮敝的,无掩饰的",,,,,,,,,,,,,
name,n.,名字(称/声/义),vt.,给…取名；列举；提名,,,,,,,naming,named,named,,
namely,adv.,"即,也就是",,,,,,,,,,,,,
nap,n.,"小睡,打盹",,,,,,,,,,,,,
napkin,n.,"餐巾,餐巾纸,<英>尿布",,,,,,,,,,,,,
narrative,adj.,叙述性的,n.,叙述,,,,,,,,,,,
narrow,adj.,"狭窄的,狭的,狭隘的",,,,,,,,,,,,,
nasty,adj.,"肮脏的,卑劣的,下流的;令人厌恶的",,,,,,,,,,,,,
nation,n.,"民族,国家",,,,,,,,,,,,,
national,adj.,"民族的,国家的,国立的",,,,,,,,,,,,,
nationality,n.,"国籍,民族",,,,,,,,,,,,,
native,adj.,"本地的,本国的;天生的",n.,"本地人,本国人",,,,,,,,,,,
natural,adj.,"正常的; 自然界的,天然的,天赋的,固有的",,,,,,,,,,,,,
nature,n.,"自然界,大自然;性质,本性,天性",,,,,,,,,,,,,
naughty,adj.,"顽皮的,淘气的",,,,,,,,,,,,,
naval,n.,"海军的,军舰的",,,,,,,,,,,,,
navigation,n.,"航海,航空;导航,领航",,,,,,,,,,,,,
navy,n.,海军,,,,,,,,,,,,,
near,adj.,近的，接近的；亲近的,prep.,靠近,adv.,接近,,,,,,,,,
nearby,adj.,附近的,adv.,在附近,prep.,在…附近,,,,,,,,,
nearly,adv.,"差不多,几乎",,,,,,,,,,,,,
neat,adj.,"整洁的,干净的,优美的,精致的",,,,,,,,,,,,,
necessary,adj.,"必需的,必要的;必然的",n.,必需品,,,,,,,,,,,
necessitate,v.,"使成为必要,需要",,,,,,,,,necessitating,necessitated,necessitated,,
necessity,n.,"必要性,需要;必然性;(pl.)必需品",,,,,,,,,,,,,
neck,n.,颈脖,,,,,,,,,,,,,
necklace,n.,项链，项圈,,,,,,,,,,,,,
need,aux.,v./v.需要；必须,n.,需要；贫困，困窘,,,,,,,needing,needed,needed,,
needle,n.,"针,指针,针状物",,,,,,,,,,,,,
negative,adj.,"否定的,消极的,阴性的",n.,负数;(摄影)底片,,,,,,,,,,,
neglect,v.&n.,"忽视;疏忽,漏做,忽略",,,,,,,,,neglecting,neglected,neglected,,
negligible,adj.,可忽略不计的，微不足道的,,,,,,,,,,,,,
negotiate,v.,商订；谈判，洽谈，交涉,,,,,,,,,negotiating,negotiated,negotiated,,
Negro,n.,黑人,adj.,黑人的,,,,,,,,,,,
neighbor,n.,(neighbour)邻居,,,,,,,,,,,,,
neighborhood,n.,"(neighbourhood)邻居;四邻,街道",,,,,,,,,,,,,
neither,adj.,两者都不,pron.,两者都不,adv.,也不,,,,,,,,,
nephew,n.,"侄子,外甥",,,,,,,,,,,,,
nerve,n.,"神经;勇敢,胆量",,,,,,,,,,,,,
nervous,adj.,"神经的;神经过敏的,紧张不安的",,,,,,,,,,,,,
nest,n.,"窝,巢",v.,筑巢,,,,,,,nesting,nested,nested,,
net,n.,"网,网状物",v.,"用网捕,使落网",adj.,纯净的,,,,,netting,netted,netted,,
network,n.,"网状物;广播网,电视网;网络",,,,,,,,,,,,,
neutral,adj.,"中立的;中性的,中和的",,,,,,,,,,,,,
never,adv.,永不，从不，决不；从来没有；不，没有,,,,,,,,,,,,,
nevertheless,conj.,"(nonetheless)然而,不过",adv.,"仍然,不过",,,,,,,,,,,
new,adj.,新(近)的；新来的；不熟悉的；没经验的,,,,,,,,,,,,,
news,n.,新闻，消息；新闻报道，新闻广播,,,,,,,,,,,,,
newspaper,n.,报纸,,,,,,,,,,,,,
next,adj.,紧接的，其次的；贴近的,adv.,其次；居后,,,,,,,,,,,
nice,adj.,美好的，令人愉快的；友好的，亲切的,,,,,,,,,,,,,
nickel,n.,镍;镍币;五美分,,,,,,,,,,,,,
nickname,n.,绰号，浑名,vt.,给…起绰号,,,,,,,nicknaming,nicknamed,nicknamed,,
niece,n.,"侄女,甥女",,,,,,,,,,,,,
night,n.,夜间；夜；晚(上),,,,,,,,,,,,,
nightmare,n.,恶梦；可怕的事物，无法摆脱的恐惧,,,,,,,,,,,,,
nine,num.,九,pron.&adv.,九(个，只),,,,,,,,,,,
nineteen,num.&adj.,十九,pron.,十九(个，只),,,,,,,,,,,
ninety,num.,九十，九十个,,,,,,,,,,,,,
nitrogen,n.,[化]氮,,,,,,,,,,,,,
no,adv.,不是，不,adj.,没有的；不允许,n.,不，拒绝,,,,,,,,,
noble,adj.,"高尚的;贵族的,高贵的",n.,贵族,,,,,,,,,,,
nobody,pron.,"谁也不,无人",n.,小人物,,,,,,,,,,,
nod,v.,"点(头),点头招呼",n.,"点头招呼;打盹,瞌睡",,,,,,,nodding,nodded,nodded,,
noise,n.,"喧闹声,噪声,吵嚷声",,,,,,,,,,,,,
noisy,adj.,"吵闹的,喧闹的",,,,,,,,,,,,,
nominal,adj.,"名义上的;(金额,租金)微不足道的",,,,,,,,,,,,,
nominate,v.,"提名,任命",,,,,,,,,nominating,nominated,nominated,,
none,pron.,没有任何人(东西)；都不,adv.,一点也不,,,,,,,,,,,
nonetheless,adv.,"[nevertheless]虽然如此, 但是",,,,,,,,,,,,,
nonfiction,n.,非虚构类作品，非小说类文学,,,,,,,,,,,,,非大纲单词
nonsense,n.,"胡说,废话",,,,,,,,,,,,,
noodle,n.,(常用复数)面条,,,,,,,,,,,,,
noon,n.,中午，正午,,,,,,,,,,,,,
nor,conj.,／,adv.,也不，也没有,,,,,,,,,,,
norm,n.,"准则,规范,准则,平均数",,,,,,,,,,,,,
normal,adj.,"正常的,普通的;正规的,标准的",,,,,,,,,,,,,
normalization,n.,"(normalisation)正常化,标准化",,,,,,,,,,,,,
north,n.,"北,北方",adj.,"北方的,北部",adv.,"向北方,在北方",,,,,,,,,
northeast,n.,东北,adj.,东北方的,adv.,"向东北,在东北",,,,,,,,,
northern,adj.,"北方的,北部的",,,,,,,,,,,,,
northwest,n.,"西北方,西北部",adj.,西北的,adv.,"向西北,在西北",,,,,,,,,
nose,n.,"鼻子;(飞机,船等的)前端,突出部分",,,,,,,,,,,,,
not,adv.,不，不是，不会；没有,,,,,,,,,,,,,
notable,n.,"值得注意的,显著的,著名的",,,,,,,,,,,,,
note,n.,"笔记;按语,注释;钞票,纸币",v.,"记下,摘下",,,,,,,noting,noted,noted,,
notebook,n.,笔记本,,,,,,,,,,,,,
nothing,n.,没有东西；什么也没有；无关紧要的人或事,,,,,,,,,,,,,
notice,n.,"通知,通告,布告;注意,认识",v.,"注意到,注意",,,,,,,noticing,noticed,noticed,,
noticeable,adj.,"显而易见的,值得注意的,重要的",,,,,,,,,,,,,
notify,v.,"通知,告知,报告",,,,,,,,,notifying,notified,notified,,
notion,n.,"概念,想法,意念,看法,观点",,,,,,,,,,,,,
notorious,adj.,"臭名昭著的,声名狼藉的",,,,,,,,,,,,,
notwithstanding,prep.&adv.&conj.,尽管,,,,,,,,,,,,,
noun,n.,名词,,,,,,,,,,,,,
nourish,v.,"提供养分,养育,怀有(希望,仇恨等)",,,,,,,,,nourishing,nourished,nourished,,
novel,n.,(长篇)小说,adj.,"新奇的,新颖的",,,,,,,,,,,
novelty,n.,"新奇,新颖,新奇的事物",,,,,,,,,,,,,
November,n.,十一月,,,,,,,,,,,,,
now,adv.,现在，如今，目前；当时，于是，然后,,,,,,,,,,,,,
nowadays,adv.,"现今,现在",,,,,,,,,,,,,
nowhere,adv.,"任何地方都不,没有地方",,,,,,,,,,,,,
nuclear,adj.,"核心的,中心的;原子核的,核能的",,,,,,,,,,,,,
nucleus,n.,"(pl.nuclei)核,核心,原子核",,,,,,,,,,,,,
nuisance,n.,讨厌的人(或东西);麻烦事,,,,,,,,,,,,,
numb,adj.,"麻木的,失去感觉的",v.,使麻木,,,,,,,numbing,numbed,numbed,,
number,n.,"数,数字,数量,号码,一群",v.,"共计,编号",,,,,,,numbering,numbered,numbered,,
numerical,adj.,数字的，用数字表示的，数值的,,,,,,,,,,,,,
numerous,adj.,"众多的,许多的,大批的",,,,,,,,,,,,,
nurse,n.,"护士,保姆",v.,"护理,看护",,,,,,,nursing,nursed,nursed,,
nursery,n.,托儿所,,,,,,,,,,,,,
nurture,n.&v.,"养育,教育,教养",n.,营养品,v.,给与营养物,,,,,nurturing,nurtured,nurtured,,
nut,n.,"坚果;螺母,螺帽",,,,,,,,,,,,,
nutrition,n.,"营养,营养学",,,,,,,,,,,,,
nylon,n.,尼龙,,,,,,,,,,,,,
o'clock,adv.,(…)点钟(与 1 至 12 数字连用),,,,,,,,,,,,,
oak,n.,"橡树,橡木",adj.,橡木的,,,,,,,,,,,
oar,n.,"桨,橹",v.,"划,划动,划行",,,,,,,oaring,oared,oared,,
oath,n.,"誓言,誓约,诅咒",,,,,,,,,,,,,
obedience,n.,"服从,顺从",,,,,,,,,,,,,
obedient,adj.,"服从的,顺从的",,,,,,,,,,,,,
obey,v.,"服从, 顺从",,,,,,,,,obeying,obeyed,obeyed,,
object,n.,"物体;客体,对象; 目标;宾语",v.,(to)反对,,,,,,,objecting,objected,objected,,
objection,n.,"(to)反对,异议,不喜欢,反对的理由",,,,,,,,,,,,,
objective,n.,"目标, 目的",adj.,"客观的,真实的",,,,,,,,,,,
obligation,n.,"义务,责任",,,,,,,,,,,,,
oblige,v.,"强迫,迫使;责成;(使)感激,施恩于",,,,,,,,,obliging,obliged,obliged,,
obscure,adj.,"暗的,朦胧的;模糊的,晦涩的",,,,,,,,,,,,,
observation,n.,"观察,观测,监视;(pl.)观察资料;观察力",,,,,,,,,,,,,
observe,v.,"观察,观测,注意到,监视,遵守,评述,说",,,,,,,,,observing,observed,observed,,
obsession,n.,"迷住, 困扰",,,,,,,,,,,,,
obsolete,adj.,"已废弃的,过时的",,,,,,,,,,,,,
obstacle,n.,"障碍(物),妨碍,阻碍,干扰",,,,,,,,,,,,,
obstruct,v.,"阻隔,阻塞(道路、通道等)",n.,"阻碍物,障碍物",,,,,,,obstructing,obstructed,obstructed,,
obstruction,n.,"妨碍,障碍物",,,,,,,,,,,,,
obtain,v.,"获得,得到",,,,,,,,,obtaining,obtained,obtained,,
obvious,adj.,"明显的,显而易见的",,,,,,,,,,,,,
occasion,n.,"场合,时节,时刻;时机,机会",,,,,,,,,,,,,
occasional,adj.,"偶然的,非经常的,特殊场合的;临时的",,,,,,,,,,,,,
occupation,n.,"占领,占据; 占用;职业,工作",,,,,,,,,,,,,
occupy,v.,"占,占用; 占据,占领;使忙碌,使从事",,,,,,,,,occupying,occupied,occupied,,
occur,v.,"发生,出现;存在;想起,想到",,,,,,,,,occurring,occurred,occurred,,
occurrence,n.,"发生,出现;事件,事故,发生的事情",,,,,,,,,,,,,
ocean,n.,海洋,,,,,,,,,,,,,
October,n.,十月,,,,,,,,,,,,,
odd,adj.,奇数的;奇怪的;单只的;临时的;带零头的,,,,,,,,,,,,,
odds,n.,"不平等,差异;机会",,,,,,,,,,,,,
odor,n.,"(odour)气味,香味,臭味,名声",,,,,,,,,,,,,
of,prep.,…的；在…之中；用…制的；关于…的,,,,,,,,,,,,,
off,adv.,离开；在远处；脱开,prep.,从，从…离开,,,,,,,,,,,
offend,v.,"犯罪,冒犯,违反,得罪,使…不愉快",,,,,,,,,offending,offended,offended,,
offensive,adj.,"冒犯的,攻击的",n.,"攻势,进攻",,,,,,,,,,,
offer,v.,"提供,提议,出现",n.,"出价,提议,意图",,,,,,,offering,offered,offered,,
office,n.,"办公室,办事处;职务,公职;部,局,处",,,,,,,,,,,,,
officer,n.,"官员,办事员;工作人员;军官",,,,,,,,,,,,,
official,n.,"官员,行政官员",adj.,"官方的,官方的,正式的",,,,,,,,,,,
offset,n.,"分支,补偿",v.,"抵消,补偿",,,,,,,offsetting,offset,offset,,
offspring,n.,"子孙,后代;结果,产物",,,,,,,,,,,,,
often,adv.,常常，经常，通常,,,,,,,,,,,,,
oil,n.,油，石油,v.,给…加润滑油；涂油，上油,,,,,,,oiling,oiled,oiled,,
okay,adj.,(okey，OK，O.K.)好，行，不错,n.,同意,,,,,,,,,,,
old,adj.,年老的；…岁的；长时间的，老的；过去的,,,,,,,,,,,,,
omit,v.,"省略,删去;遗漏,忽略",,,,,,,,,omitting,omitted,omitted,,
on,adj.,连接上,prep.,在…上；靠近,adv.,向前，继续,,,,,,,,,
once,adv.,一次，曾经,conj.,一(旦)…就…,n.,一次,,,,,,,,,
one,num.,一,pron.,一个(只)(表示代替可数的东西),,,,,,,,,,,
oneself,pron.,[反身代词]自己；亲自，本人,,,,,,,,,,,,,
onion,n.,洋葱,,,,,,,,,,,,,
only,adv.,仅仅，只不过,adj.,唯一的,conj.,可是，不过,,,,,,,,,
onto,prep.,在…上面；到…上面,,,,,,,,,,,,,
opaque,adj.,"不透明(光)的;难理解的,晦涩的",,,,,,,,,,,,,
open,n.,"公开,户外",adj.,"开的,开放的",v.,开,,,,,opening,opened,opened,,
opening,n.,"开,开放,开始,空缺,机会",adj.,"开始的,开幕的",,,,,,,,,,,
opera,n.,歌剧,,,,,,,,,,,,,
operate,v.,"操作,运转,开动,起作用,动手术",,,,,,,,,operating,operated,operated,,
operation,n.,"运转,开动,操作,手术,运算,经营",,,,,,,,,,,,,
operational,adj.,"操作的,运转的,起作用的,经营的",,,,,,,,,,,,,
operator,n.,"操作人员,(电话)接线员",,,,,,,,,,,,,
opinion,n.,"意见,看法,主张",,,,,,,,,,,,,
opponent,n.,"对手,反对者,敌手",adj.,"对立的,对抗的",,,,,,,,,,,
opportunity,n.,机会,,,,,,,,,,,,,
oppose,v.,"反对,使对立,使对抗,使相对",,,,,,,,,opposing,opposed,opposed,,
opposite,adj.,"对面的,相对的,相反的",n.,对立面,,,,,,,,,,,
oppress,v.,"压迫,压制",,,,,,,,,oppressing,oppressed,oppressed,,
oppression,n.,压迫，压制，压抑,,,,,,,,,,,,,非大纲单词
opt,vi.,抉择，选择,,,,,,,,,opting,opted,opted,,
optical,adj.,"眼的,视力的;光学的",,,,,,,,,,,,,
optimism,n.,乐观，乐观主义,,,,,,,,,,,,,非大纲单词
optimistic,adj.,乐观主义的,,,,,,,,,,,,,
optimum,adj.,最适宜的,n.,最适宜(条件),,,,,,,,,,,
option,n.,"选择(权),[商]选择买卖的特权",,,,,,,,,,,,,
optional,adj.,"可以任选的,随意的,非强制的",,,,,,,,,,,,,
or,conj.,或，或者(表示选择)；即，大约；否则,,,,,,,,,,,,,
oral,adj.,口头的,,,,,,,,,,,,,
orange,n.,"柑,桔,橙",,,,,,,,,,,,,
orbit,n.,轨道,v.,(使)沿轨道行,,,,,,,orbiting,orbited,orbited,,
orchard,n.,"果园,果园里的全部果树,<美俚>棒球场",,,,,,,,,,,,,
orchestra,n.,管弦乐队,,,,,,,,,,,,,
order,n.,命令;次序;整齐;定货单;等级,v.,"定制,订购",,,,,,,ordering,ordered,ordered,,
orderly,adj.,"整齐的,有秩序的,有条理的",n.,勤务兵,,,,,,,,,,,
ordinary,adj.,"普通的,平凡的,平常的;平庸的",,,,,,,,,,,,,
ore,n.,"矿石,矿砂",,,,,,,,,,,,,
organ,n.,"器官;机构,机关;风琴",,,,,,,,,,,,,
organic,adj.,器官的;有机的;有机体的,,,,,,,,,,,,,
organism,n.,生物，有机体,,,,,,,,,,,,,
organization,n.,"(organization)组织,团体,机构",,,,,,,,,,,,,
organize,v.,"(organise)组织,编组",,,,,,,,,organizing,organized,organized,,
orient,n.,"东方,亚洲",v.,"使朝东,为…定位,使适应",,,,,,,orienting,oriented,oriented,,
oriental,adj.,"东方的,东方诸国的",n.,东方人,,,,,,,,,,,
orientation,n.,"方向,方位,定位,倾向性,向东方",,,,,,,,,,,,,
oriented,adj.,以…为方向的，定向的，导向的,,,,,,,,,,,,,非大纲单词
origin,n.,"起源,由来;出身,来历",,,,,,,,,,,,,
original,adj.,"最初的,原文的;新颖的",n.,"原物,原作,原文",,,,,,,,,,,
originally,adv.,最初，原先；独创地,,,,,,,,,,,,,非大纲单词
originate,v.,"(in,from)起源,发生;首创,创造",,,,,,,,,originating,originated,originated,,
ornament,v.,"装饰,美化",n.,"装饰,装饰物",,,,,,,ornamenting,ornamented,ornamented,,
orphan,n.,孤儿,,,,,,,,,,,,,
orthodox,adj.,"传统的,正统的,习惯的,保守的,东正教的",,,,,,,,,,,,,
other,adj.,另外的，其他的,n.&pron.,另一个人(或事),,,,,,,,,,,
otherwise,adv.,"另样,用别的方法;在其他方面",conj.,要不然,,,,,,,,,,,
ought,aux.,"应该(使用时,之后应接 to,再接动词原形)",,,,,,,,,,,,,
ounce,n.,"盎司,英两",,,,,,,,,,,,,
our,pron.,[we 的所有格]我们的,,,,,,,,,,,,,
ours,pron.,[we 的物主代词]我们的(所有物),,,,,,,,,,,,,
ourselves,pron.,[反身代词]我们自己；我们亲自,,,,,,,,,,,,,
out,adv.,出去；离家；突出来,adj.,外面的，往外去的,,,,,,,,,,,
outbreak,n.,"(战争,愤怒,火灾等的)爆发,(疾病的)发作",,,,,,,,,,,,,
outcome,n.,"结果,成果",,,,,,,,,,,,,
outdoor,adj.,"室外的,野外的",,,,,,,,,,,,,
outer,adj.,"外部的,外面的,外层的",,,,,,,,,,,,,
outfit,n.,"用具,机构,全套装配",v.,"配备,(得到)装备",,,,,,,outfitting,outfitted,outfitted,,
outing,n.,"外出,旅行,散步",,,,,,,,,,,,,
outlet,n.,"出路,出口;销路,市场;发泄方法;电源插座",,,,,,,,,,,,,
outline,n.,"轮廓,略图;大纲,梗概",v.,"概述,略述",,,,,,,outlining,outlined,outlined,,
outlook,n.,"景色,风光;观点,见解;展望,前景",,,,,,,,,,,,,
output,n.,"产量,输出(量)",,,,,,,,,,,,,
outrage,n.,"暴行,侮辱,愤怒",v.,"凌辱,引起…义愤,强奸",,,,,,,outraging,outraged,outraged,,
outset,n.,"开始,开端",,,,,,,,,,,,,
outside,adv.,向外面,n.,外部,adj.,外部的,prep.,在…外,,,,,,,
outskirts,n.,郊区,,,,,,,,,,,,,
outstanding,adj.,"突出的,显著的,杰出的",,,,,,,,,,,,,
outward,adj.,"外面的,公开的,向外的",adv.,"向外,在外",n.,外表,,,,,,,,,
oval,adj.,卵形的，椭圆形的,n.,卵形，椭圆形,,,,,,,,,,,
oven,n.,"炉,灶,灶箱",,,,,,,,,,,,,
over,adv.,在上方；遍及地,prep.,在的上方,adj.,结束的,,,,,,,,,
overall,adj.,"全面的,综合的",n.,(pl.)(套头)工作服,,,,,,,,,,,
overcoat,n.,"外衣,大衣",,,,,,,,,,,,,
overcome,v.,"战胜,克服",,,,,,,,,overcoming,overcame,overcome,,
overflow,v.,"(使)外溢,(使)溢出;溢出,流出,漫出",,,,,,,,,overflowing,overflowed,overflowed,,
overhead,adj.,在头顶上的;架空的,adv.,在头顶上,,,,,,,,,,,
overhear,v.,"偶然听到,从旁听到",,,,,,,,,overhearing,overheard,overheard,,
overlap,v.,"重叠,与…交叠",n.,重叠,,,,,,,overlaping,overlaped,overlaped,,
overlook,v.,"看漏,忽略;俯瞰,眺望;宽容,放任",,,,,,,,,overlooking,overlooked,overlooked,,
overnight,adj.,"通宵的,晚上的",adv.,"在昨夜,一夜工夫,突然",,,,,,,,,,,
overpass,n.,过街天桥,vt.,"胜过,通过,忽视",,,,,,,overpassing,overpassed,overpassed,,
overseas,adj.,"外国的,海外的",adv.,在海外,,,,,,,,,,,
overtake,v.,"追上,超过,突然降临,压倒",,,,,,,,,overtaking,overtook,overtaken,,
overthrow,v.&n.,"推翻,颠覆",,,,,,,,,overthrowing,overthrew,overthrown,,
overtime,adj.,"超时的,加班的",adv.,加班,,,,,,,,,,,
overturn,n.,"倾覆,破灭,革命",v.,"打翻,推翻,颠倒,翻倒",,,,,,,overturning,overturned,overturned,,
overwhelm,v.,"淹没,覆没,压倒,制服,使不知所措",,,,,,,,,overwhelming,overwhelmed,overwhelmed,,
overwhelming,adj.,"势不可挡的,压倒的",,,,,,,,,,,,,
owe,v.,"欠(债等),应向…付出,归功于,得感谢",,,,,,,,,owing,owed,owed,,
owing,adj.,"欠的,未付的",,,,,,,,,,,,,
owl,n.,猫头鹰,,,,,,,,,,,,,
own,adj.,(用在所有格后面，加强语气)自己的,,,,,,,,,,,,,
owner,n.,"物主,所有者",,,,,,,,,,,,,
ownership,n.,"所有(权),所有制",,,,,,,,,,,,,
ox,n.,"牛,公牛",,,,,,,,,,,,,
oxide,n.,[化]氧化物,,,,,,,,,,,,,
oxygen,n.,"氧,氧气",,,,,,,,,,,,,
ozone,n.,臭氧；(海岸等的)新鲜空气,,,,,,,,,,,,,
pace,n.,"步,步伐,步调,速度",v.,"踱步,用步测",,,,,,,pacing,paced,paced,,
pack,v.,"捆扎,打包;塞满,挤满",n.,"包裹,背包,一群/副",,,,,,,packing,packed,packed,,
package,n.,"包装,包裹,箱,包装费,标准部件,成套设备",,,,,,,,,,,,,
packet,n.,"小包裹,小捆;盒;一捆,一扎;邮船,班轮",,,,,,,,,,,,,
pact,n.,"合同,条约,公约,协定",,,,,,,,,,,,,
pad,n.,"垫,衬垫;便笺簿",v.,加上衬垫,,,,,,,padding,padded,padded,,
paddle,n.,桨,v.,用桨划,,,,,,,paddling,paddled,paddled,,
page,n.,"页,记录,事件,专栏",vt.,给…标页码,,,,,,,paging,paged,paged,,
pail,n.,"桶, 提桶; 一桶的量",,,,,,,,,,,,,
pain,n.,"痛,痛苦;(pl.)努力,劳苦",vt.,使痛苦,,,,,,,paining,pained,pained,,
painful,adj.,"疼痛的,使痛苦的,费力[心]的,棘手的",,,,,,,,,,,,,
paint,n.,"油漆,颜料",v.,"油漆;涂,涂漆;画;描绘,描述",,,,,,,painting,painted,painted,,
painter,n.,"漆工,画家",,,,,,,,,,,,,
painting,n.,"上油漆,着色;绘画;油画;画法",,,,,,,,,,,,,
pair,n.,"一对,一双;一副;夫妇",v.,"配对,成对",,,,,,,pairing,paired,paired,,
palace,n.,"宫,宫殿",,,,,,,,,,,,,
pale,adj.,"苍白的,灰白的;浅的,暗淡的",,,,,,,,,,,,,
palm,n.,"手掌,掌状物,棕榈",vt.,"与…握手,藏…于掌中",,,,,,,palming,palmed,palmed,,
pamphlet,n.,小册子,,,,,,,,,,,,,
pan,n.,"平底锅,盘子,面板",,,,,,,,,,,,,
panda,n.,熊猫,,,,,,,,,,,,,
panel,n.,"面,板;控制板,仪表盘;专门小组",,,,,,,,,,,,,
panic,n.&adj.,"恐慌(的),惊慌(的)",vt.,"使惊慌,使害怕",,,,,,,panicking,panicked,panicked,,
panorama,n.,"全景,全景画,全景摄影,全景照片[装置]",,,,,,,,,,,,,
pant,n.,喘气,v.,"喘,气喘吁吁地说",,,,,,,panting,panted,panted,,
pants,n.,"裤子, 短裤",,,,,,,,,,,,,
paper,n.,纸；纸制品；报纸；(pl)文件；试卷；论文,,,,,,,,,,,,,
paperback,n.,平装本，简装本,,,,,,,,,,,,,
parachute,n.,降落伞,v.,跳伞,,,,,,,parachuting,parachuted,parachuted,,
parade,n.&v.,"游行,夸耀",n.,"检阅,阅兵式",v.,使列队行进,,,,,parading,paraded,paraded,,
paradigm,n.,典范; 范例; 示例,,,,,,,,,,,,,
paradox,n.,"似非而是的话,自相矛盾的话,反论",,,,,,,,,,,,,
paragraph,n.,"段,节;小新闻,短评",,,,,,,,,,,,,
parallel,adj.,"平行的,相同的,类似的",n.,"平行线,类似,对比",,,,,,,,,,,
paralyze,v.,(paralyse)使瘫痪(麻痹);使丧失作用,,,,,,,,,paralyzing,paralyzed,paralyzed,,
parameter,n.,"参数,参量",,,,,,,,,,,,,
parasite,n.,"寄生虫,食客",,,,,,,,,,,,,
parcel,n.,"包裹,邮包,部分",v.,"打包,捆扎,分配",,,,,,,parceling,parceled,parceled,,
pardon,n.,"原谅,宽恕;请再说一遍",v.,"原谅,饶恕,赦免",,,,,,,pardoning,pardoned,pardoned,,
parent,n.,"父母,母亲;(pl.)双亲;父母",,,,,,,,,,,,,
park,n.,"公园,停车场,运动场",v.,"停放(汽车等),寄放",,,,,,,parking,parked,parked,,
parliament,n.,"国会,议会",,,,,,,,,,,,,
part,n.,"部分,角色,一方,零件,地区,部,篇",v.,使分开,,,,,,,parting,parted,parted,,
partial,adj.,"部分的,不完全的;偏袒的,不公平的,偏爱的",,,,,,,,,,,,,
participant,n.,"参加者,参与者",adj.,"有份的,参与的",,,,,,,,,,,
participate,v.,"(in)参与,参加;分享,分担;含有,带有",,,,,,,,,participating,participated,participated,,
particle,n.,"粒子,微粒;极小量;小品词,虚词",,,,,,,,,,,,,
particular,adj.,"特殊的,苛求的,个别的",n.,"详情,细节,特色",,,,,,,,,,,
partly,adv.,"部分地,不完全地,在一定程度上",,,,,,,,,,,,,
partner,n.,"合作者,合伙人,合股人,伙伴,舞伴,配偶",,,,,,,,,,,,,
party,n.,"聚会,政党,当事人",v.,举行(参加)社交聚会,,,,,,,partying,partied,partied,,
pass,v.,经/通/穿/度过；传递,n.,通行证；考试及格,,,,,,,passing,passed,passed,,
passage,n.,"通过,经过;通路,走廊;(一)段落,(一)节",,,,,,,,,,,,,
passenger,n.,"乘客,旅客",,,,,,,,,,,,,
passer-by,n.,(pl.passers-by)过路人,,,,,,,,,,,,,
passion,n.,"热情,激情,爱好;激怒;强烈感情",,,,,,,,,,,,,
passionately,adv.,热情地，激昂地；深情地,,,,,,,,,,,,,非大纲单词
passive,adj.,"被动的,消极的",,,,,,,,,,,,,
passport,n.,"护照,达到某种目的的手段",,,,,,,,,,,,,
past,adj.,过去的,adv.,过,n.,过去，昔日,prep.,(经)过,,,,,,,
paste,n.,"糊,浆糊",v.,"粘,贴",,,,,,,pasting,pasted,pasted,,
pastime,n.,"消遣,娱乐",,,,,,,,,,,,,
pasture,n.,"牧草地,牧场",,,,,,,,,,,,,
pat,v.&n.,"轻拍,轻打,抚摸",,,,,,,,,patting,patted,patted,,
patch,n.,"补丁,斑点,碎片小块",v.,"补,修补,掩饰",,,,,,,patching,patched,patched,,
patent,adj.,"专利的,特许的",n.,专利(权、品),v.,批准专利,,,,,patenting,patented,patented,,
path,n.,"小路,小径;路线,轨道",,,,,,,,,,,,,
pathetic,adj.,"可怜的, 悲惨的",,,,,,,,,,,,,
patience,n.,"耐心,忍耐",,,,,,,,,,,,,
patient,adj.,"有耐心的,能忍耐的",n.,"病人,患者",,,,,,,,,,,
patriotic,adj.,爱国的,,,,,,,,,,,,,
patrol,v.,巡逻，巡查,n.,巡逻，巡查；巡逻队,,,,,,,patrolling,patrolled,patrolled,,
patron,n.,赞助人；资助人；老顾客，老主顾,,,,,,,,,,,,,
pattern,n.,"模式,式样;图案,图样",v.,"仿制,模仿",,,,,,,patterning,patterned,patterned,,
pause,v.&n.,"中止,暂停",,,,,,,,,pausing,paused,paused,,
pave,v.,"铺砌,铺(路)",,,,,,,,,paving,paved,paved,,
pavement,n.,人行道,,,,,,,,,,,,,
paw,n.,爪,,,,,,,,,,,,,
pay,v.,"付款,付出代价,给予注意",n.,"工资,薪金",,,,,,,paying,paid,paid,,
payment,n.,"支付,付款额",,,,,,,,,,,,,
pea,n.,豌豆,,,,,,,,,,,,,
peace,n.,"和平;平静,安宁",,,,,,,,,,,,,
peaceful,adj.,"和平的,平静的,安宁的,爱好和平的",,,,,,,,,,,,,
peach,n.,"桃,桃树",,,,,,,,,,,,,
peak,n.,"山顶,最高点;峰,山峰",adj.,"高峰的,最高的",,,,,,,,,,,
peanut,n.,花生,,,,,,,,,,,,,
pear,n.,"梨子,梨树",,,,,,,,,,,,,
pearl,n.,珍珠,,,,,,,,,,,,,
peasant,n.,(不用于英国或美国)小农;佃农;农民,,,,,,,,,,,,,
pebble,n.,卵石,,,,,,,,,,,,,
peculiar,adj.,"古怪的,异常的;特殊的,特有的",,,,,,,,,,,,,
pedal,n.,踏板,v.,"踩踏板,骑自行车",,,,,,,pedalling,pedalled,pedalled,,
pedestrian,n.,步行者,adj.,"徒步的,呆板的,通俗的",,,,,,,,,,,
peel,v.,"削皮,剥皮",n.,果皮,,,,,,,peeling,peeled,peeled,,
peep,v.,"偷看,窥视",,,,,,,,,peeping,peeped,peeped,,
peer,n.,"同辈, 同等地位的人;贵族",v.,"凝视, 隐约出现",,,,,,,peering,peered,peered,,
pen,n.,"钢笔, 圆珠笔,作家, 围栏",vt.,"写,关入栏中",,,,,,,penning,penned,penned,,
penalty,n.,"处罚,刑罚,惩罚,罚金",,,,,,,,,,,,,
pencil,n.,铅笔,vt.,用铅笔写,,,,,,,penciling,penciled,penciled,,
pendulum,n.,"摆,钟摆",,,,,,,,,,,,,
penetrate,v.,"穿过,渗入,看穿",,,,,,,,,penetrating,penetrated,penetrated,,
peninsula,n.,半岛,,,,,,,,,,,,,
penny,n.,"便士,美分",,,,,,,,,,,,,
pension,n.,"养老金,年金",,,,,,,,,,,,,
people,n.,人们，人；[the-]人民；一国人民，民族,,,,,,,,,,,,,
pepper,n.,"胡椒粉,胡椒;辣椒",,,,,,,,,,,,,
per,prep.,"每;经, 由",,,,,,,,,,,,,
perceive,v.,"察觉,感知;理解,领悟",,,,,,,,,perceiving,perceived,perceived,,
percent,n.,(per cent)百分之... 的,,,,,,,,,,,,,
percentage,n.,"百分数,百分率,百分比",,,,,,,,,,,,,
perfect,adj.,完善的;完全的;(语法)完成的,v.,使完美,,,,,,,perfecting,perfected,perfected,,
perfection,n.,"尽善尽美,完美",,,,,,,,,,,,,
perform,v.,"履行,执行;表演,演出;完成(事业)",,,,,,,,,performing,performed,performed,,
performance,n.,"履行,执行;表演,演出;性能,特性;成绩",,,,,,,,,,,,,
perfume,n.,"香味,芳香;香料",v.,"使发香,洒香水于",,,,,,,perfuming,perfumed,perfumed,,
perhaps,adv.,"也许,大概,恐怕",,,,,,,,,,,,,
period,n.,"时期,时代;学时;周期,一段时间;句点",,,,,,,,,,,,,
periodical,n.,"期刊,杂志",adj.,"周期的,定期的",,,,,,,,,,,
perish,v.,"丧生;凋谢;毁灭,消亡",,,,,,,,,perishing,perished,perished,,
permanent,adj.,"永久的,持久的",,,,,,,,,,,,,
permeate,v.,弥漫，遍布，散布；渗入，渗透,,,,,,,,,permeating,permeated,permeated,,
permission,n.,"允许, 同意",,,,,,,,,,,,,
permit,v.,"许可,允许",n.,"许可证,执照",,,,,,,permitting,permitted,permitted,,
pernicious,adj.,有害的，恶性的，致命的,,,,,,,,,,,,,非大纲单词
perpetual,adj.,"永久的,永恒的,长期的",,,,,,,,,,,,,
perpetually,adv.,永久地，不断地,,,,,,,,,,,,,非大纲单词
perplex,v.,"使困惑,使费解,使复杂化",,,,,,,,,perplexing,perplexed,perplexed,,
persecute,v.,迫害,,,,,,,,,persecuting,persecuted,persecuted,,
persevere,v.,"坚持,坚忍,不屈不挠",,,,,,,,,persevering,persevered,persevered,,
persist,v.,"(in)坚持,持续",,,,,,,,,persisting,persisted,persisted,,
person,n.,人，喜欢(或适应).. 的人；人物；人称,,,,,,,,,,,,,
personal,adj.,"个人的,私人的;亲自的;身体的,人身的",,,,,,,,,,,,,
personality,n.,"人格,个性",,,,,,,,,,,,,
personnel,n.,"全体人员,全体职员;人事(部门)",,,,,,,,,,,,,
perspective,n.,"透视画法,透视图;远景,前途;观点,看法",,,,,,,,,,,,,
persuade,v.,"说服,劝说;(of)使相信",,,,,,,,,persuading,persuaded,persuaded,,
persuasion,n.,"说服,说服力",,,,,,,,,,,,,
pessimistic,adj.,悲观(主义)的,,,,,,,,,,,,,
pest,n.,害虫,,,,,,,,,,,,,
pet,n.,"爱畜,宠儿",adj.,"宠爱的,表示亲昵的",,,,,,,,,,,
petition,n.,"请愿书, 申请书",v.,"(向…)请愿,正式请求",,,,,,,petitioning,petitioned,petitioned,,
petrol,n.,汽油,,,,,,,,,,,,,
petroleum,n.,石油,,,,,,,,,,,,,
petty,adj.,"小(器、规模)的,不重要的,细微的,卑鄙的",,,,,,,,,,,,,
pharmacy,n.,"药房,药剂学,制药业,配药业,一批备用药品",,,,,,,,,,,,,
phase,n.,"阶段,状态,时期;相,相位",,,,,,,,,,,,,
phenomenon,n.,"现象,稀有现象,珍品,奇迹,杰出人才",,,,,,,,,,,,,
philosopher,n.,"哲学家,哲人",,,,,,,,,,,,,
philosophy,n.,"哲学,哲理,人生观,价值观,世界观",,,,,,,,,,,,,
phone,n.,"(telephone)电话, 电话机,耳机",v.,打电话,,,,,,,phoning,phoned,phoned,,
photo,n.,(photograph)照片,,,,,,,,,,,,,
phrase,n.,"短语,词语, 习语",,,,,,,,,,,,,
physical,adj.,"物质的;肉体的,身体的;自然科学的,物理的",,,,,,,,,,,,,
physician,n.,内科医生,,,,,,,,,,,,,
physicist,n.,物理学家,,,,,,,,,,,,,
physics,n.,物理(学),,,,,,,,,,,,,
physiological,adj.,"生理学的, 生理学上的",,,,,,,,,,,,,
piano,n.,钢琴,,,,,,,,,,,,,
pick,v.,"拾,采,摘;挑选,选择",n.,"镐,鹤嘴锄",,,,,,,picking,picked,picked,,
pickup,n.,"拾起,获得",,,,,,,,,,,,,
picnic,n.,野餐,v.,(去)野餐,,,,,,,picnicking,picnicked,picnicked,,
picture,n.,"画, 图片;影片;美景",v.,"画,描述,想象",,,,,,,picturing,pictured,pictured,,
pie,n.,馅饼,,,,,,,,,,,,,
piece,n.,(一)件/片/篇;碎片,v.,"(together)拼合,拼凑",,,,,,,piecing,pieced,pieced,,
pierce,v.,"剌穿,刺破",,,,,,,,,piercing,pierced,pierced,,
pig,n.,猪，猪肉；猪一般的人(指肮脏，贪吃的人),,,,,,,,,,,,,
pigeon,n.,鸽,,,,,,,,,,,,,
pile,n.,"堆,大量,大数目",v.,"(up)堆,叠,堆积",,,,,,,piling,piled,piled,,
pilgrim,n.,"(在国外)旅游者;朝圣者,最初的移民",,,,,,,,,,,,,
pill,n.,药丸,,,,,,,,,,,,,
pillar,n.,"柱, 台柱,栋梁",,,,,,,,,,,,,
pillow,n.,枕头,,,,,,,,,,,,,
pilot,n.,飞行员;领港员,v.,"驾驶(飞机等);领航, 引水",,,,,,,piloting,piloted,piloted,,
pin,n.,"钉;大头针,别针,徽章",v.,"(up)钉住,别住",,,,,,,pinning,pinned,pinned,,
pinch,v.,"捏,掐,拧;收缩;紧急关头;匮乏;压力",,,,,,,,,pinching,pinched,pinched,,
pine,n.,松树,,,,,,,,,,,,,
pink,n.,粉红色,adj.,粉红色的,,,,,,,,,,,
pint,n.,品脱,,,,,,,,,,,,,
pioneer,n.,"先驱,倡导者,开拓者",,,,,,,,,,,,,
pipe,n.,"管子,导管;烟斗;笛",,,,,,,,,,,,,
pirate,n.&v.,"海盗,盗版(者)",,,,,,,,,pirating,pirated,pirated,,
pistol,n.,手枪,,,,,,,,,,,,,
piston,n.,活塞,,,,,,,,,,,,,
pit,n.,"坑, 陷阱;煤矿,矿井",,,,,,,,,,,,,
pitch,n.,沥青;掷,v.,"用沥青覆盖;投掷,扔",,,,,,,pitching,pitched,pitched,,
pity,v.,"(觉得)可怜,惋惜",n.,"憾事,怜悯",,,,,,,pitying,pitied,pitied,,
place,n.,地方;名次;地位;寓所,v.,安排;放置;投(资),,,,,,,placing,placed,placed,,
plague,n.,"瘟疫,灾害,麻烦,苦恼",vt.,"折磨,使苦恼",,,,,,,plaguing,plagued,plagued,,
plain,adj.,明白的;朴素的;坦率;平凡,n.,"平原,旷野",,,,,,,,,,,
plan,n.,"计划,规划;平面图,设计图",v.,计划,,,,,,,planning,planned,planned,,
plane,n.,"飞机;平面,水平面",,,,,,,,,,,,,
planet,n.,行星,,,,,,,,,,,,,
plant,n.,"植物,作物;工厂;装置",v.,"栽种,播种,栽培",,,,,,,planting,planted,planted,,
plantation,n.,种植园,,,,,,,,,,,,,
plaster,n.,灰泥;熟石膏;膏药,,,,,,,,,,,,,
plastic,n.,"(常 pl.)塑料,塑料制品",adj.,"可塑的,塑性的",,,,,,,,,,,
plate,n.,"金属板,片;盘子,盆子;板,钢板",v.,"镀, 电镀",,,,,,,plating,plated,plated,,
plateau,n.,"高原,平稳状态[时期]",,,,,,,,,,,,,
platform,n.,"平台, 台;站台,月台;政纲,党纲",,,,,,,,,,,,,
plausible,adj.,"似是而非的,似乎合理的,似乎可信的",,,,,,,,,,,,,
play,v.,玩，做游戏；参加比赛,n.,游戏；玩耍；剧本,,,,,,,playing,played,played,,
playground,n.,"运动场,游戏场",,,,,,,,,,,,,
plea,n.,(法律)抗辩；请求，恳求，托词，口实,,,,,,,,,,,,,
plead,v.,"恳求,请求;为…辩护;提出…为理由",,,,,,,,,pleading,pleaded,pleaded,,
pleasant,adj.,令人愉快的,vt.,使高兴,vi.,满意；喜欢,,,,,pleasanting,pleasanted,pleasanted,,
please,v.,"请;使愉快,使满意;喜欢,愿意",,,,,,,,,pleasing,pleased,pleased,,
pleasure,n.,"愉快,快乐;乐事,乐趣",,,,,,,,,,,,,
pledge,n.,誓约;保证,v.,发誓;保证,,,,,,,pledging,pledged,pledged,,
plentiful,adj.,"富裕的,丰富的",,,,,,,,,,,,,
plenty,n.,"丰富,大量",,,,,,,,,,,,,
plight,n.,"情况,状态, 困境,盟誓(婚姻)",v.,"保证,约定",,,,,,,plighting,plighted,plighted,,
plot,n.,秘密计划;情节,v.,"标绘,绘制;密谋,策划",,,,,,,plotting,plotted,plotted,,
plough,n.,"(plow)犁,耕地,犁过的地",v.,"犁,费力地前进",,,,,,,ploughing,ploughed,ploughed,,
plug,n.,"塞子,插头",v.,"堵,塞,插上,插栓",,,,,,,plugging,plugged,plugged,,
plumber,n.,(装修水管的)管子工,,,,,,,,,,,,,
plunge,v.,"(into)(使)投入,(使)插进,陷入;猛冲",,,,,,,,,plunging,plunged,plunged,,
plural,adj.,复数的,n.,复数,,,,,,,,,,,
plus,prep.,加上,adj.,"正的,加的",n.,"加号,正号",,,,,,,,,
pneumonia,n.,肺炎,,,,,,,,,,,,,
pocket,n.,衣袋,adj.,"袖珍的,小型的",v.,把…装入袋内,,,,,pocketing,pocketed,pocketed,,
poem,n.,诗,,,,,,,,,,,,,
poet,n.,诗人,,,,,,,,,,,,,
poetic,adj.,诗的，诗歌的；富有诗意的,,,,,,,,,,,,,非大纲单词
poetry,n.,"诗歌,诗集",,,,,,,,,,,,,
point,n.,"尖;点;条款;分数,得分;论点",v.,"(at,to)指",,,,,,,pointing,pointed,pointed,,
poison,n.,"毒物,毒药",v.,"放毒,毒害,污染",,,,,,,poisoning,poisoned,poisoned,,
poisonous,adj.,"有毒的,恶意的,恶毒的,道德败坏的",,,,,,,,,,,,,
poke,n.,"刺,戳,懒汉,袋子",v.,"戳,刺,伸出,刺探, 闲荡",,,,,,,poking,poked,poked,,
polar,adj.,"两极的,极地的,南辕北辙的",n.,"极线,极面",,,,,,,,,,,
pole,n.,"柱,杆;地极,磁极, 电极",,,,,,,,,,,,,
police,n.,"警察,警察机关",adj.,警察的,v.,管辖,,,,,policing,policed,policed,,
policeman,n.,警察,,,,,,,,,,,,,
policy,n.,"政策,方针",,,,,,,,,,,,,
polish,v.,"磨光,擦亮;使优美,润饰",n.,"擦光剂,上光蜡",,,,,,,polishing,polished,polished,,
polished,adj.,擦亮的，光洁的；优雅的，精练的,,,,,,,,,,,,,非大纲单词
polite,adj.,"有礼貌的,客气的;有教养的,文雅的",,,,,,,,,,,,,
political,adj.,政治的,,,,,,,,,,,,,
politician,n.,"政治家,政客",,,,,,,,,,,,,
politics,n.,"政治,政治学;政纲,政见",,,,,,,,,,,,,
poll,n.,民意测验;(pl.)政治选举,v.,获得…选票,,,,,,,polling,polled,polled,,
pollute,v.,"弄脏,污染",,,,,,,,,polluting,polluted,polluted,,
pollution,n.,污染,,,,,,,,,,,,,
pond,n.,池塘,,,,,,,,,,,,,
ponder,v.,"沉思,考虑",,,,,,,,,pondering,pondered,pondered,,
pool,n.,"水池,游泳池;合资经营",v.,"合伙经营,联营",,,,,,,pooling,pooled,pooled,,
poor,adj.,贫困的；可怜的；贫乏的；贫瘠的；低劣的,,,,,,,,,,,,,
pop,adj.,流行的,n.,(发出)砰的一声,v.,突然出现,,,,,popping,popped,popped,,
pope,n.,"罗马教皇,主教,大腿上要害部位",,,,,,,,,,,,,
popular,adj.,"流行的,通俗的,大众的;广受欢迎的",,,,,,,,,,,,,
population,n.,"人口,(全体)居民",,,,,,,,,,,,,
porcelain,n.,瓷器,adj.,"精制的,瓷器的",,,,,,,,,,,
porch,n.,"门廊,入口处",,,,,,,,,,,,,
pork,n.,猪肉,,,,,,,,,,,,,
port,n.,港口,,,,,,,,,,,,,
portable,adj.,"轻便的,手提(式)的,可移动的",,,,,,,,,,,,,
porter,n.,"守门人, 门房,行李搬运工,服务员",,,,,,,,,,,,,
portion,n.,"一部分,一份",,,,,,,,,,,,,
portrait,n.,"肖像,画像",,,,,,,,,,,,,
portray,v.,描写，描述；画(人物、景象等),,,,,,,,,portraying,portrayed,portrayed,,
pose,n.,"姿势,姿态",v.,"造成,提出,摆姿势,佯装",,,,,,,posing,posed,posed,,
position,n.,"位置;职位;姿势,姿态;见解,立场,形势",,,,,,,,,,,,,
positive,adj.,"肯定的,积极的,绝对的,无疑的,正的",,,,,,,,,,,,,
possess,v.,"占有,拥有",,,,,,,,,possessing,possessed,possessed,,
possession,n.,"持有,拥有;所有权;所有物;(pl.)财产,财富",,,,,,,,,,,,,
possibility,n.,"可能,可能性;可能的事,希望",,,,,,,,,,,,,
possible,adj.,"可能的,做得到的;合理的;可允许的",,,,,,,,,,,,,
possibly,adv.,可能地，也许；无论如何,,,,,,,,,,,,,
post,v.,贴出;公告;投寄,n.,"(支)柱;邮政, 邮寄;职位",,,,,,,posting,posted,posted,,
postage,n.,"邮费, 邮资",,,,,,,,,,,,,
postcard,n.,明信片,,,,,,,,,,,,,
poster,n.,"海报,张贴的大幅广告",,,,,,,,,,,,,
postman,n.,邮递员,,,,,,,,,,,,,
postpone,v.,"推迟,延期",,,,,,,,,postponing,postponed,postponed,,
posture,n.,"姿势,姿态,心态,态度",v.,作出某种姿势,,,,,,,posturing,postured,postured,,
pot,n.,"罐,壶",,,,,,,,,,,,,
potato,n.,"马铃薯,土豆",,,,,,,,,,,,,
potential,adj.,"潜在的,可能的",n.,"潜能,潜力",,,,,,,,,,,
poultry,n.,家禽,,,,,,,,,,,,,
pound,n.,磅;英镑,v.,"(连续)猛击,(猛烈)敲打,捣碎",,,,,,,pounding,pounded,pounded,,
pour,v.,"灌注, 倾泻, 涌入, 流, 倾盆大雨",,,,,,,,,pouring,poured,poured,,
poverty,n.,"贫穷,贫困",,,,,,,,,,,,,
powder,n.,"粉末,药粉;火药,炸药",,,,,,,,,,,,,
power,n.,"力,精力;功率, 电力;(数学)幂;权力,势力",,,,,,,,,,,,,
powerful,adj.,"强大的,有力的,有权的",,,,,,,,,,,,,
practical,adj.,"实际的,实用的",,,,,,,,,,,,,
practically,adv.,"几乎,实际上,简直",,,,,,,,,,,,,
practice,n.,"练习,实践,实际,业务,惯例, 习惯",,,,,,,,,,,,,
practise,v.,"练习,实习,实践,实行,使...练习,训练",,,,,,,,,practising,practised,practised,,
practitioner,n.,实践者，从事者；(医生或律师等)开业者,,,,,,,,,,,,,
praise,v.,"赞扬,歌颂;表扬",n.,"称赞,赞美;赞美的话",,,,,,,praising,praised,praised,,
pray,v.,"请求,恳求;祈祷,祈求",,,,,,,,,praying,prayed,prayed,,
prayer,n.,"祈祷,祷告,祷文",,,,,,,,,,,,,
preach,v.,"宣讲(教义),布道;竭力鼓吹,宣传;说教",,,,,,,,,preaching,preached,preached,,
precaution,n.,"预防,谨慎,警惕",,,,,,,,,,,,,
precede,v.,"领先(于),在(…之前);优先,先于",,,,,,,,,preceding,preceded,preceded,,
precedent,n.,先例,,,,,,,,,,,,,
preceding,adj.,"在前的,在先的",,,,,,,,,,,,,
precious,adj.,"珍贵的,贵重的",,,,,,,,,,,,,
precise,adj.,"精确的,准确的",,,,,,,,,,,,,
precisely,adv.,精确地，准确地；恰好，正是,,,,,,,,,,,,,非大纲单词
precision,n.,"精确,精确度",,,,,,,,,,,,,
preclude,v.,"排除, 阻止,妨碍",,,,,,,,,precluding,precluded,precluded,,
predatory,adj.,掠夺的，捕食性的；掠夺成性的,,,,,,,,,,,,,非大纲单词
predecessor,n.,前辈，前任,,,,,,,,,,,,,
predict,v.,"预言,预测,预告",,,,,,,,,predicting,predicted,predicted,,
predominance,n.,优势，主导地位，支配地位,,,,,,,,,,,,,非大纲单词
predominant,adj.,"(over)占优势的;主要的,突出的",,,,,,,,,,,,,
predominantly,adv.,主要地，占主导地位地,,,,,,,,,,,,,非大纲单词
preface,n.,"序言, 引言,前言",v.,"作序,写前言",,,,,,,prefacing,prefaced,prefaced,,
prefer,v.,"(to)更喜欢,宁愿",,,,,,,,,preferring,preferred,preferred,,
preferable,adj.,"(to)更可取的,更好的",,,,,,,,,,,,,
preference,n.,"(for,to)偏爱,喜爱;优惠;优先选择",,,,,,,,,,,,,
pregnant,adj.,"怀孕的,孕育的,充满的,意味深长的",,,,,,,,,,,,,
prejudice,n.,"偏见,成见;损害,侵害",v.,"使抱偏见,损害",,,,,,,prejudicing,prejudiced,prejudiced,,
preliminary,adj.,"预备的,初步的",,,,,,,,,,,,,
premier,n.,"首相,总理",,,,,,,,,,,,,
premise,n.,"前提,房屋连地基",v.,"提论,预述,假定",,,,,,,premising,premised,premised,,
premium,n.,"额外费用,奖金,奖赏,保险费",,,,,,,,,,,,,
preparation,n.,"准备,预备;制剂,制备品",,,,,,,,,,,,,
prepare,v.,"准备,预备",,,,,,,,,preparing,prepared,prepared,,
preposition,n.,介词,,,,,,,,,,,,,
prescribe,v.,"指示,规定;处(方),开(药)",,,,,,,,,prescribing,prescribed,prescribed,,
prescription,n.,"药方,处方",,,,,,,,,,,,,
presence,n.,"出席,到场,存在,在",,,,,,,,,,,,,
present,adj.,"出席的,现在的",n.,"现在,礼物",v.,"赠送,提出",,,,,presenting,presented,presented,,
presently,adv.,"一会儿,不久;现在, 目前",,,,,,,,,,,,,
preserve,v.,"保护,维持;保存,保藏",,,,,,,,,preserving,preserved,preserved,,
preside,v.,"(at,over)主持",,,,,,,,,presiding,presided,presided,,
president,n.,"总统,校长,会长,主席",,,,,,,,,,,,,
press,v.,"压;压榨;紧迫,催促",n.,"报刊,通讯社;压榨机",,,,,,,pressing,pressed,pressed,,
pressure,n.,"压,压力,压迫,强制,紧迫, 困苦, 困难",,,,,,,,,,,,,
prestige,n.,"声望,威望,威信",,,,,,,,,,,,,
presumably,adv.,"推测起来,大概",,,,,,,,,,,,,
presume,v.,"假定,假设,认为,揣测,滥用,擅自行动",,,,,,,,,presuming,presumed,presumed,,
pretend,v.,"假装,假托,借口,(在演戏中)装扮",,,,,,,,,pretending,pretended,pretended,,
pretext,n.,"借口,托词",,,,,,,,,,,,,
pretty,adv.,相当，很,adj.,漂亮的，俊俏的，标致的,,,,,,,,,,,
prevail,v.,"(over,against)取胜, 占优势;流行,盛行",,,,,,,,,prevailing,prevailed,prevailed,,
prevailing,adj.,流行的，盛行的；占优势的,,,,,,,,,,,,,非大纲单词
prevalent,adj.,"流行的,普遍的",,,,,,,,,,,,,
prevent,v.,"(from)预防, 防止, 阻止,制止,妨碍",,,,,,,,,preventing,prevented,prevented,,
previous,adj.,"先前的, 以前的",,,,,,,,,,,,,
prey,n.,"被掠食者,牺牲者,掠食",v.,"捕食,掠夺,折磨",,,,,,,preying,preyed,preyed,,
price,n.,"价格,价钱;代价",v.,标价,,,,,,,pricing,priced,priced,,
prick,n.&v.,"刺伤,刺痛,刺孔",,,,,,,,,pricking,pricked,pricked,,
pride,n.,自豪;自满；引以自豪的东西,v.,使自豪,,,,,,,priding,prided,prided,,
priest,n.,"教士,神父",,,,,,,,,,,,,
primary,adj.,"最初的,初级的;首要的,主要的,基本的",,,,,,,,,,,,,
prime,adj.,"首要的;最好的,第一流的",n.,"青春,全盛期",,,,,,,,,,,
primitive,adj.,"原始的,远古的,早期的;粗糙的,简单的",,,,,,,,,,,,,
prince,n.,"王子,亲王",,,,,,,,,,,,,
princess,n.,"公主,王妃",,,,,,,,,,,,,
principal,adj.,"最重要的,主要的",n.,"负责人,校长;资本,本金",,,,,,,,,,,
principle,n.,"原理,原则;主义,信念",,,,,,,,,,,,,
print,n.,"印刷,印刷品,字体",v.,"印刷,出版;洗印",,,,,,,printing,printed,printed,,
prior,adj.,"优先的,在前的;(to)在…之前",,,,,,,,,,,,,
priority,n.,"先,前;优先,重点,优先权",,,,,,,,,,,,,
prison,n.,监狱,,,,,,,,,,,,,
prisoner,n.,囚犯,,,,,,,,,,,,,
privacy,n.,(不受干扰的)独处，自由，隐私；私生活,,,,,,,,,,,,,
private,adj.,"私人的,个人的,秘密的,私下的",,,,,,,,,,,,,
privilege,n.,"特权,优惠,特许",v.,"给予优惠,给予特权",,,,,,,privileging,privileged,privileged,,
prize,n.,"奖赏,奖金,奖品",v.,"珍视,珍惜",,,,,,,prizing,prized,prized,,
probability,n.,"可能性,或然性,概率",,,,,,,,,,,,,
probable,adj.,"很可能的,大概的;有希望的,可能的",,,,,,,,,,,,,
probe,n.,"探针,探测器",v.,"(以探针等)探查,穿刺,查究",,,,,,,probing,probed,probed,,
problem,n.,"问题,疑难问题;思考题,讨论题",,,,,,,,,,,,,
procedure,n.,"程序,手续,步骤",,,,,,,,,,,,,
proceed,v.,"进行,继续下去;发生",,,,,,,,,proceeding,proceeded,proceeded,,
proceeding,n.,"行动,进行,(pl.)会议录,学报",,,,,,,,,,,,,
process,n.,"过程,进程;工序,制作法;工艺",v.,"加工,处理",,,,,,,processing,processed,processed,,
procession,n.,"队伍,行列",,,,,,,,,,,,,
proclaim,v.,"宣告,声明",,,,,,,,,proclaiming,proclaimed,proclaimed,,
produce,v.,"生产,制造,显示,演出,导致",n.,产品,,,,,,,producing,produced,produced,,
product,n.,"产品,产物;乘积",,,,,,,,,,,,,
production,n.,"生产,产品,作品,(研究)成果,总产量",,,,,,,,,,,,,
productive,adj.,"生产(性)的,能产的,多产的",,,,,,,,,,,,,
productivity,n.,生产率,,,,,,,,,,,,,
profession,n.,"职业,专业,表白,宣布",,,,,,,,,,,,,
professional,adj.,"职业的,专门的",n.,"自由职业者,专业人员",,,,,,,,,,,
professor,n.,教授,,,,,,,,,,,,,
proficiency,n.,"(in)熟练,精通",,,,,,,,,,,,,
profile,n.,"侧面(像);轮廓,外形;人物简介",,,,,,,,,,,,,
profit,n.,"利润,收益",v.,"(by,from)得利,获益;有利于",,,,,,,profiting,profited,profited,,
profitable,adj.,"有利可图的,有益的",,,,,,,,,,,,,
profound,adj.,"深刻的,意义深远的;渊博的,造诣深的",,,,,,,,,,,,,
programme,n.,"(program)节目,计划,规划,程序",v.,编程序,,,,,,,programming,programmed,programmed,,
progress,v.&n.,进步，进展；前进,,,,,,,,,progressing,progressed,progressed,,
progressive,adj.,"进步的,先进的;前进的",,,,,,,,,,,,,
prohibit,v.,"禁止,不准;阻止",,,,,,,,,prohibiting,prohibited,prohibited,,
project,n.,"方案,工程,项目",v.,"投射,放映;设计,规划",,,,,,,projecting,projected,projected,,
projection,n.,投射，投影；预测，推断；突出物,,,,,,,,,,,,,非大纲单词
projector,n.,"放映机,幻灯机,投影仪",,,,,,,,,,,,,
prolong,v.,"拉长,延长,拖延",,,,,,,,,prolonging,prolonged,prolonged,,
prominent,adj.,"突起的,凸出的;突出的,杰出的",,,,,,,,,,,,,
promise,v.,"允许,答应;有…可能",n.,"承诺;希望,出息",,,,,,,promising,promised,promised,,
promising,adj.,"有希望的,有前途的",,,,,,,,,,,,,
promote,v.,"促进,发扬;提升,提拔;增进,助长",,,,,,,,,promoting,promoted,promoted,,
promotion,n.,晋升，提升；促销，推广,,,,,,,,,,,,,非大纲单词
prompt,adj.,"敏捷的,迅速的,即刻的",v.,"激起,促进,推动",,,,,,,prompting,prompted,prompted,,
prone,adj.,"倾向于,俯伏的,倾斜的,陡的",,,,,,,,,,,,,
pronoun,n.,代词,,,,,,,,,,,,,
pronounce,v.,"发…的音;宣布,宣判",,,,,,,,,pronouncing,pronounced,pronounced,,
pronunciation,n.,"发音,发音方法",,,,,,,,,,,,,
proof,n.,"证据,证明;校样,样张",,,,,,,,,,,,,
propaganda,n.,宣传(机构)；[天主教]传道总会,,,,,,,,,,,,,
propel,vt.,推进，推动；激励，驱使,,,,,,,,,propelling,propelled,propelled,,
proper,adj.,适合的;合乎体统的;固有的;有礼貌的,,,,,,,,,,,,,
property,n.,"财产,资产,地产,房地产,所有物;性质,特性",,,,,,,,,,,,,
prophet,n.,预言家；先知；提倡者,,,,,,,,,,,,,
proportion,n.,"比例;部分;均衡,相称",,,,,,,,,,,,,
proposal,n.,"提议,建议;求婚",,,,,,,,,,,,,
propose,v.,"提议,建议;提名,推荐;求婚",,,,,,,,,proposing,proposed,proposed,,
proposition,n.,"主张,建议;陈述,命题",,,,,,,,,,,,,
prose,n.,散文,adj.,散文的,,,,,,,,,,,
prosecute,vt.,实行，从事,v.,起诉，告发,vi.,作检察官,,,,,prosecuting,prosecuted,prosecuted,,
prospect,n.,"景色;前景,前途,展望",,,,,,,,,,,,,
prospective,adj.,预期的,,,,,,,,,,,,,
prosper,v.,"成功,兴隆,昌盛,使成功,使昌隆,繁荣",,,,,,,,,prospering,prospered,prospered,,
prosperity,n.,"繁荣,兴旺",,,,,,,,,,,,,
prosperous,adj.,"繁荣的,兴旺的,茂盛的,顺利的",,,,,,,,,,,,,
protect,v.,"(from)保护,保卫",,,,,,,,,protecting,protected,protected,,
protein,n.,蛋白质,,,,,,,,,,,,,
protest,v.&n.,"主张,断言,抗议,反对",,,,,,,,,protesting,protested,protested,,
prototype,n.,原型；典型，范例,,,,,,,,,,,,,
proud,adj.,(of)自豪的;引以自豪的;妄自尊大的,,,,,,,,,,,,,
prove,v.,"证明,证实;检验;考验;鉴定;结果是,表明是",,,,,,,,,proving,proved,proven/proved,,
provide,v.,"供应,供给,准备,预防,规定",,,,,,,,,providing,provided,provided,,
provided,conj.,"倘若,只要,假如",,,,,,,,,,,,,
province,n.,"省;领域,范围,本分",,,,,,,,,,,,,
provision,n.,"供应,(一批)供应品;预备;条款;(pl.)给养",,,,,,,,,,,,,
provoke,v.,挑动;激发;招惹,,,,,,,,,provoking,provoked,provoked,,
prudent,adj.,"谨慎的,智慧的,稳健的,节俭的",,,,,,,,,,,,,
psychiatry,n.,精神病学，精神病疗法,,,,,,,,,,,,,
psychology,n.,"心理,心理学,心理状态",,,,,,,,,,,,,
pub,n.,(英国)小酒店；小旅馆,,,,,,,,,,,,,
public,adj.,"公共的,公用的;公开的,公然的",n.,"公众,民众",,,,,,,,,,,
publication,n.,"出版物;出版,发行;公布,发表",,,,,,,,,,,,,
publicity,n.,"公开,宣传,广告,推销",,,,,,,,,,,,,
publish,v.,"出版,刊印;公布,发布",,,,,,,,,publishing,published,published,,
publishing,n.,出版，出版业,,,,,,,,,,,,,非大纲单词
puff,n.,"一阵,一股(气味等);喘息;吹嘘",v.,"喘息,鼓吹",,,,,,,puffing,puffed,puffed,,
pull,v.,"拉,拖",n.,"拉,拖;拉力,牵引力",,,,,,,pulling,pulled,pulled,,
pulse,n.,"脉搏,脉冲",,,,,,,,,,,,,
pump,n.,泵,v.,"用(泵)抽(水);打气,泵送",,,,,,,pumping,pumped,pumped,,
punch,n.,"冲压机,冲床;穿孔机",v.,"冲压,穿孔",,,,,,,punching,punched,punched,,
punctual,adj.,"严守时刻的,准时的,正点的",,,,,,,,,,,,,
punish,v.,"惩罚,处罚",,,,,,,,,punishing,punished,punished,,
pupil,n.,"学生,小学生;瞳孔",,,,,,,,,,,,,
puppet,n.,"木偶,傀儡",,,,,,,,,,,,,
purchase,v.,"买,购买",n.,购买的物品,,,,,,,purchasing,purchased,purchased,,
pure,adj.,"纯的,纯洁的;纯理论的,抽象的;完全的",,,,,,,,,,,,,
purify,v.,"使纯净,提纯",,,,,,,,,purifying,purified,purified,,
purple,adj.,紫的,n.,紫色,,,,,,,,,,,
purport,v.,声称，自称,n.,意图，主旨,,,,,,,purporting,purported,purported,,非大纲单词
purpose,n.,"目的,意图;用途,效果",,,,,,,,,,,,,
purse,n.,钱包,,,,,,,,,,,,,
pursue,v.,"追赶,追踪;继续,从事",,,,,,,,,pursuing,pursued,pursued,,
pursuit,n.,"追赶,追求;职业,工作",,,,,,,,,,,,,
push,v.,"推;催逼,逼迫",n.,"推,推力;促进,推进",,,,,,,pushing,pushed,pushed,,
put,vt.,放，搁，置；表达；使处于…状态，记下,,,,,,,,,putting,put,put,,
puzzle,n.,"难题,谜,迷惑",v.,"(使)迷惑,(使)为难",,,,,,,puzzling,puzzled,puzzled,,
pyramid,n.,金字塔,,,,,,,,,,,,,
qualification,n.,"资格,合格;限定,条件;合格证",,,,,,,,,,,,,
qualify,v.,"(使)具有资格,证明合格;限制,限定;修饰",,,,,,,,,qualifying,qualified,qualified,,
qualitative,adj.,"性质上的,定性的",,,,,,,,,,,,,
quality,n.,"质量,品质,特性",,,,,,,,,,,,,
quantify,v.,确定数量,,,,,,,,,quantifying,quantified,quantified,,
quantitative,adj.,"数量的,定量的",,,,,,,,,,,,,
quantity,n.,"量,数量;大量",,,,,,,,,,,,,
quarrel,v.,"争吵,争论",n.,"争吵,争吵的原因",,,,,,,quarrelling,quarrelled,quarrelled,,
quart,n.,夸脱,,,,,,,,,,,,,
quarter,n.,四分之一;季;一刻钟;(pl.)方向;(pl.)住处,,,,,,,,,,,,,
quarterly,adj.,每季的,adv.,每季一次,n.,季刊,,,,,,,,,
quartz,n.,石英,,,,,,,,,,,,,
queen,n.,"女王,皇后,王后",,,,,,,,,,,,,
queer,adj.,"奇怪的,古怪的",,,,,,,,,,,,,
quench,v.,"熄灭,扑灭,压制,抑制,止渴",,,,,,,,,quenching,quenched,quenched,,
quest,n.,探寻，探求；寻求，追求,,,,,,,,,,,,,
question,n.,问题;询问,v.,"询问;怀疑,对…表示疑问",,,,,,,questioning,questioned,questioned,,
questionnaire,n.,"调查表,问卷",,,,,,,,,,,,,
queue,n.,"行列,长队",v.,"(up)排队,排队等待",,,,,,,queuing,queued,queued,,
quick,adj.,"快的;灵敏的,伶俐的;敏锐的",adv.,"快,迅速地",,,,,,,,,,,
quiet,adj.,"安静的,平静的",n.,安静,v.,"使安静,平静",,,,,quieting,quieted,quieted,,
quilt,n.,被子,,,,,,,,,,,,,
quit,v.,"离开,退出;停止,放弃,辞职",,,,,,,,,quitting,quit/quitted,quit/quitted,,
quite,adv.,"十分,完全;相当,颇;的确,真正",,,,,,,,,,,,,
quiver,v.&n.,"颤抖,抖动",,,,,,,,,quivering,quivered,quivered,,
quiz,n.,"小型考试,测验,问答比赛",,,,,,,,,,,,,
quota,n.,(生产、进出口等的)配额，(移民的)限额,,,,,,,,,,,,,
quote,v.,"引用,援引",,,,,,,,,quoting,quoted,quoted,,
rabbit,n.,兔子,,,,,,,,,,,,,
race,n.,"赛跑;人种,种族;属,种",v.,赛跑,,,,,,,racing,raced,raced,,
racial,adj.,"种的,种族的",,,,,,,,,,,,,
rack,n.,"挂物架,搁物架",v.,"使痛苦,折磨",,,,,,,racking,racked,racked,,
racket,n.,球拍,,,,,,,,,,,,,
radar,n.,雷达,,,,,,,,,,,,,
radiant,adj.,"发光的,辐射的,容光焕发的",,,,,,,,,,,,,
radiate,v.,"放射,辐射;散布,传播",,,,,,,,,radiating,radiated,radiated,,
radical,adj.,"基本的,重要的;激进的,极端的;根本的",,,,,,,,,,,,,
radio,n.,收音机；无线电报，无线电话,v.,无线电通讯,,,,,,,radioing,radioed,radioed,,
radioactive,adj.,"放射性,放射引起的",,,,,,,,,,,,,
radius,n.,"半径,半径范围,有效航程,范围,界限",,,,,,,,,,,,,
rag,n.,"抹布,破布,碎布",,,,,,,,,,,,,
rage,n.,愤怒,,,,,,,,,,,,,
raid,n.&v.,"袭击,搜查",,,,,,,,,raiding,raided,raided,,
rail,n.,"栏杆,围栏;(pl.)铁路;铁轨;横杆,栏杆",,,,,,,,,,,,,
railroad,n.,(railway)铁路,v.,由铁道运输,,,,,,,railroading,railroaded,railroaded,,
rain,n.,雨；雨天；下雨,vi.,下雨,vt.,使大量落下,,,,,raining,rained,rained,,
rainbow,n.,虹,,,,,,,,,,,,,
raise,v.,"举起,提升;增加;饲养;引起;竖起;提出",,,,,,,,,raising,raised,raised,,
rake,n.,"耙子,耙机",v.,"耙;搜索,探索",,,,,,,raking,raked,raked,,
rally,v.,"重整,恢复,振作",n.,"聚集,集会,拉力赛",,,,,,,rallying,rallied,rallied,,
random,adj.,"随机的,随意的",n.,"随机,随意",,,,,,,,,,,
range,n.,"范围,领域;排列,连续;(山)脉",v.,排列成行,,,,,,,ranging,ranged,ranged,,
rank,n.,"军衔,社会阶层;排",v.,"分等级,把…分类",,,,,,,ranking,ranked,ranked,,
rap,n.,"叩击,轻拍,斥责",v.,"敲,拍,打,斥责,使着迷",,,,,,,rapping,rapped,rapped,,
rape,n.&vt.,"掠夺,蹂躏,强奸",,,,,,,,,raping,raped,raped,,
rapid,adj.,"快,急速的",n.,"(pl.)急流,湍滩",,,,,,,,,,,
rare,adj.,"稀有的,难得的,珍奇的;稀薄的,稀疏的",,,,,,,,,,,,,
rarely,adv.,"很少,难得,非常地",,,,,,,,,,,,,
rash,adj.,"轻率的,鲁莽的",n.,皮疹,,,,,,,,,,,
rat,n.,鼠,,,,,,,,,,,,,
rate,n.,"速率;等级;价格,费用",v.,"估价;评级,评价",,,,,,,rating,rated,rated,,
rather,adv.,"相当,有一点儿;宁愿,宁可",,,,,,,,,,,,,
ratio,n.,"比,比率",,,,,,,,,,,,,
rational,adj.,"理性的,合理的",,,,,,,,,,,,,
rationalist,n.,理性主义者，唯理论者,,,,,,,,,,,,,非大纲单词
rationally,adv.,理性地，合理地,,,,,,,,,,,,,非大纲单词
raw,adj.,"未煮过的,生的;未加工过的,未经训练的",,,,,,,,,,,,,
ray,n.,"光线,射线",,,,,,,,,,,,,
razor,n.,剃刀,,,,,,,,,,,,,
reach,v.,"抵达;(out)伸手,够到",n.,能达到的范围,,,,,,,reaching,reached,reached,,
react,v.,"反应,起作用;(against)反对,起反作用",,,,,,,,,reacting,reacted,reacted,,
read,v.,朗读；阅读,vt.,辨认，观察,vi.,读到，获悉,,,,,reading,read,read,,
readable,adj.,易读的，可读的,,,,,,,,,,,,,非大纲单词
reader,n.,读者；读本，读物；(英国的)大学讲师,,,,,,,,,,,,,
readily,adv.,"容易地;乐意地,欣然地",,,,,,,,,,,,,
reading,n.,"读书,读物,(仪表等的)读数,阅读",,,,,,,,,,,,,
ready,adj.,"(for)准备好的,现成的;甘心的",,,,,,,,,,,,,
real,adj.,"真的,真实的;实际的,现实的",,,,,,,,,,,,,
realise,v.,"(realize)认识到,体会到;实现",,,,,,,,,realising,realised,realised,,
realistic,adj.,现实(主义)的,,,,,,,,,,,,,
reality,n.,"现实,实际;真实",,,,,,,,,,,,,
really,adv.,"确实,实在,真正地,果然",,,,,,,,,,,,,
realm,n.,"王国,国土;领域",,,,,,,,,,,,,
reap,v.,"收割,收获",,,,,,,,,reaping,reaped,reaped,,
rear,n.,"后面,背后,后方",v.,"饲养,抚养,栽培,举起",,,,,,,rearing,reared,reared,,
reason,n.,"原因,理性,理智",v.,"推理,说服,辩论,讨论",,,,,,,reasoning,reasoned,reasoned,,
reasonable,adj.,"合理的,有道理的;通情达理的;适度的",,,,,,,,,,,,,
reassure,v.,使安心，使放心；使消除疑虑,,,,,,,,,reassuring,reassured,reassured,,
reawaken,v.,重新唤醒，再次唤起,,,,,,,,,reawakening,reawakened,reawakened,,非大纲单词
rebel,v.,"反抗,反叛,起义",n.,"叛逆者,起义者",,,,,,,rebelling,rebelled,rebelled,,
rebellion,n.,"叛乱,反抗,起义",,,,,,,,,,,,,
recall,v.,"回忆,回想;撤消,收回",,,,,,,,,recalling,recalled,recalled,,
recede,v.,"退回,后退;收回,撤回;跌落,缩减,贬值",,,,,,,,,receding,receded,receded,,
receipt,n.,"收据,收条;收到,接到",,,,,,,,,,,,,
receive,v.,"收到,接到;遭受,受到;接待,接见",,,,,,,,,receiving,received,received,,
recent,adj.,"新近的,近来的",,,,,,,,,,,,,
reception,n.,"接待,招待会;接收,接受,接收效果",,,,,,,,,,,,,
recipe,n.,"烹饪法,食谱;诀窍,方法",,,,,,,,,,,,,
recipient,adj.,"接受的,感受性强的",n.,"接受者,感受者,容器",,,,,,,,,,,
reciprocal,adj.,"相互的,往复的,互利的",,,,,,,,,,,,,
recite,v.,"背诵,朗诵",,,,,,,,,reciting,recited,recited,,
reckless,adj.,"不注意的,大意的,卤莽的,不顾后果的",,,,,,,,,,,,,
reckon,v.,"计算,总计,估计,猜想,依赖",,,,,,,,,reckoning,reckoned,reckoned,,
reclaim,v.,"要求归还,收回;开垦",,,,,,,,,reclaiming,reclaimed,reclaimed,,
recognition,n.,"认出,辨认;承认",,,,,,,,,,,,,
recognize,v.,"(recognise)认出,承认,公认,赏识,表扬",,,,,,,,,recognizing,recognized,recognized,,
recollect,v.,"回忆,想起,记起,忆起,记得",,,,,,,,,recollecting,recollected,recollected,,
recommend,v.,"推荐,介绍;劝告,建议",,,,,,,,,recommending,recommended,recommended,,
reconcile,v.,"使和好,调解,使调和;(to,with)使一致",,,,,,,,,reconciling,reconciled,reconciled,,
reconstruction,n.,重建，再建，重构,,,,,,,,,,,,,非大纲单词
record,n.,记录;最高记录;履历;唱片,v.,记录;录音,,,,,,,recording,recorded,recorded,,
recorder,n.,记录员;录音机,,,,,,,,,,,,,
recover,v.,"收回;(from)恢复,痊愈;重新获得",,,,,,,,,recovering,recovered,recovered,,
recovery,n.,"痊愈,复元;重获,恢复",,,,,,,,,,,,,
recreation,n.,"娱乐,消遣",,,,,,,,,,,,,
recruit,v.,征募(新兵)，吸收；补充,n.,新成员，新兵,,,,,,,recruiting,recruited,recruited,,
rectangle,n.,"[数]矩形, 长方形",,,,,,,,,,,,,
rectify,v.,"纠正,整顿, [化]精馏",,,,,,,,,rectifying,rectified,rectified,,
recur,v.,(尤指不好的事)一再发生；重现,,,,,,,,,recurring,recurred,recurred,,
recycle,v.&n.,"再循环,重复利用",,,,,,,,,recycling,recycled,recycled,,
red,adj.,红的，红色的,n.,红色；红色颜料,,,,,,,,,,,
reduce,v.,"减少,缩小;简化,还原",,,,,,,,,reducing,reduced,reduced,,
reduction,n.,"减小,减少,缩小",,,,,,,,,,,,,
redundant,adj.,"多余的,过剩的;(食物)丰富的;被解雇的",,,,,,,,,,,,,
reed,n.,"芦苇,苇丛;芦笛,牧笛",,,,,,,,,,,,,
reel,n.,"卷筒,线轴",v.,"卷,绕",,,,,,,reeling,reeled,reeled,,
refer,v.,"参考,查询;提到,引用,涉及;提交,上呈",,,,,,,,,referring,referred,referred,,
reference,n.,"提及,涉及;参考,参考书目;证明书（人）",,,,,,,,,,,,,
refine,v.,"精炼,精制,提纯;使文雅,使高尚",,,,,,,,,refining,refined,refined,,
reflect,v.,"反射,反映,表现,反省,沉思",,,,,,,,,reflecting,reflected,reflected,,
reflection,n.,"(reflexion)映像,倒影;反省,沉思",,,,,,,,,,,,,
reform,v.&n.,"改革,改造,改良",,,,,,,,,reforming,reformed,reformed,,
refrain,v.,"节制,避免,制止",n.,(诗的)叠句,,,,,,,refraining,refrained,refrained,,
refresh,v.,"(使)精神振作,(使)精力恢复",,,,,,,,,refreshing,refreshed,refreshed,,
refreshment,n.,"(pl.)点心,饮料;精力恢复,爽快",,,,,,,,,,,,,
refuge,n.,"避难处,藏身处",,,,,,,,,,,,,
refugee,n.,(政治上的)避难者，难民,,,,,,,,,,,,,
refund,n.,"归还,偿还额,退款",v.,"退还,偿还,偿付",,,,,,,refunding,refunded,refunded,,
refusal,n.,"拒绝,回绝",,,,,,,,,,,,,
refuse,v.,"拒绝,谢绝",n.,"废物,垃圾",,,,,,,refusing,refused,refused,,
refute,v.,"反驳,驳斥",,,,,,,,,refuting,refuted,refuted,,
regard,v.,(as)把…看作为;考虑,n.,"(pl.)敬重,问候",,,,,,,regarding,regarded,regarded,,
regarding,prep.,"关于,有关",,,,,,,,,,,,,
regardless,adj.&adv.,"不管…的,不顾…的,不注意的",,,,,,,,,,,,,
regime,n.,"政体,制度",,,,,,,,,,,,,
region,n.,"地区,地带,行政区,(科学等)领域",,,,,,,,,,,,,
register,n.&v.,"登记,注册",v.,"(仪表等)指示,(邮件)挂号",,,,,,,registering,registered,registered,,
regret,v.&n.,"遗憾,懊悔,抱歉",,,,,,,,,regretting,regretted,regretted,,
regular,adj.,"有规律的;整齐的,匀称的,正规的,正式的",,,,,,,,,,,,,
regularity,n.,规律性，规则性，经常性,,,,,,,,,,,,,非大纲单词
regulate,v.,"管制,控制;调节,校准;调整",,,,,,,,,regulating,regulated,regulated,,
regulation,n.,"规则,规章;调节,校准;调整",,,,,,,,,,,,,
rehearsal,n.,"排练,排演,演习,预演,试演",,,,,,,,,,,,,
reign,n.&v.,"统治,支配,盛行",n.,统治时期,v.,占优势,,,,,reigning,reigned,reigned,,
rein,n.,"缰绳,统治,支配",v.,"驾驭,控制,统治",,,,,,,reining,reined,reined,,
reinforce,v.,"增援,加强",,,,,,,,,reinforcing,reinforced,reinforced,,
reject,v.,"拒绝,抵制,丢弃,排斥,退掉",n.,落选者,,,,,,,rejecting,rejected,rejected,,
rejection,n.,拒绝，驳回；排斥,,,,,,,,,,,,,非大纲单词
rejoice,v.,"(使)欣喜,(使)高兴",,,,,,,,,rejoicing,rejoiced,rejoiced,,
relate,v.,"叙述,讲述;使互相关联",,,,,,,,,relating,related,related,,
relation,n.,"关系,联系;亲属,亲戚",,,,,,,,,,,,,
relationship,n.,"关系,联系",,,,,,,,,,,,,
relative,adj.,"相对的, 比较的,有关系的",n.,"亲戚,关系词",,,,,,,,,,,
relativity,n.,相关(性);相对论,,,,,,,,,,,,,
relax,v.,"(使)松驰,放松",,,,,,,,,relaxing,relaxed,relaxed,,
relay,v.,"中继,转播,接力",n.,"接替人员,替班",,,,,,,relaying,relayed,relayed,,
release,v.,"释放,解放;发表,发行",n.,"释放,豁免,放松",,,,,,,releasing,released,released,,
relevance,n.,相关性，关联；中肯,,,,,,,,,,,,,非大纲单词
relevant,adj.,"有关的, 中肯的,相应的,实质性的",,,,,,,,,,,,,
reliable,adj.,"可靠的,可信赖的,确实的",,,,,,,,,,,,,
reliance,n.,"信任,信心,依靠,依靠的人或物",,,,,,,,,,,,,
relief,n.,"(痛苦等)减轻,解除;援救,救济",,,,,,,,,,,,,
relieve,v.,"减轻,解除,援救,救济,换班",,,,,,,,,relieving,relieved,relieved,,
religion,n.,"宗教,信仰",,,,,,,,,,,,,
religious,adj.,"宗教的,信教的,虔诚的",,,,,,,,,,,,,
relish,n.,"美味,味道,调味品,食欲,乐趣",v.,"喜欢, 品味",,,,,,,relishing,relished,relished,,
reluctant,adj.,"不愿的,勉强的",,,,,,,,,,,,,
rely,v.,"(on)依赖,依靠;信赖,信任",,,,,,,,,relying,relied,relied,,
remain,v.,"剩下,余留;留待, 尚须;仍然是,依旧是",,,,,,,,,remaining,remained,remained,,
remainder,n.,"剩余物,剩下的;余数,余项",,,,,,,,,,,,,
remains,n.,"(pl.)剩余,残余,遗迹",,,,,,,,,,,,,
remark,n.,"(about,on)评语,意见",v.,(on)评论;注意到,,,,,,,remarking,remarked,remarked,,
remarkable,adj.,"值得注意的;显著的,异常的,非凡的",,,,,,,,,,,,,
remedy,n.,药品;治疗措施,v.,"治疗,医治;纠正,补救",,,,,,,remedying,remedied,remedied,,
remember,v.,"记住;(to)转达问候,代…致意,代…问好",,,,,,,,,remembering,remembered,remembered,,
remind,v.,"(of)提醒,使想起",,,,,,,,,reminding,reminded,reminded,,
remnant,n.,"剩余(物),零料,遗迹[风]",adj.,"剩余的,残留的",,,,,,,,,,,
remote,adj.,"远的,遥远的,疏远的,偏僻的,细微的",,,,,,,,,,,,,
removal,n.,"移动,迁居;除去",,,,,,,,,,,,,
remove,v.,"移动,脱掉,调动,免职",,,,,,,,,removing,removed,removed,,
renaissance,n.,[the R-]文艺复兴(时期)；新生，复兴,,,,,,,,,,,,,
render,v.,"使得,致使;提出,提供,呈报",,,,,,,,,rendering,rendered,rendered,,
renew,v.,"(使)更新,恢复,重新开始,继续",,,,,,,,,renewing,renewed,renewed,,
renovate,v.,"更新,修复",,,,,,,,,renovating,renovated,renovated,,
rent,v.,"租,租赁",n.,租金,,,,,,,renting,rented,rented,,
repair,n.,"修理,修补",v.,"补救,纠正;修理",,,,,,,repairing,repaired,repaired,,
repay,v.,"偿还,报答",,,,,,,,,repaying,repaid,repaid,,
repeat,v.,"重复,重说,重做",n.,重复,,,,,,,repeating,repeated,repeated,,
repeatedly,adv.,"重复地,再三地",,,,,,,,,,,,,
repel,v.,"击退,抵制,使厌恶,使不愉快",,,,,,,,,repelling,repelled,repelled,,
repertoire,n.,"节目,全部剧目,保留剧目,全部技能",,,,,,,,,,,,,
repetition,n.,"重复,反复",,,,,,,,,,,,,
replace,vt.,"取代,替换,代替,把...放回原处",,,,,,,,,replacing,replaced,replaced,,
replacement,n.,"取代,替换,替换物,代替物",,,,,,,,,,,,,
reply,v.&n.,"(to)回答,答复, 以…作答",,,,,,,,,replying,replied,replied,,
report,n.&v.,"报告,汇报;传说,传阅",,,,,,,,,reporting,reported,reported,,
reporter,n.,"报告人,通讯员;记者,报导者",,,,,,,,,,,,,
represent,v.,"描述,表示;代表,代理;阐明,说明",,,,,,,,,representing,represented,represented,,
representative,n.,"代表,代理人",adj.,"(of)典型的,有代表性的",,,,,,,,,,,
repression,n.,压抑，压制，镇压,,,,,,,,,,,,,
reproach,v.&n.,"责备,指责",,,,,,,,,reproaching,reproached,reproached,,
reproduce,v.,"生殖;翻版;繁殖;复制,仿造",,,,,,,,,reproducing,reproduced,reproduced,,
reproducible,adj.,可复制的，可重现的，可再生的,,,,,,,,,,,,,非大纲单词
reptile,n.,爬行动物,,,,,,,,,,,,,
republic,n.,"共和国,共和政体",,,,,,,,,,,,,
republican,adj.,共和的,,,,,,,,,,,,,
reputation,n.,"名誉,名声,声望",,,,,,,,,,,,,
request,v.&n.,"请求,要求",,,,,,,,,requesting,requested,requested,,
require,v.,"需要;(of)要求,命令",,,,,,,,,requiring,required,required,,
requirement,n.,"(for)需要,需要的东西,要求",,,,,,,,,,,,,
rescue,v.&n.,"营救,援救",,,,,,,,,rescuing,rescued,rescued,,
research,v.&n.,"(into,on)研究,调查",,,,,,,,,researching,researched,researched,,
resemblance,n.,"相似,相似性[点,物]",,,,,,,,,,,,,
resemble,v.,"像,类似",,,,,,,,,resembling,resembled,resembled,,
resent,v.,"对…表示忿恨,怨恨",,,,,,,,,resenting,resented,resented,,
reservation,n.,"保留,保留意见;预定,预订",,,,,,,,,,,,,
reserve,n.,"储备(物),储备金;缄默",v.,"保留,储备;预定",,,,,,,reserving,reserved,reserved,,
reservoir,n.,"水库,蓄水池",,,,,,,,,,,,,
residence,n.,"住处,住宅",,,,,,,,,,,,,
resident,n.,"居民,常住者",adj.,居住的,,,,,,,,,,,
resign,v.,"辞去,辞职,使听从(于),使顺从",,,,,,,,,resigning,resigned,resigned,,
resist,v.,"抵抗,反抗;抗,忍得住,抵制",,,,,,,,,resisting,resisted,resisted,,
resistance,n.,"(to)抵抗,反抗;抵抗力, 阻力;电阻",,,,,,,,,,,,,
resistant,adj.,"(to)抵抗的,有抵抗力的",,,,,,,,,,,,,
resolute,adj.,"坚决的,果断的",,,,,,,,,,,,,
resolution,n.,"坚决,决心;决定,决议",,,,,,,,,,,,,
resolve,v.,"决心;(使)分解,溶解;决议",n.,解决;决心,,,,,,,resolving,resolved,resolved,,
resort,v.,"凭借,求助,诉诸",n.,"度假胜地,常去之处,手段",,,,,,,resorting,resorted,resorted,,
resource,n.,"(pl.)资源,财力;办法,智谋;应变之才",,,,,,,,,,,,,
respect,n.&v.,"尊敬,尊重",n.,"敬意, 问候,关系,方面",,,,,,,respecting,respected,respected,,
respective,adj.,"各自的,各个的",,,,,,,,,,,,,
respond,v.,"回答,响应,作出反应",,,,,,,,,responding,responded,responded,,
response,n.,"回答,响应,反应",,,,,,,,,,,,,
responsibility,n.,"责任,责任心;职责,任务",,,,,,,,,,,,,
responsible,adj.,"(for,to)应负责的;可靠的;责任重大的",,,,,,,,,,,,,
rest,n.,休息；剩余部分,v.,休息；睡；放，靠，搁,,,,,,,resting,rested,rested,,
restaurant,n.,"餐馆,饭店",,,,,,,,,,,,,
restless,adj.,得不到休息的;不平静的;坐立不安的,,,,,,,,,,,,,
restore,v.,"恢复,使回复;归还,交还;修复,重建",,,,,,,,,restoring,restored,restored,,
restrain,v.,"(from)抑制,制止",,,,,,,,,restraining,restrained,restrained,,
restrained,adj.,克制的，节制的；受限的,,,,,,,,,,,,,非大纲单词
restraint,n.,"抑制,制止",,,,,,,,,,,,,
restrict,v.,"限制,约束",,,,,,,,,restricting,restricted,restricted,,
result,n.,"结果,成绩",v.,"结果,致使,导致, 由…而造成",,,,,,,resulting,resulted,resulted,as a result,
resultant,adj.,作为结果而发生的;合成的,,,,,,,,,,,,,
resume,n.,个人简历,v.,"再继续,重新开始;再用;恢复",,,,,,,resuming,resumed,resumed,,
retail,n.,零售,,,,,,,,,,,,,
retain,v.,"保持,保留",,,,,,,,,retaining,retained,retained,,
retention,n.,"保留,保持,保持力,记忆力",,,,,,,,,,,,,
retire,v.,"退休, 引退;退却,撤退;就寝",,,,,,,,,retiring,retired,retired,,
retort,n.&v.,"报复,反击,反驳",,,,,,,,,retorting,retorted,retorted,,
retreat,v.,"撤退,退却",,,,,,,,,retreating,retreated,retreated,,
retrieve,vt.,重新得到，取回；挽回，补救；检索,,,,,,,,,retrieving,retrieved,retrieved,,
retrospect,v.&n.,回顾，回想，追溯[反]foresee,,,,,,,,,retrospecting,retrospected,retrospected,,
return,v.&n.,"返回, 回来;归还,送还;回答",,,,,,,,,returning,returned,returned,,
reveal,v.,"展现,显示,揭示,揭露,告诉,泄露",,,,,,,,,revealing,revealed,revealed,,
revelation,n.,"揭示,揭露,显示,启示,新发现,被揭露的事",,,,,,,,,,,,,
revenge,n.,"报复,复仇",v.,替…报仇,,,,,,,revenging,revenged,revenged,,
revenue,n.,"财政收入,税收",,,,,,,,,,,,,
reverse,n.,相反;背面,adj.,相反的,v.,"颠倒,倒转",,,,,reversing,reversed,reversed,,
review,v.,"回顾,复习",n.,"回顾,复习;评论",,,,,,,reviewing,reviewed,reviewed,,
revise,v.,"修订,校订;修正,修改",,,,,,,,,revising,revised,revised,,
revive,v.,恢复;(使)复苏,,,,,,,,,reviving,revived,revived,,
revolt,v.&n.,"反抗,起义",,,,,,,,,revolting,revolted,revolted,,
revolution,n.,"革命;旋转,转数",,,,,,,,,,,,,
revolutionary,adj.,"革命的,革新的",n.,革命者,,,,,,,,,,,
revolve,v.,"(使)旋转;考虑;【天】公转,循环",,,,,,,,,revolving,revolved,revolved,,
reward,n.,"(for)报酬,赏金",v.,(for)酬劳;酬谢,,,,,,,rewarding,rewarded,rewarded,,
rhythm,n.,"节奏,韵律",,,,,,,,,,,,,
rib,n.,"肋骨,肋状物",,,,,,,,,,,,,
ribbon,n.,"缎带,丝带,带,带状物",,,,,,,,,,,,,
rice,n.,"稻,米",,,,,,,,,,,,,
rich,adj.,"富的,有钱的;富饶的;(in)充足的,丰富的",,,,,,,,,,,,,
rid,v.,"(of)使摆脱,使去掉",,,,,,,,,ridding,rid/ridded,rid/ridded,,
riddle,n.,"谜,谜语",,,,,,,,,,,,,
ride,v.&n.,"骑,乘",,,,,,,,,riding,rode,ridden,,
ridge,n.,"岭, 山脉;屋脊;鼻梁",,,,,,,,,,,,,
ridiculous,adj.,"荒谬的,可笑的",,,,,,,,,,,,,
rifle,n.,步枪,,,,,,,,,,,,,
right,adj.,"右的,正确的",n.,"右,权利",adv.,"在右边,正确地",,,,,,,,,
rigid,adj.,刚性的;刻板的;严厉的,,,,,,,,,,,,,
rigorous,adj.,"严格的,严厉的,严酷的,严密的,严谨的",,,,,,,,,,,,,
rim,n.,"(圆物的)边,边缘;(眼镜)框",,,,,,,,,,,,,
ring,n.,戒指;环;铃声;(打)电话,v.,"按(铃),敲(钟)",,,,,,,ringing,rang,rung,,
riot,n.,"暴(骚)乱,蔓延,彩色缤纷",v.,"骚乱,暴动",,,,,,,rioting,rioted,rioted,,
rip,v.,"撕,剥,劈,锯,裂开,撕裂",n.,"裂口,裂缝",,,,,,,ripping,ripped,ripped,,
ripe,adj.,"熟的,成熟的;(for)时机成熟的",,,,,,,,,,,,,
rise,v.,升起;起立;上涨;起义,n.,"上涨,增高;起源",,,,,,,rising,rose,risen,,
risk,v.,冒…的危险,n.,冒险;风险,,,,,,,risking,risked,risked,,
ritual,adj.,"宗教仪式的,典礼的",n.,"(宗教)仪式,典礼",,,,,,,,,,,
rival,n.,"竞争者,对手",v.,"竞争,对抗",adj.,竞争的,,,,,rivalling,rivalled,rivalled,,
river,n.,河流,,,,,,,,,,,,,
road,n.,"路,道路,途径",,,,,,,,,,,,,
roar,n.&v.,"吼叫,怒号;轰鸣, 咆哮",,,,,,,,,roaring,roared,roared,,
roast,v.,"烤,炙,烘",,,,,,,,,roasting,roasted,roasted,,
rob,v.,"(of)抢劫,盗取;非法剥夺",,,,,,,,,robbing,robbed,robbed,,
robe,n.,"长袍,上衣",,,,,,,,,,,,,
robot,n.,"机器人, 自动机械",,,,,,,,,,,,,
robust,adj.,"强健的,雄壮的,精力充沛的,坚固的,浓的",,,,,,,,,,,,,
rock,n.,"岩石,石块",v.,"摇,摇动",,,,,,,rocking,rocked,rocked,,
rocket,n.,火箭,,,,,,,,,,,,,
rod,n.,"杆,棒",,,,,,,,,,,,,
role,n.,"角色,作用,任务,职责",,,,,,,,,,,,,
roll,v.,"滚动;使摇摆;卷,卷起",n.,"卷,卷形物;名单",,,,,,,rolling,rolled,rolled,,
romance,n.,"传奇,爱情故事",,,,,,,,,,,,,
romantic,adj.,"浪漫的,传奇式的;不切实际的,好幻想的",,,,,,,,,,,,,
roof,n.,"屋顶,顶",,,,,,,,,,,,,
room,n.,房间，室，空间，地方；余地,,,,,,,,,,,,,
root,n.,"根,根部;根本,根源",v.,"(使)生根,(使)扎根",,,,,,,rooting,rooted,rooted,,
rope,n.,"绳,索",,,,,,,,,,,,,
rose,n.,"玫瑰,蔷薇",,,,,,,,,,,,,
rot,v.,"(使)腐烂,(使)腐败,腐朽",,,,,,,,,rotting,rotted,rotted,,
rotary,adj.,旋转的,,,,,,,,,,,,,
rotate,v.,(使)旋转,,,,,,,,,rotating,rotated,rotated,,
rotten,adj.,"腐烂的,腐朽的",,,,,,,,,,,,,
rough,adj.,"粗糙的;粗略的,大致的;粗野的,粗暴的",,,,,,,,,,,,,
round,adj.,圆的,prep.,围绕,adv.,在周围,v.,绕行,n.,(一)回合,rounding,rounded,rounded,,
roundabout,adj.,"迂回的,转弯抹角的",n.,环状交叉路口,,,,,,,,,,,
rouse,vt.&vi.,唤醒，唤起；激励；激起,,,,,,,,,rousing,roused,roused,,
route,n.,"路线,路程",,,,,,,,,,,,,
routine,n.,"例行公事,常规",adj.,"常规的,例行的",,,,,,,,,,,
row,n.,(一)排，(一)行；吵嚷,v.,划(船等)，荡桨,,,,,,,rowing,rowed,rowed,,
royal,adj.,"王室的,皇家的;第一流的,高贵的",,,,,,,,,,,,,
royalty,n.,"皇家,皇族",,,,,,,,,,,,,
rub,v.,"擦,摩擦",,,,,,,,,rubbing,rubbed,rubbed,,
rubber,n.,"橡皮,橡胶;橡胶制品,胶鞋",,,,,,,,,,,,,
rubbish,n.,"垃圾,废物;废话",,,,,,,,,,,,,
ruby,n.,红宝石,,,,,,,,,,,,,
rude,adj.,"粗鲁的;猛烈的,残暴的;粗糙的,粗陋的",,,,,,,,,,,,,
rug,n.,(小)地毯;围毯,,,,,,,,,,,,,
ruin,v.,毁灭;(使)破产,n.,"毁灭,崩溃;(pl.)废墟",,,,,,,ruining,ruined,ruined,,
rule,v.,统治;支配;裁定,n.,"规章,条例;习惯;统治",,,,,,,ruling,ruled,ruled,,
ruler,n.,"统治者,支配者;尺,直尺",,,,,,,,,,,,,
rumor,n.,"(rumour)传闻,谣言",,,,,,,,,,,,,
run,v.,奔，跑；流，淌；蔓延，伸展；经营；运转,,,,,,,,,running,ran,run,,
rural,adj.,"乡下的, 田园的,乡村风味的",,,,,,,,,,,,,
rush,v.,(使)冲;奔,n.,"冲,急速行进",adj.,(交通)繁忙的,,,,,rushing,rushed,rushed,,
rust,n.,铁锈,v.,(使)生锈,,,,,,,rusting,rusted,rusted,,
ruthless,adj.,"残酷的,无情的",,,,,,,,,,,,,
sack,n.,"袋,包,麻袋",v.,解雇,,,,,,,sacking,sacked,sacked,,
sacred,adj.,神圣的;宗教的;庄严的,,,,,,,,,,,,,
sacrifice,n.,"牺牲,牺牲品;祭品",v.,"(for,to)牺牲,献出",,,,,,,sacrificing,sacrificed,sacrificed,,
sad,adj.,"悲哀的,忧愁的",,,,,,,,,,,,,
saddle,n.,"鞍,马鞍,鞍状物",,,,,,,,,,,,,
safe,adj.,"安全的,牢靠的;谨慎的,可靠的",n.,保险箱,,,,,,,,,,,
safeguard,v.,"维护,保护,捍卫",n.,"安全装置,安全措施",,,,,,,safeguarding,safeguarded,safeguarded,,
safety,n.,"安全,保险;安全设备,保险装置",,,,,,,,,,,,,
sail,n.,"帆,航行",v.,航行,,,,,,,sailing,sailed,sailed,,
sailor,n.,"水手,海员",,,,,,,,,,,,,
saint,n.,"圣人,基督教徒;(S-或 St.用于人,地名前)圣",,,,,,,,,,,,,
sake,n.,"缘故,理由",,,,,,,,,,,,,
salad,n.,"色拉,凉拌菜",,,,,,,,,,,,,
salary,n.,"薪金,薪水",,,,,,,,,,,,,
sale,n.,"出售,上市;贱卖,廉价出售;销售额",,,,,,,,,,,,,
salesman,n.,"售货员,推销员",,,,,,,,,,,,,
salt,n.,"盐,盐,类",v.,"腌,盐渍",,,,,,,salting,salted,salted,,
salute,v.&n.,"敬礼,鸣礼炮;迎接,欢迎",,,,,,,,,saluting,saluted,saluted,,
salvation,n.,"拯救,救助;救济(者, 品),救助工具;救世主",,,,,,,,,,,,,
same,adj.,相同的,pron.,相同的人(或物),adv.,同样地,,,,,,,,,
sample,n.,"样品,实例,标本,抽样检查",v.,"取样,采样",,,,,,,sampling,sampled,sampled,,
sanction,n.&v.,"批准, 同意,支持,认可",n.,"处罚,制裁",,,,,,,sanctioning,sanctioned,sanctioned,,
sand,n.,"沙;(pl.)沙滩,沙地",,,,,,,,,,,,,
sandwich,n.,"三明治,夹肉面包",v.,"夹入,挤进",,,,,,,sandwiching,sandwiched,sandwiched,,
sane,adj.,"心智健全的,神志清醒的, 明智的,稳健的",,,,,,,,,,,,,
sarcastic,adj.,讽刺的,,,,,,,,,,,,,
satellite,n.,"卫星,人造卫星;附属物",,,,,,,,,,,,,
satire,n.,"讽刺,讽刺文学,讽刺作品",,,,,,,,,,,,,
satisfaction,n.,"满足,满意;乐事,愉快",,,,,,,,,,,,,
satisfactory,adj.,"令人满意的, 圆满的, 良好的,符合要求的",,,,,,,,,,,,,
satisfy,v.,"满意,使满意,使相信,说服",,,,,,,,,satisfying,satisfied,satisfied,,
saturate,vt.,使湿透，浸透；使充满，使饱和,,,,,,,,,saturating,saturated,saturated,,
Saturday,n.,星期六,,,,,,,,,,,,,
sauce,n.,"酱汁,调味汁",,,,,,,,,,,,,
saucer,n.,"茶托,碟子",,,,,,,,,,,,,
sausage,n.,"香肠,腊肠",,,,,,,,,,,,,
savage,adj.,"野蛮的;凶恶的,残暴的",n.,"野人,未开化的人",,,,,,,,,,,
save,v.,"救,拯救;储蓄,贮存;节省",,,,,,,,,saving,saved,saved,,
saving,n.,"挽救,救助,节约,储蓄;(pl.)储蓄金,存款",,,,,,,,,,,,,
saw,n.,"锯子,锯床",v.,"锯,锯开",,,,,,,sawing,sawed,sawed,,
say,vt.,说，讲；说明；比如说,vi.,说，发表意见,,,,,,,saying,said,said,,
scale,n.,"刻度;天平,磅秤;比例尺;规模;音阶;鱼鳞",,,,,,,,,,,,,
scan,v.,"细看,审视;浏览;扫描",n.,扫描,,,,,,,scanning,scanned,scanned,,
scandal,n.,"丑闻,诽谤,耻辱,流言蜚语,反感,公愤",,,,,,,,,,,,,
scar,n.,"疤,疤痕;创伤",v.,"使留下伤痕,创伤",,,,,,,scarring,scarred,scarred,,
scarce,adj.,"缺乏的,不足的;稀少的,罕见的",,,,,,,,,,,,,
scarcely,adv.,"几乎不,简直没有,勉强",,,,,,,,,,,,,
scare,n.,"惊恐,恐慌",v.,"惊吓,受惊",,,,,,,scaring,scared,scared,,
scarf,n.,"围巾,头巾,领巾,领带",,,,,,,,,,,,,
scatter,v.,"散开,驱散;散布,散播",,,,,,,,,scattering,scattered,scattered,,
scene,n.,"景色,景象,舞台;(戏)一场",,,,,,,,,,,,,
scenery,n.,"风景,舞台布景",,,,,,,,,,,,,
scent,n.,"气味,香味,香水,线索,嗅觉",v.,"嗅,发觉",,,,,,,scenting,scented,scented,,
schedule,n.,"时间表,进度表",v.,"安排,预定",,,,,,,scheduling,scheduled,scheduled,,
scheme,n.,"计划,方案;阴谋;配置",v.,"计划,策划;阴谋",,,,,,,scheming,schemed,schemed,,
scholar,n.,学者,,,,,,,,,,,,,
scholarship,n.,"奖学金;学问,学识",,,,,,,,,,,,,
school,n.,学校，(大学里的)学院；上学，学业；学派,,,,,,,,,,,,,
science,n.,科学;学科,,,,,,,,,,,,,
scientific,adj.,科学上的,,,,,,,,,,,,,
scientist,n.,科学家,,,,,,,,,,,,,
scissors,n.,剪子,,,,,,,,,,,,,
scold,v.,"责骂,训斥",,,,,,,,,scolding,scolded,scolded,,
scope,n.,"(活动)范围;机会,余地",,,,,,,,,,,,,
score,n.,"得分,分数;二十",v.,"得(分),记(…的)分数",,,,,,,scoring,scored,scored,,
scorn,v.&n.,"轻蔑,藐视",,,,,,,,,scorning,scorned,scorned,,
scout,n.,"侦察员,侦察机(舰)",v.,"搜索,侦察",,,,,,,scouting,scouted,scouted,,
scramble,vi.,(快速地)爬，攀登；互相争夺，争先,,,,,,,,,scrambling,scrambled,scrambled,,
scrap,n.,碎片;废料,v.,"废弃,报废",,,,,,,scrapping,scrapped,scrapped,,
scrape,v.,"刮(掉),擦过,勉强通过",n.,"刮,擦痕,刮擦声",,,,,,,scraping,scraped,scraped,,
scratch,v.,"抓,搔,扒",n.,"抓,搔,抓痕;起跑线",,,,,,,scratching,scratched,scratched,,
scream,v.&n.,"尖声叫,喊叫着说出,(风)呼啸",,,,,,,,,screaming,screamed,screamed,,
screen,n.,"屏幕,屏风;帘",v.,"掩蔽,包庇;筛选",,,,,,,screening,screened,screened,,
screw,n.,"螺旋,螺丝(钉)",v.,"拧,拧紧",,,,,,,screwing,screwed,screwed,,
script,n.,剧本(原稿)；手稿，原稿；笔迹，手迹,,,,,,,,,,,,,
scrutiny,n.,周密的调查；仔细看；监视；选票复查,,,,,,,,,,,,,
sculpture,n.,雕刻(术)，雕塑(术)；雕刻作品,,,,,,,,,,,,,
sea,n.,海，海洋，大量,,,,,,,,,,,,,
seal,n.,"封铅,封条;印, 图章;海豹",v.,"封,密封",,,,,,,sealing,sealed,sealed,,
seam,n.,"缝,接缝",,,,,,,,,,,,,
search,v.&n.,"(for)搜索,寻找,探查",,,,,,,,,searching,searched,searched,,
seaside,n.,"海滨,海边",,,,,,,,,,,,,
season,n.,"季,季节,时节",,,,,,,,,,,,,
seat,n.,"座位,底座;所在地,场所",v.,使坐下,,,,,,,seating,seated,seated,,
second,adj.,"第二;次等的,二等的",n.,秒,v.,"赞成, 附和",,,,,seconding,seconded,seconded,,
secondary,adj.,"次要的,二级的;中级的,第二的",,,,,,,,,,,,,
secret,adj.,"秘密的,机密的",n.,秘密,,,,,,,,,,,
secretary,n.,"秘书,书记;部长,大臣",,,,,,,,,,,,,
section,n.,"章节,部分;地区,部门,科;截面,剖面",,,,,,,,,,,,,
sector,n.,部门，部分；防御地段，防区；扇形,,,,,,,,,,,,,
secure,adj.,"(from,against)安全的,放心的",v.,得到;防护,,,,,,,securing,secured,secured,,
security,n.,"安全(感),防御(物),保证(人),(pl.)证券",,,,,,,,,,,,,
see,vt.,看见；会面；探望；知道，获悉；送行,,,,,,,,,seeing,saw,seen,,
seed,n.,种子,v.,"播种;结实,结籽",,,,,,,seeding,seeded,seeded,,
seek,v.,"(after,for)寻找,探索;试图,企图",,,,,,,,,seeking,sought,sought,,
seem,v.,"好像,似乎",,,,,,,,,seeming,seemed,seemed,,
seemingly,adv.,外观上，表面上,,,,,,,,,,,,,
segment,n.,"段,片,节,部分",,,,,,,,,,,,,
segregate,vt.,使···分开，隔离（病患等）,,,,,,,,,segregating,segregated,segregated,,
seize,v.,"抓住,逮住;夺取, 占领;没收,查封",,,,,,,,,seizing,seized,seized,,
seldom,adv.,"很少,不常",,,,,,,,,,,,,
select,v.,"选择,挑选",adj.,"精选的,选择的",,,,,,,selecting,selected,selected,,
selection,n.,"选择,挑选;选集,精选物",,,,,,,,,,,,,
self,n.,自我，自己(pl.selves),,,,,,,,,,,,,
selfish,adj.,自私的，利己的,,,,,,,,,,,,,
sell,v.,"卖, 出售",,,,,,,,,selling,sold,sold,,
semester,n.,学期,,,,,,,,,,,,,
semiconductor,n.,半导体,,,,,,,,,,,,,
seminar,n.,"(大学的)研究班,研讨会",,,,,,,,,,,,,
senate,n.,"参议院,上院",,,,,,,,,,,,,
senator,n.,参议员,,,,,,,,,,,,,
send,v.,"(sent,sent)1.打发；派遣 2.送；寄出",,,,,,,,,sending,sent,sent,,
senior,adj.,年长的;地位较高的,n.,(大学)四年级学生,,,,,,,,,,,
sensation,n.,"感觉,知觉;激动,轰动,轰动一时的事情",,,,,,,,,,,,,
sense,n.,感官;感觉;判断力;意义,v.,"觉得,意识到",,,,,,,sensing,sensed,sensed,,
sensible,adj.,"明智的,达理的;可觉察的, 明显的",,,,,,,,,,,,,
sensitive,adj.,"(to)敏感的, 易受伤害的;灵敏的",,,,,,,,,,,,,
sensual,adj.,感官的，感觉的；肉欲的，性感的,,,,,,,,,,,,,非大纲单词
sentence,n.,"句子;判决,宣判",v.,"宣判,判决",,,,,,,sentencing,sentenced,sentenced,,
sentiment,n.,感情，柔情；看法；感觉,,,,,,,,,,,,,
separate,adj.,"(from)分离的,分开的",,,,,,,,,,,,,
September,n.,九月,,,,,,,,,,,,,
sequence,n.,"先后,次序;连续,数列",,,,,,,,,,,,,
serial,n.,连载小说，连续剧；连载刊物,adj.,连续的,,,,,,,,,,,
series,n.,"一系列,连续;丛书",,,,,,,,,,,,,
serious,adj.,"严肃的;主要的;严重的,危急的;认真的",,,,,,,,,,,,,
servant,n.,仆人,,,,,,,,,,,,,
serve,v.,"服务,尽责;招待,侍候;符合,适用",,,,,,,,,serving,served,served,,
service,n.,服务;公共设施;维修保养;行政部门,v.,维修,,,,,,,servicing,serviced,serviced,,
session,n.,"(一届)会议,一段时间",,,,,,,,,,,,,
set,n.,"一套,一副,装置,接受机",v.,"提出,调整, 日落",,,,,,,setting,set,set,,
setback,n.,挫折；失效；复发；倒退,,,,,,,,,,,,,
setting,n.,安置;落山;(固定东西的)柜架底座;环境,,,,,,,,,,,,,
settle,v.,"安定,安顿;停息;定居;解决,调停",,,,,,,,,settling,settled,settled,,
settlement,n.,"解决,决定,调停;居留区,住宅区",,,,,,,,,,,,,
seven,num.,七，七个(人或物),,,,,,,,,,,,,
several,adj.,几个，若干，数个；各个的，各自的,,,,,,,,,,,,,
severe,adj.,"严厉的;剧烈的,严重的,严峻的,艰难的",,,,,,,,,,,,,
sew,v.,"缝,缝纫",,,,,,,,,sewing,sewed,sewn/sewed,,
sewing,n.,缝纫，缝纫活,,,,,,,,,,,,,非大纲单词
sex,n.,"性别,性",,,,,,,,,,,,,
shabby,adj.,"简陋的,破旧的,卑鄙的,不公平的",,,,,,,,,,,,,
shade,n.,"荫, 阴影;遮光物,罩",v.,"遮蔽,遮光",,,,,,,shading,shaded,shaded,,
shadow,n.,"阴影,影子,荫;暗处, 阴暗",,,,,,,,,,,,,
shady,adj.,"成荫的,多荫的;可疑的,靠不住的",,,,,,,,,,,,,
shaft,n.,轴;杆状物,,,,,,,,,,,,,
shake,n.&v.,"摇动,摇;颤抖,震动",,,,,,,,,shaking,shook,shaken,,
shall,aux.,v.(我，我们)将要，会；必须，应该,,,,,,,,,,,,,
shallow,adj.,"浅的,浅薄的",n.,"浅滩,浅处",,,,,,,,,,,
sham,n.&adj.,假冒(的)，虚伪(的),,,,,,,,,,,,,
shame,n.,"羞耻,耻辱;可耻的人(或事物)",v.,使羞愧,,,,,,,shaming,shamed,shamed,,
shampoo,n.,"洗发膏,香波;洗发,洗头",v.,"洗发,洗头",,,,,,,shampooing,shampooed,shampooed,,
shape,n.,"形状,外形;情况,状态;种类",v.,"成型,塑造",,,,,,,shaping,shaped,shaped,,
share,v.,"(with)分配,共用;分担",n.,"一份,份额;股份",,,,,,,sharing,shared,shared,,
shark,n.,鲨鱼,,,,,,,,,,,,,
sharp,adj.,锋利的;轮廓分明的;急转的,adv.,(指时刻)正,,,,,,,,,,,
shatter,n.,碎片；粉碎,v.,粉碎；使疲惫；使震骇,,,,,,,shattering,shattered,shattered,,
shave,v.,"剃,刮,刨, 削",n.,刮脸,,,,,,,shaving,shaved,shaven/shaved,,
she,pron.,(主格)她,,,,,,,,,,,,,
shear,v.,"剪,修剪",,,,,,,,,shearing,sheared,shorn/sheared,,
shed,v.,"流出;发散,散发,脱落,脱去",n.,"棚,小屋",,,,,,,shedding,shed,shed,,
sheep,n.,(绵)羊；易受人摆布的人,,,,,,,,,,,,,
sheer,adj.,"纯粹的,十足的,全然的;陡峭的,险峻的",,,,,,,,,,,,,
sheet,n.,"被单;(一)张,(一)片,薄片;大片",,,,,,,,,,,,,
shelf,n.,"架子,搁板",,,,,,,,,,,,,
shell,n.,"壳, 贝壳;炮弹",,,,,,,,,,,,,
shelter,n.,"掩蔽处;掩蔽,保护",v.,"掩蔽,躲避,庇护",,,,,,,sheltering,sheltered,sheltered,,
shepherd,n.,"牧民,牧羊人",,,,,,,,,,,,,
shield,n.,"防护物,护罩;盾,盾状物",v.,"保护,防护",,,,,,,shielding,shielded,shielded,,
shift,v.,"替换,转移",n.,"转换,转变;(轮)班,(换)班",,,,,,,shifting,shifted,shifted,,
shilling,n.,先令,,,,,,,,,,,,,
shine,v.,"照耀,发光;擦亮",n.,"光泽,光",,,,,,,shining,shone/shined,shone/shined,,
ship,n.,船舶，舰艇,v.,装运，航运，运送；发货,,,,,,,shipping,shipped,shipped,,
shipment,n.,"装船,装运;装载的货物,装货量",,,,,,,,,,,,,
shirt,n.,衬衫,,,,,,,,,,,,,
shiver,v.&n.,"战栗,发抖",,,,,,,,,shivering,shivered,shivered,,
shock,n.,"震动;电击,触电;休克",v.,(使)震动/震惊,,,,,,,shocking,shocked,shocked,,
shoe,n.,鞋,,,,,,,,,,,,,
shoot,v.,"发射;掠过,疾驰而过",n.,"嫩枝,苗,射击",,,,,,,shooting,shot,shot,,
shop,n.,商店，店铺；工厂，车间,v.,买东西,,,,,,,shopping,shopped,shopped,,
shopkeeper,n.,店主,,,,,,,,,,,,,
shore,n.,"海滨,湖滨",,,,,,,,,,,,,
short,adj.,"短的,矮的;(of)缺乏,不足",n.,(pl.)短裤,,,,,,,,,,,
shortage,n.,"不足,缺少",,,,,,,,,,,,,
shortcoming,n.,"短处,缺点",,,,,,,,,,,,,
shorthand,n.,速记,,,,,,,,,,,,,
shortly,adv.,立刻，不久；不耐烦地，简慢地,,,,,,,,,,,,,
shot,n.,"开枪,射击;投篮;弹丸,炮弹,子弹",,,,,,,,,,,,,
should,aux.,v.应该；万一；可能，该；就；竟然会,,,,,,,,,,,,,
shoulder,n.,"肩,肩部",v.,"肩负,承担",,,,,,,shouldering,shouldered,shouldered,,
shout,v.,大声叫，喊，呼出,n.,呼喊，叫,,,,,,,shouting,shouted,shouted,,
shove,vt.,乱推；乱塞,vi.,用力推，挤,n.,猛推,,,,,shoving,shoved,shoved,,
show,n.,节目，表演,v.,上演(戏剧等)，放映(电影),,,,,,,showing,showed,shown/showed,,
shower,n.,阵雨;沐浴;(一)阵/大批,v.,"下阵雨,倾注",,,,,,,showering,showered,showered,,
shrewd,adj.,"机灵的,敏锐的;精明的",,,,,,,,,,,,,
shrink,v.,"起皱,收缩;退缩,畏缩",,,,,,,,,shrinking,shrank/shrunk,shrunk/shrunken,,
shrug,vt.&n.,耸肩(表示冷淡、怀疑、无奈、不满等),,,,,,,,,shrugging,shrugged,shrugged,,
shut,v.,"关,关闭",,,,,,,,,shutting,shut,shut,,
shutter,n.,百叶窗；(照相机)快门；关闭装置,,,,,,,,,,,,,
shuttle,n.,往返汽车/列车/飞机；穿梭,v.,往返穿梭,,,,,,,shuttling,shuttled,shuttled,,
shy,adj.,怕羞的，腼腆的；胆怯的,vi.,惊退，畏缩,,,,,,,shying,shied,shied,,
sick,adj.,"有病的,患病的;恶心的,想吐的",,,,,,,,,,,,,
side,n.,旁边，侧面；坡，岸；一边/侧/方,vi.,支持,,,,,,,siding,sided,sided,,
sideways,adv.&adj.,"向旁边(的),侧身,横着(的),斜着(的)",,,,,,,,,,,,,
siege,n.,包围，围攻，围困,,,,,,,,,,,,,
sigh,n.,"叹息, 叹息声",v.,"叹息, 叹气",,,,,,,sighing,sighed,sighed,,
sight,n.,"视力;望见,瞥见;视域;眼界;情景,奇观",,,,,,,,,,,,,
sightseeing,n.,"观光,游览",,,,,,,,,,,,,
sign,n.,"标记,招牌;征兆,迹象",v.,"签名(于),署名(于)",,,,,,,signing,signed,signed,,
signal,n.,"信号,暗号",v.,"发信号,用信号通知",,,,,,,signalling,signalled,signalled,,
signature,n.,"签名,署名,签字",,,,,,,,,,,,,
significance,n.,"意义,含义;重要性,重要的",,,,,,,,,,,,,
significant,adj.,"有意义的;重大的,重要的",,,,,,,,,,,,,
signify,v.,"表示,意味;要紧,有重要性",,,,,,,,,signifying,signified,signified,,
silence,n.,"寂静,沉默",v.,"使沉默,使安静",,,,,,,silencing,silenced,silenced,,
silent,adj.,"寂静,沉默的",,,,,,,,,,,,,
silicon,n.,硅,,,,,,,,,,,,,
silk,n.,"丝,绸",,,,,,,,,,,,,
silly,adj.,"傻的,糊涂的,愚蠢的",,,,,,,,,,,,,
silver,n.,银;银器;银币,v.,镀银,,,,,,,silvering,silvered,silvered,,
similar,adj.,"(to)相似的,类似的",,,,,,,,,,,,,
simple,adj.,"简单的;单纯的,直率的;迟钝的,头脑简单的",,,,,,,,,,,,,
simplicity,n.,"简单,简易;朴素;直率,单纯",,,,,,,,,,,,,
simplify,v.,"简化,使单纯",,,,,,,,,simplifying,simplified,simplified,,
simply,adv.,"简单地;完全,简直;仅仅, 只不过;朴素地",,,,,,,,,,,,,
simulate,v.,"模仿,模拟;假装, 冒充",,,,,,,,,simulating,simulated,simulated,,
simultaneous,adj.,"同时的, 同时存在的",,,,,,,,,,,,,
sin,n.,"罪,罪恶",v.,犯罪,,,,,,,sinning,sinned,sinned,,
since,prep.,自从,conj.,自从；因为，既然,adv.,后来,,,,,,,,,
sincere,adj.,"诚挚的,真实的,诚恳的",,,,,,,,,,,,,
sing,v.,"唱,演唱;鸡叫",,,,,,,,,singing,sang,sung,,
single,adj.,"单人的;单一的,单个的;未婚的,独身的",,,,,,,,,,,,,
singular,adj.,"非凡的,卓越的;单数的",,,,,,,,,,,,,
sink,v.,"(使)下沉,下落",n.,"水槽,水池",,,,,,,sinking,sank/sunk,sunk/sunken,,
sip,v.,小口地喝，抿，呷,n.,一小口的量,,,,,,,sipping,sipped,sipped,,
sir,n.,先生，长官；[S -用于姓名前]…爵士,,,,,,,,,,,,,
siren,n.,"警报声,警报器",,,,,,,,,,,,,
sister,n.,姐，妹；护士长；修女，女教士,,,,,,,,,,,,,
sit,vi.,坐，坐下；位于；栖息；孵卵,vt.,使就坐,,,,,,,sitting,sat,sat,,
site,n.,"位置,场所,地点",,,,,,,,,,,,,
situated,adj.,坐落在…的,,,,,,,,,,,,,
situation,n.,"形势,处境,状况;位置,场所;职位,职务",,,,,,,,,,,,,
six,num.,六,pron.&adj.,六(个，只...),,,,,,,,,,,
size,n.,"大小,尺寸,规模;尺码",,,,,,,,,,,,,
skate,v.,"溜冰,滑冰",n.,冰鞋,,,,,,,skating,skated,skated,,
skeleton,n.,"骨骼;骨架,框架;梗概,提要",,,,,,,,,,,,,
skeptical,adj.,怀疑的 [英]sceptical,,,,,,,,,,,,,
sketch,n.,"素描;略图,草图;梗概",v.,"绘略图,速写,写生",,,,,,,sketching,sketched,sketched,,
ski,n.,雪橇,v.,滑雪,,,,,,,skiing,skied,skied,,
skill,n.,"技能,技巧,手艺;熟练",,,,,,,,,,,,,
skilled,adj.,"(in)熟练的,有技能的;需要技能的",,,,,,,,,,,,,
skillful,adj.,"(skilful)(in,at)灵巧的,娴熟的",,,,,,,,,,,,,
skim,vt.,撇去(液体表面)之漂浮物,vi.,轻轻掠过,,,,,,,skimming,skimmed,skimmed,,
skin,n.,"皮,皮肤;兽皮,皮毛;外皮,外壳",v.,剥皮,,,,,,,skinning,skinned,skinned,,
skip,vi.,略过，跳过,n.,跳跃,vt.,故意忽略；略过,,,,,skipping,skipped,skipped,,
skirt,n.,"裙子;边缘,郊区",,,,,,,,,,,,,
skull,n.,头盖骨，颅骨,,,,,,,,,,,,,
sky,n.,天空；[pl.]天色；气候,,,,,,,,,,,,,
skyscraper,n.,摩天大楼,,,,,,,,,,,,,
slack,adj.,"懈怠的,松驰的;萧条的",n.,淡季;(pl.)便裤,,,,,,,,,,,
slam,v.,(门、窗等)砰地关上,n.,猛然关闭的声音,,,,,,,slamming,slammed,slammed,,
slap,n.&v.,"拍,掌击",,,,,,,,,slapping,slapped,slapped,,
slaughter,n.,屠杀，屠宰,vt.,屠杀，宰杀,,,,,,,slaughtering,slaughtered,slaughtered,,
slave,n.,"奴隶,苦工",v.,"做苦工,拼命地干",,,,,,,slaving,slaved,slaved,,
sleep,v.,"(slept,slept)睡",n.,睡眠,,,,,,,sleeping,slept,slept,,
sleeve,n.,袖子,,,,,,,,,,,,,
slender,adj.,"修长的,细长的,苗条的;微小的,微薄的",,,,,,,,,,,,,
slice,n.,"薄片,切片;一份;部分切(片)",,,,,,,,,,,,,
slide,v.,(使)滑动,n.,"滑坡,滑道;滑,滑动;幻灯片",,,,,,,sliding,slid,slid,,
slight,adj.,"轻微的,微小的;纤细的,瘦弱的",,,,,,,,,,,,,
slim,adj.,苗条的;(机会)少的,v.,"减轻体重,变苗条",,,,,,,slimming,slimmed,slimmed,,
slip,v.,"滑,滑倒;滑掉;溜走",n.,"疏忽,小错, 口误,笔误",,,,,,,slipping,slipped,slipped,,
slippage,n.,滑动，滑移；下降，贬值；延误,,,,,,,,,,,,,非大纲单词
slipper,n.,"便鞋,拖鞋",,,,,,,,,,,,,
slippery,adj.,"滑的,滑溜的",,,,,,,,,,,,,
slit,v.,"切开,截开,纵割",n.,"细长裂缝,狭长切口",,,,,,,slitting,slit,slit,,
slogan,n.,"标语, 口号",,,,,,,,,,,,,
slope,n.,"斜坡,斜面;倾斜,斜度",v.,(使)倾斜,,,,,,,sloping,sloped,sloped,,
slot,n.,狭缝；空位,vt.,放入狭缝中；把…纳入,,,,,,,slotting,slotted,slotted,,
slow,adj.,"慢的,不活跃的",v.,"(down)(使)放慢,减速",,,,,,,slowing,slowed,slowed,,
slum,n.,"贫民窟,贫民区,陋巷",,,,,,,,,,,,,
sly,adj.,"狡猾的,偷偷摸摸的",,,,,,,,,,,,,
small,adj.,小的；年幼的；不重要的；小规模(经营)的,,,,,,,,,,,,,
smart,adj.,漂亮的;聪明的;巧妙的,v.,"剧痛,刺疼",,,,,,,smarting,smarted,smarted,,
smash,v.&n.,"打碎,粉碎",,,,,,,,,smashing,smashed,smashed,,
smell,n.,气味;嗅觉,v.,"嗅, 闻到;散发(…的)气味",,,,,,,smelling,smelt/smelled,smelt/smelled,,
smile,n.,微笑，笑容,vi.,微笑，露出笑容,,,,,,,smiling,smiled,smiled,,
smog,n.,烟雾,,,,,,,,,,,,,
smoke,n.,"烟,烟尘;吸烟,抽烟",v.,"抽(烟);冒烟, 冒气",,,,,,,smoking,smoked,smoked,,
smooth,adj.,光滑的;顺利的;柔和的,v.,(over)掩饰,,,,,,,smoothing,smoothed,smoothed,,
smuggle,v.,走私;偷运,,,,,,,,,smuggling,smuggled,smuggled,,
snack,n.,"快餐,小吃,点心",,,,,,,,,,,,,
snake,n.,蛇,,,,,,,,,,,,,
snap,v.,啪地移动；(使）突然断开，断开（成两截),,,,,,,,,snapping,snapped,snapped,,
snatch,n.&v.,"攫取,抢夺",,,,,,,,,snatching,snatched,snatched,,
sneak,vi.,偷偷地走，溜,vt.,偷偷地做(或拿、吃),,,,,,,sneaking,sneaked,sneaked,,
sneeze,vi.,打喷嚏，发喷嚏声,n.,喷嚏,,,,,,,sneezing,sneezed,sneezed,,
sniff,vi.,嗅…味道；抽鼻涕；对嗤之以鼻，蔑视,,,,,,,,,sniffing,sniffed,sniffed,,
snow,n.,雪，下雪,vi.,下雪；如雪一般地落下,,,,,,,snowing,snowed,snowed,,
snowstorm,n.,暴风雪,,,,,,,,,,,,,
so,adv.,那么；非常；也；不错,conj.,因此；以便,,,,,,,,,,,
so-called,adj.,(贬)所谓的，号称的,,,,,,,,,,,,,
soak,v.,"浸泡,浸湿,浸透",,,,,,,,,soaking,soaked,soaked,,
soap,n.,肥皂,,,,,,,,,,,,,
soar,vi.,(指鸟等)高飞，翱翔；飞涨；高耸,,,,,,,,,soaring,soared,soared,,
sob,v.&n.,"哭泣,呜咽",,,,,,,,,sobbing,sobbed,sobbed,,
sober,adj.,"清醒的;认真的,冷静的,适度的",,,,,,,,,,,,,
sobering,adj.,使人清醒的，令人警醒的,,,,,,,,,,,,,非大纲单词
soccer,n.,足球,,,,,,,,,,,,,
sociable,adj.,好交际的，友好的，合群的,,,,,,,,,,,,,
social,adj.,社会的;交际的,,,,,,,,,,,,,
socialism,n.,社会主义,,,,,,,,,,,,,
society,n.,"社会;社团,协会,社;社交界,上流社会",,,,,,,,,,,,,
sociology,n.,社会学,,,,,,,,,,,,,
sock,n.,(pl.)短袜,,,,,,,,,,,,,
soda,n.,"苏打,汽水",,,,,,,,,,,,,
sofa,n.,长沙发，沙发,,,,,,,,,,,,,
soft,adj.,"软的;温柔的;细嫩的,光滑的;不含酒精的",,,,,,,,,,,,,
software,n.,软件,,,,,,,,,,,,,
soil,n.,"泥土,土地,土壤",v.,"弄脏,(使)变脏",,,,,,,soiling,soiled,soiled,,
solar,adj.,"太阳的, 日光的",,,,,,,,,,,,,
soldier,n.,"士兵,军人",,,,,,,,,,,,,
sole,adj.,"单独的,唯一的",n.,"脚垫,鞋底",,,,,,,,,,,
solemn,adj.,"庄严的, 隆重的;严肃的",,,,,,,,,,,,,
solid,adj.,"固体的;结实的,稳固的,可靠的",n.,固体,,,,,,,,,,,
solidarity,n.,团结；休戚相关,,,,,,,,,,,,,
solitary,adj.,(好)孤独的；偏僻的；单一的，唯一的,,,,,,,,,,,,,
solo,n.,独奏,adj.&adv.,单独的(地)；独唱的(地),,,,,,,,,,,
soluble,adj.,可溶的,,,,,,,,,,,,,
solution,n.,"解答,解决办法;溶解,溶液",,,,,,,,,,,,,
solve,v.,"解决,解答",,,,,,,,,solving,solved,solved,,
some,adj.,几个；一些；有些；某(人或物),pron.,一些,,,,,,,,,,,
somebody,pron.,某人，有人,n.,重要人物,,,,,,,,,,,
somehow,adv.,以某种方式，用某种方法；不知怎么地,,,,,,,,,,,,,
someone,pron.,某人(=somebody),,,,,,,,,,,,,
something,pron.,某事，某物；被视为有意义的事物,,,,,,,,,,,,,
sometime,adv.,将来(或过去)某个时候,adj.,以前的,,,,,,,,,,,
sometimes,adv.,不时，有时，间或,,,,,,,,,,,,,
somewhat,pron.&adv.,一点儿，几分,,,,,,,,,,,,,
somewhere,adv.,某地，在某处；在附近，前后，大约,,,,,,,,,,,,,
son,n.,儿子；孩子(长者对年青或年幼男子的称呼),,,,,,,,,,,,,
song,n.,歌唱，(虫、鸟等)鸣声；歌曲，歌词,,,,,,,,,,,,,
soon,adv.,不久，即刻；快，早,,,,,,,,,,,,,
sophisticated,adj.,"尖端的,复杂的,先进的;老练的,老于世故的",,,,,,,,,,,,,
sophomore,n.,(中学、大学)二年级学生,,,,,,,,,,,,,
sore,adj.,疼痛的;痛心的,n.,"痛处,疮口",,,,,,,,,,,
sorrow,n.,"悲衰,悲痛",,,,,,,,,,,,,
sorry,adj.,对不起，抱歉的；难过，悔恨的；使人伤心,,,,,,,,,,,,,
sort,n.,"种类,类别",v.,"分类,整理",,,,,,,sorting,sorted,sorted,,
soul,n.,"灵魂,心灵;精神,精力;人",,,,,,,,,,,,,
sound,n.,声音,v.,"发声,响",adj.,"健全的,完好的;正当的",,,,,sounding,sounded,sounded,,
soup,n.,汤,,,,,,,,,,,,,
sour,adj.,酸的;发酸的;酸痛的;脾气坏的;刻薄的,,,,,,,,,,,,,
source,n.,"源,源泉;来源, 出处",,,,,,,,,,,,,
south,n.,"南,南方,南部",adj.,"南方的,南部的",,,,,,,,,,,
southeast,n.&adj.,"东南(的),东南部(的)",,,,,,,,,,,,,
southern,adj.,"南方的,南部的",,,,,,,,,,,,,
southwest,n.&adj.,"西南(的),西南部(的)",,,,,,,,,,,,,
sovereign,adj.,独立的，有主权的,n.,君主，国王，统治者,,,,,,,,,,,
sow,v.,播种,,,,,,,,,sowing,sowed,sown/sowed,,
space,n.,"间隔;空地,余地;空间",v.,"留间隔, 隔开",,,,,,,spacing,spaced,spaced,,
spacecraft,n.,宇宙飞船,,,,,,,,,,,,,
spaceship,n.,宇宙飞船,,,,,,,,,,,,,
spacious,adj.,广阔的，宽敞的,,,,,,,,,,,,,
spade,n.,"铁锹,铲子",,,,,,,,,,,,,
span,n.,"跨度,跨距",,,,,,,,,,,,,
spare,adj.,"多余的,备用的",v.,"节约,节省;抽出(时间)",,,,,,,sparing,spared,spared,,
spark,n.,"火花,火星",v.,"发火花,发电花",,,,,,,sparking,sparked,sparked,,
sparkle,v.,"发火花, 闪耀",,,,,,,,,sparkling,sparkled,sparkled,,
spatial,adj.,空间的，空间上的,,,,,,,,,,,,,非大纲单词
speak,v.,说话，讲话；演说，发言；(in)说某种语言,,,,,,,,,speaking,spoke,spoken,,
speaker,n.,说话者，发言者；说某种语言者；扬声器,,,,,,,,,,,,,
spear,n.,"矛,枪",,,,,,,,,,,,,
special,adj.,"特殊的,专门的;附加的,额外的",,,,,,,,,,,,,
specialist,n.,专家,,,,,,,,,,,,,
speciality,n.,(specialty)特性，性质；专业/长；特产,,,,,,,,,,,,,
specialize,v.,"(specialise)(in)专攻,专门研究,专业化",,,,,,,,,specializing,specialized,specialized,,
species,n.,"(物)种,种类",,,,,,,,,,,,,
specific,adj.,"明确的,具体的;特定的,特有的",,,,,,,,,,,,,
specification,n.,"详述;(常 pl.)规格,说明书,规范",,,,,,,,,,,,,
specify,v.,"指定,详细说明",,,,,,,,,specifying,specified,specified,,
specimen,n.,"标本,样本",,,,,,,,,,,,,
spectacle,n.,"(pl.)眼镜;场面,景象;奇观,壮观",,,,,,,,,,,,,
spectacular,adj.,"壮观的, 引人注目的",n.,壮观的演出,,,,,,,,,,,
spectator,n.,"观众,旁观者",,,,,,,,,,,,,
spectrum,n.,谱，光谱，频谱；范围，幅度，系列,,,,,,,,,,,,,
speculate,vi.,思索；推测,vt.,投机；思索，推测,,,,,,,speculating,speculated,speculated,,
speech,n.,"演说,讲话;言语,语言",,,,,,,,,,,,,
speed,n.,"速度,快",v.,"迅速,前进,急行;加速,使加速",,,,,,,speeding,sped/speeded,sped/speeded,,
spell,v.,拼写,,,,,,,,,spelling,spelt/spelled,spelt/spelled,,
spelling,n.,"拼法,拼写法",,,,,,,,,,,,,
spend,v.,"花费;消耗,用尽;度过,消磨",,,,,,,,,spending,spent,spent,,
sphere,n.,"球,球体;范围,领域",,,,,,,,,,,,,
spicy,adj.,加很多香料的；(口味)浓郁的,,,,,,,,,,,,,
spider,n.,蜘蛛,,,,,,,,,,,,,
spill,v.,"溢出,溅出",n.,"摔下,跌下",,,,,,,spilling,spilt/spilled,spilt/spilled,,
spin,v.,"旋转;纺纱;织网,吐丝",n.,旋转;自转,,,,,,,spinning,spun,spun,,
spine,n.,脊柱，脊椎；(动植物的)刺；书脊,,,,,,,,,,,,,
spiral,adj.,螺旋形的,n.,螺旋，螺线,v.,螺旋上升；盘旋,,,,,spiraling,spiraled,spiraled,,
spirit,n.,"精神;志气;(pl.)情绪,心情;(pl.)酒精",,,,,,,,,,,,,
spiritual,adj.,"精神(上)的,心灵的",,,,,,,,,,,,,
spit,v.,"吐(唾沫),吐痰",n.,唾液,,,,,,,spitting,spat/spit,spat/spit,,
spite,n.,恶意;怨恨,,,,,,,,,,,,,
splash,v.,"溅,泼",n.,"溅,飞溅声",,,,,,,splashing,splashed,splashed,,
splendid,adj.,"壮丽的,辉煌的;极好的",,,,,,,,,,,,,
split,v.,"裂开,劈开;分裂,分离",n.,"分化,分裂,裂口",,,,,,,splitting,split,split,,
spoil,v.,"损坏,搞错;宠坏,溺爱",,,,,,,,,spoiling,spoilt/spoiled,spoilt/spoiled,,
spokesman,n.,发言人,,,,,,,,,,,,,
sponge,n.,海绵,,,,,,,,,,,,,
sponsor,n.,"发起人,主力者,保证人",v.,"发起,主办",,,,,,,sponsoring,sponsored,sponsored,,
spontaneous,adj.,"自发的, 自然产生的",,,,,,,,,,,,,
spoon,n.,"匙,调羹",,,,,,,,,,,,,
sport,n.,(体育)运动(pl.)运动会,vi.,开玩笑；玩耍,,,,,,,sporting,sported,sported,,
sportsman,n.,爱好运动的人；运动员,,,,,,,,,,,,,
spot,n.,斑点;地点,v.,"认出,认清,发现;玷污,弄脏",,,,,,,spotting,spotted,spotted,,
spouse,n.,配偶(指夫或妻),,,,,,,,,,,,,
spray,n.,"喷雾,飞沫,浪花,水花",v.,"喷,喷射",,,,,,,spraying,sprayed,sprayed,,
spread,v.&n.,"伸开,伸展;散布,传播",,,,,,,,,spreading,spread,spread,,
spring,n.,"春;跳;泉,源泉;弹簧,发条",v.,"跳,跳跃",,,,,,,springing,sprang/sprung,sprung,,
sprinkle,n.,"洒,喷,淋",,,,,,,,,,,,,
sprout,vi.,发芽，抽条,vt.,使发芽,n.,新芽，嫩苗,,,,,sprouting,sprouted,sprouted,,
spur,n.,"靴刺,马刺;刺激,刺激物",v.,"刺激,激励",,,,,,,spurring,spurred,spurred,,
spy,n.,间谍,v.,"当间谍,刺探;察觉,发现",,,,,,,spying,spied,spied,,
square,n.,正方形;广场,adj.,正方形的,v.,使成方形,,,,,squaring,squared,squared,,
squeeze,v.,"压榨,挤",n.,"榨取,勒索",,,,,,,squeezing,squeezed,squeezed,,
squirrel,n.,松鼠,,,,,,,,,,,,,
stab,v.&n.,"刺,戳",,,,,,,,,stabbing,stabbed,stabbed,,
stability,n.,"稳定,安定",,,,,,,,,,,,,
stable,adj.,"稳定的,安定的",n.,"马厩,马棚",,,,,,,,,,,
stack,n.,"堆,一堆",v.,"堆积,堆起",,,,,,,stacking,stacked,stacked,,
stadium,n.,体育场,,,,,,,,,,,,,
staff,n.,"全体职工;杠,棒;参谋部",v.,配备工作人员,,,,,,,staffing,staffed,staffed,,
stage,n.,"舞台,戏剧;阶段,时期",,,,,,,,,,,,,
stagger,vi.,摇晃着移动;蹒跚,n.,摇晃不稳的动作;蹒跚,,,,,,,staggering,staggered,staggered,,
stain,n.,"污点,瑕疵",v.,沾污;染色,,,,,,,staining,stained,stained,,
stair,n.,(pl.)楼梯,,,,,,,,,,,,,
staircase,n.,(stairway)楼梯,,,,,,,,,,,,,
stake,n.,"桩,标桩;赌注,利害关系",,,,,,,,,,,,,
stale,n.,"变质的,不新鲜的;陈旧的,陈腐的",,,,,,,,,,,,,
stalk,n.,茎，梗,vt.,悄悄地跟踪,vi.,高视阔步地走,,,,,stalking,stalked,stalked,,
stall,n.,"货摊;畜栏,厩",v.,"(使)停转,(使)停止",,,,,,,stalling,stalled,stalled,,
stamp,n.,邮票;印;跺脚;标志,v.,"跺脚,顿足;盖章",,,,,,,stamping,stamped,stamped,,
stand,vi.,站立；位于；经受,n.,台，座；货摊；立场,,,,,,,standing,stood,stood,,
standard,n.,"标准,规则",adj.,标准的,,,,,,,,,,,
standpoint,n.,"立场,观点",,,,,,,,,,,,,
staple,n.,主要产品；名产；纤维；主要成分，主食,,,,,,,,,,,,,
star,n.,星；恒星；明星,v.,用星号标出；扮演主角,,,,,,,starring,starred,starred,,
stare,v.,"(at)盯,凝视",,,,,,,,,staring,stared,stared,,
start,v.,"开始;动身;吃惊;开办,开动",n.,开端;惊起,,,,,,,starting,started,started,,
startle,v.,"惊吓,使吃惊",,,,,,,,,startling,startled,startled,,
starve,v.,"(使)饿死,饿得慌,挨饿",,,,,,,,,starving,starved,starved,,
state,n.,"状态,情况;国,州",v.,"陈述,说明",,,,,,,stating,stated,stated,,
statement,n.,"声明,陈述",,,,,,,,,,,,,
statesman,n.,"政治家, 国务活动家",,,,,,,,,,,,,
static,adj.,"(statical)静态的,静力的",,,,,,,,,,,,,
station,n.,"车站;所,站,局;身份,地位",v.,"安置,驻扎",,,,,,,stationing,stationed,stationed,,
stationary,adj.,"静止的, 固定的",,,,,,,,,,,,,
stationery,n.,文具,,,,,,,,,,,,,
statistical,adj.,"统计的,统计学的",,,,,,,,,,,,,
statue,n.,"塑像,雕像",,,,,,,,,,,,,
status,n.,"地位,身份;情形,状况",,,,,,,,,,,,,
statute,n.,成文法，法令，法规；章程，规则，条例,,,,,,,,,,,,,
stay,vi.,逗留；保持,vt.,停止，延缓,n.,逗留，停留,,,,,staying,stayed,stayed,,
steady,adj.,"稳定的,不变的;坚定的",v.,(使)稳固/稳定,,,,,,,steadying,steadied,steadied,,
steak,n.,牛排；大块肉(或鱼)片,,,,,,,,,,,,,
steal,v.,"偷,窃取;偷偷地做,巧取",,,,,,,,,stealing,stole,stolen,,
steam,n.,"水汽,蒸汽,水蒸气",v.,蒸发;蒸;用蒸汽开动,,,,,,,steaming,steamed,steamed,,
steamer,n.,"汽船,轮船",,,,,,,,,,,,,
steel,n.,钢,,,,,,,,,,,,,
steep,adj.,陡峭的；险峻的；急剧升降的,vt.,"浸泡,沉浸",,,,,,,steeping,steeped,steeped,,
steer,vt.,驾驶，为…操舵；引导,vi.,驾驶,,,,,,,steering,steered,steered,,
stem,n.,茎，干,vt.,堵(挡)住,vi.,起源于，由…造成,,,,,stemming,stemmed,stemmed,,
step,n.,"步;台阶,梯级;步骤,措施",v.,"踏,走,举步",,,,,,,stepping,stepped,stepped,,
stereo,n.,立体声音响；立体声装置,n.&adj.,立体声(的),,,,,,,,,,,
stereotype,n.,陈规，老套，模式化,vt.,使定型，使模式化,,,,,,,stereotyping,stereotyped,stereotyped,,
stern,adj.,"严厉的;坚决的,坚定的",n.,"船尾,舟尾",,,,,,,,,,,
steward,n.,乘务员，服务员；看管人；膳食管理员,,,,,,,,,,,,,
stick,n.,"棍,棒,手杖",v.,"刺,戳,扎;粘贴",,,,,,,sticking,stuck,stuck,,
sticky,adj.,粘的，粘性的；棘手的；(道路)泥泞的,,,,,,,,,,,,,
stiff,adj.,"硬的,僵直的;拘谨的;呆板的;艰难的",,,,,,,,,,,,,
still,adj.,静止的，寂静的,adv.,还，仍然；更；安静地,,,,,,,,,,,
stimulate,v.,"刺激,使兴奋;激励,鼓舞",,,,,,,,,stimulating,stimulated,stimulated,,
sting,v.&n.,"刺,刺痛,剧痛;刺,叮",,,,,,,,,stinging,stung,stung,,
stir,v.,"搅拌,搅动;动,摇动;激动;轰动;煽动,鼓动",,,,,,,,,stirring,stirred,stirred,,
stitch,n.,一针；(因跑步引起的)肋部剧痛,v.,缝(合),,,,,,,stitching,stitched,stitched,,
stock,n.,"备料,库存,现货;股票,公债",v.,储存,,,,,,,stocking,stocked,stocked,,
stocking,n.,长(统)袜,,,,,,,,,,,,,
stomach,n.,胃，胃口；肚子，腹部,vt.,承受，忍受,,,,,,,stomaching,stomached,stomached,,
stone,n.,石，石头；岩石，矿石；(水果的)核、子,,,,,,,,,,,,,
stool,n.,凳子；(pl.)大便,,,,,,,,,,,,,
stoop,v.,"弯腰,俯身",n.,"弯腰, 曲背",,,,,,,stooping,stooped,stooped,,
stop,v.,"停止;塞住;阻止, 阻挠;逗留",n.,停车站;停止,,,,,,,stopping,stopped,stopped,,
storage,n.,"贮藏(量),保管;库房",,,,,,,,,,,,,
store,n.,"商店,店铺;贮藏,贮备品",v.,"贮藏,贮备",,,,,,,storing,stored,stored,,
storey,n.,"(story)楼,层",,,,,,,,,,,,,
storm,n.,"暴风雨,暴风雪;激动,爆发",v.,"猛攻,直捣",,,,,,,storming,stormed,stormed,,
story,n.,"故事,传说,小说;(=storey)楼层",,,,,,,,,,,,,
stove,n.,"炉子,火炉",,,,,,,,,,,,,
straight,adj.,"直的;整齐的,端正的",adv.,"直接;正直,直率",,,,,,,,,,,
straightforward,adj.,"正直的;简单的, 易懂的",adv.,坦率地,,,,,,,,,,,
strain,v.,拉紧;紧张;扭伤;竭尽全力,n.,拉紧;负担,,,,,,,straining,strained,strained,,
strange,adj.,"奇怪的,奇异的;陌生的,生疏的;外地的",,,,,,,,,,,,,
stranger,n.,"陌生人,生客;外地人,外国人",,,,,,,,,,,,,
strap,n.,皮带，带子,v.,用带扣住，束牢；用绷带包扎,,,,,,,strapping,strapped,strapped,,
strategic,adj.,战略的，战略上的；关键的,,,,,,,,,,,,,非大纲单词
strategy,n.,战略，策略；对策，政策,,,,,,,,,,,,,
straw,n.,"稻草,麦杆;吸管",,,,,,,,,,,,,
strawberry,n.,草莓,,,,,,,,,,,,,
stream,n.,"小河,溪流;流,一股,一串",v.,"流出,涌",,,,,,,streaming,streamed,streamed,,
streamline,adj.,流线型的,vt.,使成流线型；使合理化,,,,,,,streamlining,streamlined,streamlined,,
street,n.,街，街道；行车道,,,,,,,,,,,,,
strength,n.,力，力量；实力；长处，优点；人力；兵力,,,,,,,,,,,,,
strengthen,v.,"加强,巩固",,,,,,,,,strengthening,strengthened,strengthened,,
strenuous,adj.,费力的，艰辛的；奋发的，努力的,,,,,,,,,,,,,
stress,n.,压力；重要性；应力；重音,vt.,强调，重读,,,,,,,stressing,stressed,stressed,,
stretch,v.,伸展，延伸,n.,拉长；伸展；一段时间/路程,,,,,,,stretching,stretched,stretched,,
strict,adj.,"(with)严格的,严厉的;严谨的,精确的",,,,,,,,,,,,,
stride,vi.,大踏步走；跨越,n.,一大步(pl.)长足进步,,,,,,,striding,strode,stridden,,
strife,n.,争吵；冲突，斗争；竞争,,,,,,,,,,,,,
strike,n.&vi.,罢工,vt.,打，击；攻击；给…深刻印象,,,,,,,striking,struck,struck/stricken,,
striking,adj.,显著的；惹人注目的，容貌出众的,,,,,,,,,,,,,
string,n.,"弦,线,细绳;(一串),(一行)",v.,"缚,捆",,,,,,,stringing,strung,strung,,
strip,v.,"剥,剥去",n.,"窄条,条纹",,,,,,,stripping,stripped,stripped,,
stripe,n.,长条，条纹；军服上表示军阶的臂章条纹,,,,,,,,,,,,,
strive,v.,"奋斗,努力",,,,,,,,,striving,strove,striven,,
stroke,n.,击;报时的钟声;一击/划/笔;中风,v.,抚摸,,,,,,,stroking,stroked,stroked,,
stroll,n.&v.,漫步；散步；游荡,,,,,,,,,strolling,strolled,strolled,,
strong,adj.,"强壮的,强大的;强烈的,浓的",,,,,,,,,,,,,
structure,n.,"结构,构造;建筑物",v.,"构造,建造",,,,,,,structuring,structured,structured,,
struggle,n.&v.,"斗争,奋斗,努力",,,,,,,,,struggling,struggled,struggled,,
stubborn,adj.,"顽固的,倔强的;难对付的,难以克服的",,,,,,,,,,,,,
student,n.,(大中学校的)学生；研究者，学者,,,,,,,,,,,,,
studio,n.,画室;播音室;(电影)制片厂,,,,,,,,,,,,,
study,vt.,学习；研究；细看,vi.,读书,n.,学习；研究,,,,,studying,studied,studied,,
stuff,n.,"原料,材料,东西",v.,"填满,塞满",,,,,,,stuffing,stuffed,stuffed,,
stumble,n.,跌倒，绊倒,vi.,绊(摔)倒；结结巴巴说,,,,,,,stumbling,stumbled,stumbled,,
stun,vt.,使…失去知觉；使目瞪口呆，使吃惊,,,,,,,,,stunning,stunned,stunned,,
stupid,adj.,"愚蠢的,迟钝的",,,,,,,,,,,,,
sturdy,adj.,坚定的，不屈不挠的；强健的，结实的,,,,,,,,,,,,,
style,n.,"风格,文体;式样,时式,类型",,,,,,,,,,,,,
subject,n.,主题;学科,adj.,隶属的;易遭.. 的,v.,使隶属,,,,,subjecting,subjected,subjected,,
subjective,adj.,主观(上)的，个人的,,,,,,,,,,,,,
submarine,n.,潜水艇,adj.,"水底的,海底的",,,,,,,,,,,
submerge,v.,"沉没,淹没;潜入",,,,,,,,,submerging,submerged,submerged,,
submit,v.,"(to)使服从,屈服;(to)呈送,提交",,,,,,,,,submitting,submitted,submitted,,
subordinate,adj.,"(to)次要的,从属的;下级的",,,,,,,,,,,,,
subscribe,vi.,(to)订阅，订购；同意,vt.,捐助，赞助,,,,,,,subscribing,subscribed,subscribed,,
subsequent,adj.,"随后的,后来的",,,,,,,,,,,,,
subsidy,n.,补助金；津贴费,,,,,,,,,,,,,
substance,n.,物质；实质，本质；主旨；财产，资产,,,,,,,,,,,,,
substantial,adj.,实质的;相当的;显著的;坚固的;富裕的,,,,,,,,,,,,,
substitute,n.,代替者；替身；代用品,v.,"(for)代替,替换",,,,,,,substituting,substituted,substituted,,
subtle,adj.,"精巧的,巧妙的;细微的,微妙的",,,,,,,,,,,,,
subtract,v.,(from)减(去),,,,,,,,,subtracting,subtracted,subtracted,,
suburb,n.,"市郊,郊区",,,,,,,,,,,,,
subway,n.,地铁；地下行人隧道,,,,,,,,,,,,,
succeed,vi.,成功；继承，接替,vt.,接替；继…之后,,,,,,,succeeding,succeeded,succeeded,,
success,n.,成就，成功；成功的事物，有成就的人,,,,,,,,,,,,,
successful,adj.,圆满的；顺利的；成功的,,,,,,,,,,,,,
succession,n.,"连续,系列;继任,继承",,,,,,,,,,,,,
successive,adj.,"接连的,连续的",,,,,,,,,,,,,
successor,n.,接替的人或事物，继任者,,,,,,,,,,,,,
such,adj.,这样的;上述的,adv.,那么,pron.,这样的人/事物,,,,,,,,,
suck,v.&n.,吸，舐；吸收(取),,,,,,,,,sucking,sucked,sucked,,
sudden,adj.,出乎意料的，突然的,,,,,,,,,,,,,
sue,v.,"控告,对…提出诉讼,起诉",,,,,,,,,suing,sued,sued,,
suffer,v.,"(from)受痛苦,患病;受损失;遭受;忍受",,,,,,,,,suffering,suffered,suffered,,
suffice,v.,充足，足够,vt.,(食物等)使(某人)满足,,,,,,,sufficing,sufficed,sufficed,,
sufficient,adj.,"(for)足够的,充分的(比 enough 拘谨、正式)",,,,,,,,,,,,,
sugar,n.,糖，食糖,vt.,加糖于,,,,,,,sugaring,sugared,sugared,,
suggest,v.,"建议,提出；使联想,使想起；暗示",,,,,,,,,suggesting,suggested,suggested,,
suggestion,n.,建议，意见；细微的迹象；暗示，联想,,,,,,,,,,,,,
suicide,n.,自杀；给自己带来恶劣后果的行为,,,,,,,,,,,,,
suit,v.,"合适,适合;相配,适应",n.,一套西服;诉讼,,,,,,,suiting,suited,suited,,
suitable,adj.,"(for)合适的,适宜的",,,,,,,,,,,,,
suite,n.,套间；一套家具；套，组，系列,,,,,,,,,,,,,
sulfur,n.,(sulphur)硫,,,,,,,,,,,,,
sum,n.,"总数,和;金额;算术题;要旨",v.,"合计,总计",,,,,,,summing,summed,summed,,
summarize,v.,"(summarise)概括,总结",,,,,,,,,summarizing,summarized,summarized,,
summary,n.,"摘要,概要",adj.,"概括的,简略的",,,,,,,,,,,
summer,n.,夏天，夏季,adj.,夏季的,,,,,,,,,,,
summit,n.,顶，最高点；颠峰，高峰；最高级会议,,,,,,,,,,,,,
summon,v.,"召唤;传讯,传唤;鼓起(勇气),振作(精神)",,,,,,,,,summoning,summoned,summoned,,
sun,n.,太阳；恒星；美国 Sun 公司,,,,,,,,,,,,,
Sunday,n.,星期日,,,,,,,,,,,,,
sunrise,n.,日出，拂晓；朝霞,,,,,,,,,,,,,
sunset,n.,日落，傍晚；晚霞,,,,,,,,,,,,,
sunshine,n.,"日光, 日照；晴天",,,,,,,,,,,,,
super,adj.,"极好的,超级的",,,,,,,,,,,,,
superb,adj.,"极好的,杰出的；华丽的",,,,,,,,,,,,,
superficial,adj.,"表面的;肤浅的,浅薄的",,,,,,,,,,,,,
superfluous,adj.,多余的，过剩的,,,,,,,,,,,,,
superior,adj.,"优良的,卓越的;上级的",n.,上级;长者;高手,,,,,,,,,,,
superiority,n.,优越(性)，优势，优等；高傲，傲慢,,,,,,,,,,,,,
supermarket,n.,超级市场,,,,,,,,,,,,,
supersonic,adj.,"超音速的,超声波的",n.,超声波，超声频,,,,,,,,,,,
superstition,n.,迷信，迷信的观念习俗,,,,,,,,,,,,,
supervise,v.,"管理,监督",,,,,,,,,supervising,supervised,supervised,,
supper,n.,晚餐,,,,,,,,,,,,,
supplement,n.,补遗;增刊;附录,v.,"增刊,补充",,,,,,,supplementing,supplemented,supplemented,,
supply,v.,"(with,to)供给,供应,补足",n.,"供应,供应量",,,,,,,supplying,supplied,supplied,,
support,n.&vt.,支撑;支持;赡养;维持,n.,支持者;支柱,,,,,,,supporting,supported,supported,,
suppose,v.,"料想,猜想;假定",conj.,假使...结果会怎样,,,,,,,supposing,supposed,supposed,,
suppress,v.,"镇压,压制;抑制,忍住;查禁",,,,,,,,,suppressing,suppressed,suppressed,,
supreme,adj.,"极度的,最重要的;至高的,最高的",,,,,,,,,,,,,
sure,adj.,肯定的；一定会…的；有信心的，有把握的,,,,,,,,,,,,,
surface,n.,表面；外表,adj.,表面的，肤浅的,,,,,,,,,,,
surge,vi.,汹涌；彭湃；蜂拥而至,n.,巨浪;汹涌;彭湃,,,,,,,surging,surged,surged,,
surgeon,n.,外科医生,,,,,,,,,,,,,
surgery,n.,"外科,外科学;手术室,诊疗室",,,,,,,,,,,,,
surname,n.,姓,,,,,,,,,,,,,
surpass,vt.,"超过,胜过",,,,,,,,,surpassing,surpassed,surpassed,,
surplus,n.,"过剩,剩余；余款,余额",adj.,"过剩的,剩余的",,,,,,,,,,,
surprise,v.,"使诧异,使惊异;奇袭",n.,"诧异,惊异;奇袭",,,,,,,surprising,surprised,surprised,,
surrender,vi.,投降，屈服,vt.,放弃，交出,n.,投降，认输,,,,,surrendering,surrendered,surrendered,,
surround,vt.,包围，环绕,n.,环绕物,,,,,,,surrounding,surrounded,surrounded,,
surroundings,n.,"周围的事物,环境",,,,,,,,,,,,,
survey,v.&n.,"俯瞰,眺望;全面审视,调查;测量图,勘定",,,,,,,,,surveying,surveyed,surveyed,,
survival,n.,"幸存,生存;幸存者,残存物",,,,,,,,,,,,,
survive,v.,"幸免于,幸存;比…长命",,,,,,,,,surviving,survived,survived,,
susceptible,adj.,易受影响的;易受感动的;易受感染的,,,,,,,,,,,,,
suspect,v.,猜想；怀疑；察觉,adj.,可疑的,n.,嫌疑犯,,,,,suspecting,suspected,suspected,,
suspend,v.,悬(浮)，挂；暂停，取消；推迟,,,,,,,,,suspending,suspended,suspended,,
suspicion,n.,怀疑，猜疑；一点儿，少量,,,,,,,,,,,,,
suspicious,adj.,"(of)可疑的,多疑的,疑心的",,,,,,,,,,,,,
sustain,vt.,"支撑,撑住;维持,持续,经受,忍耐",,,,,,,,,sustaining,sustained,sustained,,
sustainability,n.,可持续性,,,,,,,,,,,,,非大纲单词
swallow,n.,燕子;吞咽,vt.,"吞,咽;轻信;忍受",vi.,咽口水,,,,,swallowing,swallowed,swallowed,,
swamp,n.,沼泽；湿地,vt.,浸没；使…应接不暇,,,,,,,swamping,swamped,swamped,,
swan,n.,天鹅,vi.,闲荡，游荡,,,,,,,swanning,swanned,swanned,,
swarm,n.,蜂群;一大群,vi.,涌往;挤满;云集;成群移动,,,,,,,swarming,swarmed,swarmed,,
sway,vi.,摇动；倾斜,vt.,使摇动,n.,摇动；影响力,,,,,swaying,swayed,swayed,,
swear,v.,"(at)诅咒,骂人;宣誓,发誓",,,,,,,,,swearing,swore,sworn,,
sweat,n.,汗,v.,(使)出汗,,,,,,,sweating,sweat/sweated,sweat/sweated,,
sweater,n.,"毛衣,绒衣,厚运动衫",,,,,,,,,,,,,
sweep,v.,"扫,打扫;席卷,冲光;扫过,掠过",,,,,,,,,sweeping,swept,swept,,
sweet,adj.,"甜的;可爱的,美好的",n.,(常 pl.)糖果;甜食,,,,,,,,,,,
swell,n.&v.,肿胀;膨胀;增大;增加,,,,,,,,,swelling,swelled,swollen/swelled,,
swift,adj.&adv.,快的(地);敏捷的(地),adj.,立刻的,n.,雨燕,,,,,,,,,
swim,vi.,游泳;游;漂浮;眩晕;充溢,vt.,游过,n.,游泳,,,,,swimming,swam,swum,,
swing,v.,"摇摆,摇荡, 回转,旋转",n.,"秋千;摇摆,摆动",,,,,,,swinging,swung,swung,,
switch,n.,开关；转换；鞭子,v.,"转变,转换；抽打",,,,,,,switching,switched,switched,,
sword,n.,剑，刀；武力,,,,,,,,,,,,,
symbol,n.,"符号,标志;象征",,,,,,,,,,,,,
symmetry,n.,"对称(性);匀称,整齐",,,,,,,,,,,,,
sympathetic,adj.,有同情心的；赞同的,n.,交感神经,,,,,,,,,,,
sympathize,v.,"(sympathise)(with)同情;共鸣, 同感;赞成",,,,,,,,,sympathizing,sympathized,sympathized,,
sympathy,n.,同情，同情心；赞同，同感；慰问,,,,,,,,,,,,,
symphony,n.,"交响乐,交响曲",,,,,,,,,,,,,
symposium,n.,"讨论会,专题报告会;专题论文集",,,,,,,,,,,,,
symptom,n.,"(疾病的)症状；(不好事情的)征兆,表征",,,,,,,,,,,,,
syndrome,n.,综合病征；并存特性,,,,,,,,,,,,,
synthesis,n.,"(pl.syntheses)综合,合成",,,,,,,,,,,,,
synthetic,adj.,"合成的,人造的;综合的",,,,,,,,,,,,,
system,n.,系统，体系；制度；方法，方式，步聚,,,,,,,,,,,,,
systematic,adj.,"(systematical)系统的,有组织的",,,,,,,,,,,,,
table,n.,桌子;餐桌;工作台;表格,vt.,搁置;提交讨论,,,,,,,tabling,tabled,tabled,,
tablet,n.,"药片;碑,匾",,,,,,,,,,,,,
tackle,n.,"滑车;用具,器械",v.,"处理,解决;抱住,抓住",,,,,,,tackling,tackled,tackled,,
tactic,n.,"(tactics)策略,战术",,,,,,,,,,,,,
tag,n.,标签;鞋带;垂饰,vt.,加标签于;附加,vi.,紧随,,,,,tagging,tagged,tagged,,
tail,n.,尾巴；尾部；跟踪者,vt.,尾随，跟踪,,,,,,,tailing,tailed,tailed,,
tailor,n.,裁缝,v.,"缝制,剪裁",,,,,,,tailoring,tailored,tailored,,
take,v.,拿取；吃；记录；取得；花费；捕获；认为,,,,,,,,,taking,took,taken,,
tale,n.,"故事,传说",,,,,,,,,,,,,
talent,n.,"才能,天资;人才",,,,,,,,,,,,,
talk,n.,谈话；聊天；讲话；演讲,v.,说话；交谈,,,,,,,talking,talked,talked,,
tall,adj.,"(身材)高的,高大的；夸大的,离谱的",,,,,,,,,,,,,
tame,adj.,"驯服的,温顺的;沉闷的,乏味的",vt.,驯服,,,,,,,taming,tamed,tamed,,
tan,n.&adj.,(皮肤因日晒而成)棕褐色(的),vt.,晒黑,,,,,,,tanning,tanned,tanned,,
tangle,n.,纠缠；缠结；混乱,v.,(使)缠绕；变乱,,,,,,,tangling,tangled,tangled,,
tank,n.,"罐,槽,箱；坦克",vt.,储于槽中,,,,,,,tanking,tanked,tanked,,
tanker,n.,油船,,,,,,,,,,,,,
tap,n.,塞子;水龙头,n.&v.,"轻打,轻敲",vt.,开发,,,,,tapping,tapped,tapped,,
tape,n.,"带(子);录音带,磁带",v.,"录音;系,捆",,,,,,,taping,taped,taped,,
tar,n.,柏油，焦油,vt.,涂或浇柏油/焦油于,,,,,,,tarring,tarred,tarred,,
target,n.,"目标,对象,靶子",,,,,,,,,,,,,
tariff,n.,"关税,税率;(旅馆,饭店等)价目表,收费表",,,,,,,,,,,,,
task,n.,"任务,作业,工作",,,,,,,,,,,,,
taste,v.,品尝;(of)有…味道;体验,n.,滋味;味觉,,,,,,,tasting,tasted,tasted,,
tax,n.,"税(款),负担",v.,"对…征税,使负重担",,,,,,,taxing,taxed,taxed,,
taxi,n.,出租汽车,v.,[指飞机](使)滑行,,,,,,,taxiing,taxied,taxied,,
tea,n.,茶(叶)；午后茶点,,,,,,,,,,,,,
teach,vt.,教，讲授；教导(训),vi.,讲课，当教师,,,,,,,teaching,taught,taught,,
teacher,n.,教师(员)，老(导)师,,,,,,,,,,,,,
team,n.,"小队,小组",v.,协同工作,,,,,,,teaming,teamed,teamed,,
tear,n.,(pl.)眼泪,vt.,撕裂；使…分裂,vi.,破裂,,,,,tearing,tore,torn,,
tease,v.,"戏弄,取笑;挑逗",n.,(爱)戏弄他人者;戏弄,,,,,,,teasing,teased,teased,,
technical,adj.,技术(性)的，工艺的；专门性的，专业性的,,,,,,,,,,,,,
technician,n.,"技术员,技师,技工",,,,,,,,,,,,,
technique,n.,技巧，手艺，技能；技术，工艺,,,,,,,,,,,,,
technology,n.,科学技术；工业技术；应用科学,,,,,,,,,,,,,
tedious,adj.,"乏味的,单调的,冗长的",,,,,,,,,,,,,
teenager,n.,十几岁的青少年,,,,,,,,,,,,,
telegram,n.,电报,,,,,,,,,,,,,
telegraph,n.,"电报机, 电报",v.,"打电报,发电报",,,,,,,telegraphing,telegraphed,telegraphed,,
telephone,n.,"电话, 电话机",v.,打电话,,,,,,,telephoning,telephoned,telephoned,,
telescope,n.,望远镜,v.,缩短，压缩,,,,,,,telescoping,telescoped,telescoped,,
tell,vt.,告诉，讲述；告诫；吩咐，命令；辨/区别,,,,,,,,,telling,told,told,,
temper,n.,脾气；韧度,vt.,调和，使缓和；使回火,,,,,,,tempering,tempered,tempered,,
temperament,n.,气质，性格，性情；资质,,,,,,,,,,,,,
temperature,n.,温度，体温；热度，发烧,,,,,,,,,,,,,
temple,n.,"庙宇,神殿,寺;太阳穴",,,,,,,,,,,,,
tempo,n.,"节奏,行进速度;(音乐的)速度",,,,,,,,,,,,,
temporarily,adv.,暂时地，临时地,,,,,,,,,,,,,非大纲单词
temporary,adj.,"暂时的,临时的",,,,,,,,,,,,,
tempt,v.,"诱惑, 引诱;吸引,使感兴趣",,,,,,,,,tempting,tempted,tempted,,
temptation,n.,引诱，诱惑；诱惑物,,,,,,,,,,,,,
tempting,adj.,诱人的，吸引人的,,,,,,,,,,,,,非大纲单词
ten,num.,十,pron.&adj.,十(个，只...),,,,,,,,,,,
tenant,n.,承租人;房客;佃户,vt.,租借，承租,,,,,,,tenanting,tenanted,tenanted,,
tend,v.,"趋向,往往是;照料,看护",,,,,,,,,tending,tended,tended,,
tendency,n.,趋势，趋向；倾向,,,,,,,,,,,,,
tender,adj.,嫩的;敏感的;温柔的,v.,"提出,提供;投标",,,,,,,tendering,tendered,tendered,,
tennis,n.,网球,,,,,,,,,,,,,
tense,n.,时态,v.,拉紧，(使)紧张,adj.,绷紧的，紧张的,,,,,tensing,tensed,tensed,,
tension,n.,(紧张)状态；拉(绷)紧；张力，拉力,,,,,,,,,,,,,
tent,n.,帐篷,,,,,,,,,,,,,
tentative,adj.,试探性的，暂时的；犹豫不决的,,,,,,,,,,,,,
term,n.,"学期;期限,期间;(pl.)条件,条款;术语",,,,,,,,,,,,,
terminal,adj.,晚期的;终点的;期末的,n.,终点(站);终端,,,,,,,,,,,
terminate,vi.,(使)结束，(使)停止,,,,,,,,,terminating,terminated,terminated,,
terrible,adj.,"很糟的;可怕的,骇人的;极度的,厉害的",,,,,,,,,,,,,
terrific,adj.,"极好的,非常的,极度的",,,,,,,,,,,,,
terrify,v.,"使害怕,使惊恐",,,,,,,,,terrifying,terrified,terrified,,
territory,n.,"领土;版图;领域,范围",,,,,,,,,,,,,
terror,n.,恐怖;可怕的人(事),,,,,,,,,,,,,
test,n.&vt.,试验；检验；测验,,,,,,,,,testing,tested,tested,,
testify,v.,作证，证明；(to)表明，说明,,,,,,,,,testifying,testified,testified,,
testimony,n.,"证据,证词;表明,说明",,,,,,,,,,,,,
text,n.,正文，文本；原文；教科书,,,,,,,,,,,,,
textbook,n.,"课本,教科书",,,,,,,,,,,,,
textile,n.,纺织品,adj.,纺织的,,,,,,,,,,,
texture,n.,(织物)质地；(材料)构造；结构；肌理,,,,,,,,,,,,,
than,conj.,(用于形容词，副词的比较级之后)比,,,,,,,,,,,,,
thank,vt.,感谢,interj.,[-s]谢谢,n.,[pl.]感谢(意),,,,,thanking,thanked,thanked,,
Thanksgiving,n.,感恩节,,,,,,,,,,,,,
that,adj.&pron.,那，那个,adv.,那么,conj.,[引导从句],,,,,,,,,
the,art.,这(那)个;这(那)些(指特定的人或物),,,,,,,,,,,,,
theater,n.,(theatre)戏院;戏剧;阶梯教室,,,,,,,,,,,,,
theft,n.,偷窃(行为)，偷窃罪,,,,,,,,,,,,,
their,pron.,.[they 的所有格]他(她、它)们的,,,,,,,,,,,,,
theirs,pron.,[they 的物主代词]他(她、它)们的,,,,,,,,,,,,,
them,pron.,他们/她们/它们(they 的宾格形式),,,,,,,,,,,,,
theme,n.,题目，主题；主旋律，基调,,,,,,,,,,,,,
themselves,pron.,他(她、它)们自己；他(她、它)们亲自,,,,,,,,,,,,,
then,adv.,当时，在那时；然后，于是；那么，因而,,,,,,,,,,,,,
theoretical,adj.,理论(上)的,,,,,,,,,,,,,
theory,n.,"理论,原理;学说,见解,看法",,,,,,,,,,,,,
therapy,n.,治疗，(不需要药物或手术的)物理疗法,,,,,,,,,,,,,
there,adv.,"在那儿；往那儿；[作引导词表示""存在""]",,,,,,,,,,,,,
thereafter,adv.,"此后, 以后",,,,,,,,,,,,,
thereby,adv.,"因此,从而",,,,,,,,,,,,,
therefore,adv.,因此，所以,conj.,因此,,,,,,,,,,,
thermal,adj.,"热的,热力的；(小规模的)上升气流",,,,,,,,,,,,,
thermometer,n.,温度计,,,,,,,,,,,,,
these,pron.&adj.,[this 的复数]这些；这些人(东西),,,,,,,,,,,,,
thesis,n.,(pl.theses)论文;论题;论点,,,,,,,,,,,,,
they,pron.,他(她)们；人们,,,,,,,,,,,,,
thick,adj.,厚的，粗的，稠的，浓的,adv.,厚，浓，密,,,,,,,,,,,
thief,n.,(thieves)贼；小偷,,,,,,,,,,,,,
thigh,n.,大腿；股骨,,,,,,,,,,,,,
thin,adj.,"薄的,细的;稀薄的,淡的;瘦的",v.,变薄;变稀,,,,,,,thinning,thinned,thinned,,
thing,n.,物，东西；事，事情；所有物；局面，情况,,,,,,,,,,,,,
think,v.,想，思索；认为，以为；想要；料想，预料,,,,,,,,,thinking,thought,thought,,
third,num.,第三(个)，三分之一(的),,,,,,,,,,,,,
thirst,n.,"渴, 口渴;(for)渴望,热望",,,,,,,,,,,,,
thirsty,adj.,"口渴的;(for)渴望的,热望的",,,,,,,,,,,,,
thirteen,num.&adj.,十三,pron.,十三(个，只...),,,,,,,,,,,
thirty,num.,三十，三十个(人或物),,,,,,,,,,,,,
this,pron.,这(个),adj.,这(个)；今,adv.,这(样),,,,,,,,,
thorn,n.,"刺,荆棘",,,,,,,,,,,,,
thorough,adj.,"彻底的,完全的;精心的",,,,,,,,,,,,,
those,pron.&adj.,[that 的复数]那些；那些人(东西),,,,,,,,,,,,,
though,adv.,可是，然而，不过,conj.,尽管，虽然,,,,,,,,,,,
thought,n.,思想，思考，思维；意图，打算；想法,,,,,,,,,,,,,
thoughtful,adj.,"认真思考的,沉思的;体贴的,关心的",,,,,,,,,,,,,
thousand,num.&n.&adj.,一千；[pl.]许许多多，成千上万,,,,,,,,,,,,,
thread,n.,"线,细丝;线索,思路;螺纹",v.,"穿线,穿过",,,,,,,threading,threaded,threaded,,
threat,n.,"恐吓,威胁;坏兆头,危险迹象",,,,,,,,,,,,,
threaten,v.,"恐吓,威胁;有…危险,快要来临",,,,,,,,,threatening,threatened,threatened,,
three,num.,三,pron.&adj.,三(个，只...),,,,,,,,,,,
threshold,n.,"门槛;入门,开端",,,,,,,,,,,,,
thrift,adj.,节约，节俭,,,,,,,,,,,,,
thrill,n.,一阵激动(恐惧),v.,激动；(使)毛骨悚然,,,,,,,thrilling,thrilled,thrilled,,
thrive,v.,"兴旺,繁荣",,,,,,,,,thriving,throve/thrived,thriven/thrived,,
throat,n.,"咽喉,嗓子",,,,,,,,,,,,,
throne,n.,御座，宝座；王位，王权,,,,,,,,,,,,,
through,prep.&adv.,穿过；自始至终；由，以,adj.,直达的,,,,,,,,,,,
throughout,prep.,遍及，贯穿,adv.,到处，自始至终，彻底,,,,,,,,,,,
throw,vt.,扔；使突然陷入；使困惑,n.,投掷(距离),,,,,,,throwing,threw,thrown,,
thrust,vt.,插入；猛推,n.,插，推力,vi.,刺，戳，冲,,,,,thrusting,thrust,thrust,,
thumb,n.,拇指,v.,示意要求搭车；迅速翻阅,,,,,,,thumbing,thumbed,thumbed,,
thunder,n.,雷(声);轰隆声,v.,"打雷;大声说,吼叫",,,,,,,thundering,thundered,thundered,,
Thursday,n.,星期四,,,,,,,,,,,,,
thus,adv.,如此；像这样；于是；因此,,,,,,,,,,,,,
tick,n.,滴答声;勾号,v.,滴答响;打勾号于,,,,,,,ticking,ticked,ticked,,
ticket,n.,"票,入场券;票签;(交通违章)罚款传票",,,,,,,,,,,,,
tide,n.,"潮,潮汐;潮流,趋势",,,,,,,,,,,,,
tidy,adj.,"整洁的,整齐的",v.,"整理,收拾",,,,,,,tidying,tidied,tidied,,
tie,n.,"领带;联系,关系,纽带;束缚",v.,"扎,系,捆",,,,,,,tying,tied,tied,,
tiger,n.,虎；老虎,,,,,,,,,,,,,
tight,adj.,"紧的;紧身的,装紧的;密封的",adv.,紧紧地,,,,,,,,,,,
tile,n.,"瓦片,瓷砖",vt.,铺瓦于，贴砖于,,,,,,,tiling,tiled,tiled,,
till,prep.,直到，直到…为止，与 until 意思相同,,,,,,,,,,,,,
tilt,v.,(使)倾侧；(使)倾斜,n.,倾侧；倾斜,,,,,,,tilting,tilted,tilted,,
timber,n.,"木材,木料",,,,,,,,,,,,,
time,n.,时间，时刻；次，回；时代，时期；倍，乘,,,,,,,,,,,,,
timely,adj.,"及时的,适时的",,,,,,,,,,,,,
timid,adj.,"胆怯的,怯懦的",,,,,,,,,,,,,
tin,n.,罐头；锡,adj.,锡制的,vt.,镀锡于,,,,,tinning,tinned,tinned,,
tiny,adj.,"极小的,微小的",,,,,,,,,,,,,
tip,n.,尖端;末端;小费,n.&v.,轻击;倾斜;给小费,,,,,,,tipping,tipped,tipped,,
tire,v.,"(使)疲倦,(使)厌倦",n.,"(=tyre)轮胎,车胎",,,,,,,tiring,tired,tired,,
tired,adj.,疲劳的;厌倦的,,,,,,,,,,,,,
tiresome,adj.,"使人厌倦的,讨厌的",,,,,,,,,,,,,
tissue,n.,"织物,薄绢,纸巾;(动,植物的)组织",,,,,,,,,,,,,
titanic,adj.,巨大的，庞大的,,,,,,,,,,,,,非大纲单词
title,n.,"书名,标题;头衔,称号",,,,,,,,,,,,,
to,prep.,(表示方向)到；向；(表示间接关系)给.,,,,,,,,,,,,,
toast,n.,"烤面包,吐司;祝酒(词)",v.,"烘,烤;(向…)祝酒",,,,,,,toasting,toasted,toasted,,
tobacco,n.,"烟草,烟叶",,,,,,,,,,,,,
today,adv.,在今天；现今，在当代,n.,今天；现在,,,,,,,,,,,
toe,n.,"脚趾,足尖",,,,,,,,,,,,,
together,adv.,"共同,一起;合起来,集拢地",,,,,,,,,,,,,
toilet,n.,"厕所,盥洗室",,,,,,,,,,,,,
token,n.,表示;标志;记号;代用硬币,adj.,象征性的,,,,,,,,,,,
tolerance,n.,"宽容；容忍,忍受；耐药力；公差",,,,,,,,,,,,,
tolerant,adj.,"容忍的,宽容的；有耐药力的",,,,,,,,,,,,,
tolerate,vt.,"容忍,默许；对(药物、毒品等)有耐力",,,,,,,,,tolerating,tolerated,tolerated,,
toll,n.,(道路、桥等的)通行费；牺牲；死伤人数,,,,,,,,,,,,,
tomato,n.,西红柿,,,,,,,,,,,,,
tomb,n.,"坟,冢",,,,,,,,,,,,,
tomorrow,n.,明天；来日，未来,adv.,在明天，在明日,,,,,,,,,,,
ton,n.,"吨;(pl.)大量,许多",,,,,,,,,,,,,
tone,n.,"音调,音色;风气,气氛;腔调,语气;色调",,,,,,,,,,,,,
tongue,n.,舌;语言,,,,,,,,,,,,,
tonight,adv.,在今晚；在今夜,n.,今晚，今夜,,,,,,,,,,,
too,adv.,也，还；太，过于；很，非常,,,,,,,,,,,,,
tool,n.,工具，用具；方法，手段,,,,,,,,,,,,,
tooth,n.,(pl.teeth)牙齿；齿状物,,,,,,,,,,,,,
top,n.,顶，顶端；首位；顶点,adj.,最高的；顶上的,,,,,,,,,,,
topic,n.,"话题,主题,题目",,,,,,,,,,,,,
torch,n.,"手电筒;火炬,火把",,,,,,,,,,,,,
torment,n.,折磨；令人痛苦的东西(人),vt.,折磨；纠缠,,,,,,,tormenting,tormented,tormented,,
torrent,n.,激流，洪流；爆发，(话语等的)连发,,,,,,,,,,,,,
torture,v.,"拷问,拷打;折磨,磨难",n.,"拷问;折磨,痛苦",,,,,,,torturing,tortured,tortured,,
toss,vt.,向上掷/扔；摇摆，颠簸,n.,投，扔；摇动,,,,,,,tossing,tossed,tossed,,
total,n.,"总数,合计",adj.,"总的,全部的",v.,"合计,总数达",,,,,totaling,totaled,totaled,,
touch,v.,"触,碰,摸;感动;涉及",n.,"触动,碰到;少许",,,,,,,touching,touched,touched,,
tough,adj.,"坚韧的,棘手的;强健的,吃苦耐劳的;粗暴的",,,,,,,,,,,,,
tour,n.,旅游，旅行；巡回演出/比赛,v.,旅游,,,,,,,touring,toured,toured,,
tourist,n.,旅游者，观光客；巡回比赛的运动员,,,,,,,,,,,,,
tow,vt.,(用绳、链等)拖(车、船等),n.,"拖,牵引",,,,,,,towing,towed,towed,,
toward,prep.,(towards)朝，向；将近；对于；为了,,,,,,,,,,,,,
towel,n.,毛巾,vt.,用毛巾擦或擦干,,,,,,,toweling,toweled,toweled,,
tower,n.,塔,v.,高耸,,,,,,,towering,towered,towered,,
town,n.,市镇；市民；城市商业区，闹市区,,,,,,,,,,,,,
toxic,adj.,有毒的；中毒的,,,,,,,,,,,,,
toy,n.,玩具,vi.,(with)漫不经心地考虑；摆弄,,,,,,,toying,toyed,toyed,,
trace,n.,"痕迹,踪迹;极少量",v.,"描绘;跟踪,追踪",,,,,,,tracing,traced,traced,,
track,n.,"跑道,小路;轨迹,轮迹",v.,"跟踪,追踪",,,,,,,tracking,tracked,tracked,,
tractor,n.,"拖拉机,牵引车",,,,,,,,,,,,,
trade,n.,"贸易,商业;职业,行业",v.,"经商,交易",,,,,,,trading,traded,traded,,
trademark,n.,商标；特征,vt.,注册的…商标,,,,,,,trademarking,trademarked,trademarked,,
tradition,n.,传统；惯例；传说,,,,,,,,,,,,,
traffic,n.,"交通,交通量",,,,,,,,,,,,,
tragedy,n.,"悲剧;惨事,灾难",,,,,,,,,,,,,
tragic,adj.,"悲剧的,悲惨的",,,,,,,,,,,,,
trail,n.,"踪迹,痕迹;小路",v.,"追踪,跟踪;拖,拖曳",,,,,,,trailing,trailed,trailed,,
train,n.,"列车;行列,系列,一串",v.,"训练,培养",,,,,,,training,trained,trained,,
training,n.,"训练,培养",,,,,,,,,,,,,
trait,n.,"特征,特点,特性",,,,,,,,,,,,,
traitor,n.,"叛徒,卖国贼",,,,,,,,,,,,,
tram,n.,有轨电车,,,,,,,,,,,,,
tramp,n.&v.,步行;沉重的脚步声(走),v.,践踏,n.,流浪者,,,,,tramping,tramped,tramped,,
transaction,n.,"办理,处理;交易,事务;(pl.)会报,学报",,,,,,,,,,,,,
transcend,vt.,"超出,超越(经验、知识、能力的范围等)",,,,,,,,,transcending,transcended,transcended,,
transfer,vt.&n.,转移；转换；转让；过户；迁移；改乘,,,,,,,,,transferring,transferred,transferred,,
transform,vt.,"改变,变换;变压;转化;改造,改造",,,,,,,,,transforming,transformed,transformed,,
transient,adj.,短暂的，转瞬即逝的；临时的，暂住的,,,,,,,,,,,,,
transistor,n.,晶体管；晶体管收音机,,,,,,,,,,,,,
transition,n.,转变，变迁，过渡(时期),,,,,,,,,,,,,
translate,v.,翻译，解释；转化,,,,,,,,,translating,translated,translated,,
translation,n.,"翻译;译文,译本",,,,,,,,,,,,,
transmission,n.,"播送,发射;传动,传送",,,,,,,,,,,,,
transmit,vt.,传输/导；转送；发射,vi.,发射信号；发报,,,,,,,transmitting,transmitted,transmitted,,
transparent,adj.,透明的，透光的；易理解的；明显的,,,,,,,,,,,,,
transplant,n.&v.,"移植(植物；组织,器官等)；迁移",,,,,,,,,transplanting,transplanted,transplanted,,
transport,v.,"运输,运送,搬运",n.,"运输;运输系统,运载工具",,,,,,,transporting,transported,transported,,
transportation,n.,运输，运送；交通，运输工具,,,,,,,,,,,,,非大纲单词
trap,n.,陷阱，圈套,vt.,诱捕；使中圈套,vi.,设圈套,,,,,trapping,trapped,trapped,,
trash,n.,垃圾；拙劣的作品；渣滓，败类,,,,,,,,,,,,,
travel,n.,旅行,v.,"旅行;行进,传播",,,,,,,travelling,travelled,travelled,,
tray,n.,"盘,碟,托盘",,,,,,,,,,,,,
treason,n.,"谋反,通敌,叛国",,,,,,,,,,,,,
treasure,n.,"财宝,财富;珍品",v.,"珍爱,珍惜",,,,,,,treasuring,treasured,treasured,,
treat,v.,"对待;治疗;论述;款待,请客",n.,"款待,请客",,,,,,,treating,treated,treated,,
treaty,n.,条约，协议，协商,,,,,,,,,,,,,
tree,n.,"树,树状物",vi.,爬上树,,,,,,,treeing,treed,treed,,
tremble,n.,"战栗,颤抖",v.,"发抖,颤抖；摇动；焦虑",,,,,,,trembling,trembled,trembled,,
tremendous,adj.,"巨大的,极大的",,,,,,,,,,,,,
trench,n.&v.,(挖)沟，(挖)战壕,,,,,,,,,trenching,trenched,trenched,,
trend,n.,"倾向,趋势",vi.,"伸向,倾向",,,,,,,trending,trended,trended,,
trial,n.,讯问，审讯；试验；试用；尝试,,,,,,,,,,,,,
triangle,n.,三角(形),,,,,,,,,,,,,
tribe,n.,种族，部落；(植物，动物)族，类,,,,,,,,,,,,,
tribute,n.,"贡品;颂词,称赞,(表示敬意的)礼物",,,,,,,,,,,,,
trick,n.,"诡计,骗局;恶作剧;窍门",vt.,"欺骗,哄骗",,,,,,,tricking,tricked,tricked,,
trifle,n.,"少量；小事,琐事",v.,玩弄；嬉耍；忽视,,,,,,,trifling,trifled,trifled,,
trigger,n.,扳机,vt.,触发，引起,,,,,,,triggering,triggered,triggered,,
trim,adj.,"整齐的,整洁的",v.&n.,"整理,修整,装饰",,,,,,,trimming,trimmed,trimmed,,
trip,n.,"旅行,远足",v.,绊倒；失足；犯错,,,,,,,tripping,tripped,tripped,,
triple,n.,三倍数,adj.,三倍的;三部分构成的,v.,使成三倍,,,,,tripling,tripled,tripled,,
triumph,n.,"胜利,成功",v.,"得胜,战胜",,,,,,,triumphing,triumphed,triumphed,,
trivial,adj.,琐碎的;无足轻重的,,,,,,,,,,,,,
trolley,n.,"手推车;(英)无轨电车,(美)有轨电车",,,,,,,,,,,,,
troop,n.,"(pl.)部队,军队;(一)群/队",v.,"群集,集合",,,,,,,trooping,trooped,trooped,,
tropic,n.,回归线；[the T-s]热带地区,,,,,,,,,,,,,
tropical,adj.,热带的,,,,,,,,,,,,,
trouble,n.,烦恼;动乱;疾病;故障;辛苦,v.,(使)烦恼,,,,,,,troubling,troubled,troubled,,
troublesome,adj.,"令人烦恼的,讨厌的",,,,,,,,,,,,,
trousers,n.,裤子,,,,,,,,,,,,,
truck,n.,"卡车,载重汽车",,,,,,,,,,,,,
true,adj.,真实，不假的；忠实，可靠的；正确无误的,,,,,,,,,,,,,
trumpet,n.,"喇叭,小号",,,,,,,,,,,,,
trunk,n.,"大衣箱,皮箱;(汽车后部)行李箱;树干,躯干",,,,,,,,,,,,,
trust,vt.,信任;盼望;委托,n.,"(in)信任,依赖;委托",,,,,,,trusting,trusted,trusted,,
truth,n.,真实，真相；真实性；真理,,,,,,,,,,,,,
try,v.,尝试，试图；试验，试用；审讯,n.,尝试,,,,,,,trying,tried,tried,,
tub,n.,"木盆,澡盆",,,,,,,,,,,,,
tube,n.,"管,软管;电子管,显像管;地铁",,,,,,,,,,,,,
tuck,v.,卷起;塞进,,,,,,,,,tucking,tucked,tucked,,
Tuesday,n.,星期二,,,,,,,,,,,,,
tug,v.,用力拖(或拉)；苦干,n.,拖；苦干；拖船,,,,,,,tugging,tugged,tugged,,
tuition,n.,学费；(某一学科的)教学，讲授，指导,,,,,,,,,,,,,
tumble,v.,"(使)摔倒;打滚,翻腾",n.,"摔跤,跌倒",,,,,,,tumbling,tumbled,tumbled,,
tumour,n.,(tumor)(肿)瘤，肿块,,,,,,,,,,,,,
tune,n.,"调子, 曲调;和谐,协调",vt.,"调音,调节,调整",,,,,,,tuning,tuned,tuned,,
tunnel,n.,"隧道, 山洞",,,,,,,,,,,,,
turbine,n.,"汽轮机,涡轮机",,,,,,,,,,,,,
turbulence,n.,动荡，骚乱；湍流,,,,,,,,,,,,,非大纲单词
turbulent,adj.,"狂暴的,无秩序的",,,,,,,,,,,,,
turkey,n.,火鸡(肉),,,,,,,,,,,,,
turn,v.&n.,(使)转动;(使)旋转;(使)转变,n.,机会,,,,,,,turning,turned,turned,,
turnover,n.,翻倒(物);人员调整;(资金等)周转;营业额,,,,,,,,,,,,,
tutor,n.,导师;家庭教师,v.,辅导;当导师;当家庭教师,,,,,,,tutoring,tutored,tutored,,
TV,n.,(television)电视；电视机,,,,,,,,,,,,,
twelve,num.,十二,pron.&adj.,十二(个，只...),,,,,,,,,,,
twenty,num.,二十,pron.&adj.,二十(个，只...),,,,,,,,,,,
twice,adv.,"两次,两倍",,,,,,,,,,,,,
twin,adj.,"双的,成对的,孪生的",n.,"孪生子,双生子",,,,,,,,,,,
twinkle,vi.,(星等)闪烁，(眼情)发亮,n.,闪烁，闪光,,,,,,,twinkling,twinkled,twinkled,,
twist,v.,捻;拧;扭曲;蜿蜒曲折而行,n.,拧;歪曲;曲折,,,,,,,twisting,twisted,twisted,,
two,num.,二，两个,n.,两个(人或物),,,,,,,,,,,
type,n.,型式，类型；印刷字体；活/铅字,v.,打字,,,,,,,typing,typed,typed,,
typewriter,n.,打字机,,,,,,,,,,,,,
typhoon,n.,台风,,,,,,,,,,,,,
typical,adj.,"(of)典型的,有代表性的",,,,,,,,,,,,,
typist,n.,打字员,,,,,,,,,,,,,
ugly,adj.,"丑陋的,难看的;丑恶的,讨厌的",,,,,,,,,,,,,
ultimate,adj.,"最后的,最终的;根本的",,,,,,,,,,,,,
ultraviolet,adj.&n.,紫外线(的),,,,,,,,,,,,,
umbrella,n.,伞,,,,,,,,,,,,,
unanimous,adj.,"全体一致的,一致同意的",,,,,,,,,,,,,
uncanny,adj.,离奇的，神秘的，不可思议的,,,,,,,,,,,,,非大纲单词
uncle,n.,伯父，叔父，舅父，姑父，姨父,,,,,,,,,,,,,
unconditional,adj.,无条件的，绝对的,,,,,,,,,,,,,非大纲单词
uncover,v.,"揭开,揭露",,,,,,,,,uncovering,uncovered,uncovered,,
under,prep.,在…下面；在…以下,adv.,在下面；少于,,,,,,,,,,,
underestimate,vt.,低估，看轻,,,,,,,,,underestimating,underestimated,underestimated,,
undergo,vt.,"遭受,经历,承受",,,,,,,,,undergoing,underwent,undergone,,
undergraduate,n.,"大学生,大学肆业生",,,,,,,,,,,,,
underground,adj.,地下的;秘密的,n.,地铁,adv.,在地下,,,,,,,,,
underlie,vt.,"位于...之下, 成为... 的基础",,,,,,,,,underlying,underlied,underlied,,
underline,vt.,在…下划线;强调,,,,,,,,,underlining,underlined,underlined,,
underlying,adj.,"含蓄的,潜在的;在下面的",,,,,,,,,,,,,
undermine,v.,"暗中破坏,逐渐削弱;侵蚀…的基础",,,,,,,,,undermining,undermined,undermined,,
underneath,prep.,在…下面,adv.,"在下面,在底下",,,,,,,,,,,
understand,v.,"懂,理解;获悉,听说;揣测,认为",,,,,,,,,understanding,understood,understood,,
understanding,n.,"理解,理解力;谅解",adj.,"了解的,通情达理的",,,,,,,,,,,
undertake,v.,"承担,担任;许诺,保证;着手,从事",,,,,,,,,undertaking,undertook,undertaken,,
undo,v.,"松开,解开",,,,,,,,,undoing,undoed,undoed,,
undoubtedly,adv.,"无疑,必定",,,,,,,,,,,,,
uneasy,adj.,"不安的,焦虑的",,,,,,,,,,,,,
unemployment,n.,"失业,失业人数",,,,,,,,,,,,,
unevenly,adv.,不均匀地，不均衡地,,,,,,,,,,,,,非大纲单词
unexpected,adj.,"想不到的, 意外的, 未预料到",,,,,,,,,,,,,
unfold,vt.,打开;显露;展示,vi.,呈现;显示;展示,,,,,,,unfolding,unfolded,unfolded,,
unfortunately,adv.,不幸地,,,,,,,,,,,,,
uniform,n.,"制服,军服",adj.,"相同的,一律的",,,,,,,,,,,
unify,v.,"使联合,统一;使相同,使一致",,,,,,,,,unifying,unified,unified,,
union,n.,"联合, 团结;联盟,联邦;协会,社团;和谐",,,,,,,,,,,,,
unique,adj.,"唯一的,独一无二的",,,,,,,,,,,,,
unit,n.,"单位,单元;部件,元件;机组,装置",,,,,,,,,,,,,
unite,vi.,"联合, 团结;统一,合并",vt.,使联合,,,,,,,uniting,united,united,,
unity,n.,"团结;统一,一致,整体",,,,,,,,,,,,,
universal,adj.,"普遍的,全体的,通用的;宇宙的,世界的",,,,,,,,,,,,,
universe,n.,"宇宙,万物",,,,,,,,,,,,,
university,n.,(综合)大学,,,,,,,,,,,,,
unless,conj.,除非,prep.,除…外,,,,,,,,,,,
unlike,adj.,"不同的,不相似的",prep.,"不象,和…不同",,,,,,,,,,,
unlikely,adj.,"未必的,靠不住的",,,,,,,,,,,,,
unload,vi.,卸货;退子弹,vt.,摆脱...之负担;倾销,,,,,,,unloading,unloaded,unloaded,,
until,conj.&prep.,直到…为止，在…以前；直到…,,,,,,,,,,,,,
unusual,adj.,"不平常的,与众不同的",,,,,,,,,,,,,
up,adv.,向上，...起来；...完；起床,prep.,向上,,,,,,,,,,,
up-to-date,adj.,现代化的，最新的；跟上时代的,,,,,,,,,,,,,
update,v.,"更新,使现代化",,,,,,,,,updating,updated,updated,,
upgrade,v.,"提升,使升级",,,,,,,,,upgrading,upgraded,upgraded,,
uphold,vt.,"支持,赞成;举起;坚持",,,,,,,,,upholding,upheld,upheld,,
upon,prep.,在…上；在…旁 [=on],,,,,,,,,,,,,
upper,adj.,"上面的;上部的,较高的",,,,,,,,,,,,,
upright,adj.,"垂直的,直立的;正直的,诚实的",adv.,竖立着,,,,,,,,,,,
uproar,n.,"骚动,喧嚣,鼎沸",,,,,,,,,,,,,
upset,v.,"使…心烦意乱;打翻,推翻",adj.,难过的;不安的,,,,,,,upsetting,upset,upset,,
upstairs,adv.,向楼上;在楼上;上楼,adv.,楼上的,,,,,,,,,,,
upward,adj.,"向上的,上升的",adv.,向上,,,,,,,,,,,
urban,adj.,"城市的, 市内的",,,,,,,,,,,,,
urge,vt.,催促;怂恿;强调,n.,"强烈欲望,迫切要求",,,,,,,urging,urged,urged,,
urgent,adj.,急迫的，紧要的，紧急的,,,,,,,,,,,,,
us,pron.,我们(we 的宾格形式),,,,,,,,,,,,,
usage,n.,使用，用法；习惯，习俗；惯用法,,,,,,,,,,,,,
use,n.,使/应用；用法/途；益/用处,vt.,用；消耗,,,,,,,using,used,used,,
used,adj.,用旧了的，旧的；习惯于…；过去惯/经常,,,,,,,,,,,,,
useful,adj.,有用的，实用的；有益的，有帮助的,,,,,,,,,,,,,
usual,adj.,"通常的,平常的",,,,,,,,,,,,,
usually,adv.,"通常,平常",,,,,,,,,,,,,
utilize,vt.,利用,,,,,,,,,utilizing,utilized,utilized,,
utmost,adj.,最远的;极度的,n.,"极限,极度,最大可能",,,,,,,,,,,
utter,v.,"说,发出(声音)",adj.,"彻底的,完全的",,,,,,,uttering,uttered,uttered,,
vacant,adj.,"空的,未占用的;空缺的;神情茫然的",,,,,,,,,,,,,
vacation,n.,"休假,假期",,,,,,,,,,,,,
vacuum,n.,"真空,真空吸尘器",,,,,,,,,,,,,
vague,adj.,"不明确的,含糊的,暧昧的",,,,,,,,,,,,,
vain,adj.,"徒劳的,徒然的;自负的,爱虚荣的",,,,,,,,,,,,,
valid,adj.,有效的;有根据的;正当的,,,,,,,,,,,,,
valley,n.,(山)谷;流域,,,,,,,,,,,,,
valuable,adj.,"贵重的,有价值的",n.,"(pl.)贵重物品,财宝",,,,,,,,,,,
value,n.,价格;价值;实用性,v.,"评价,估价;尊重",,,,,,,valuing,valued,valued,,
valve,n.,"阀;(英)电子管,真空管;(心脏的）瓣膜",,,,,,,,,,,,,
van,n.,有篷汽车;有篷货运车厢,,,,,,,,,,,,,
vanish,vi.,突然不见;消失,,,,,,,,,vanishing,vanished,vanished,,
vanity,n.,"虚荣心,浮华",,,,,,,,,,,,,
vapour,n.,(vapor)汽，(水)蒸气,,,,,,,,,,,,,
variable,adj.,易变的;可变的;变量的,n.,变量,,,,,,,,,,,
variation,n.,"变化,变动;变种,变异",,,,,,,,,,,,,
variety,n.,"种种,多种多样;种类, 品种",,,,,,,,,,,,,
various,adj.,各种各样的;不同的,,,,,,,,,,,,,
vary,vt.,"改变,变化;使多样化",,,,,,,,,varying,varied,varied,,
vase,n.,"花瓶,瓶",,,,,,,,,,,,,
vast,adj.,"巨大的,辽阔的,大量的;巨额的",,,,,,,,,,,,,
vegetable,n.,"蔬菜,植物",adj.,"植物的,蔬菜的",,,,,,,,,,,
vegetarian,n.,素食主义者,,,,,,,,,,,,,
vegetation,n.,"植物,草木",,,,,,,,,,,,,
vehicle,n.,"车辆,交通工具;媒介,载体",,,,,,,,,,,,,
veil,n.,"面纱,遮蔽物",v.,"用面纱掩盖,掩饰",,,,,,,veiling,veiled,veiled,,
vein,n.,血管;静脉;叶脉;纹理;情绪,vt.,使成脉络,,,,,,,veining,veined,veined,,
velocity,n.,"速度,速率",,,,,,,,,,,,,
velvet,n.,"丝绒,天鹅绒",adj.,"丝绒制的,柔软的",,,,,,,,,,,
ventilate,vt.,使通风;给…装通风设备,,,,,,,,,ventilating,ventilated,ventilated,,
venture,v.,"冒险,拼;大胆表示",n.,"冒险事业,拼, 闯",,,,,,,venturing,ventured,ventured,,
verb,n.,动词,,,,,,,,,,,,,
verbal,adj.,"用言辞的,用文字的;口头的;动词的",,,,,,,,,,,,,
verdict,n.,"(陪审团的)裁决,判决；判断；定论",,,,,,,,,,,,,
verge,n.,"边,边缘",v.,濒临,,,,,,,verging,verged,verged,,
verify,vt.,"证实,查证;证明",,,,,,,,,verifying,verified,verified,,
versatile,adj.,"通用的;多才多艺的,多方面的",,,,,,,,,,,,,
verse,n.,"韵文,诗;诗节,诗句",,,,,,,,,,,,,
version,n.,"版本;译本,译文;说法",,,,,,,,,,,,,
versus,prep.,"(vs.)…对…(在诉讼, 比赛等);与…相对",,,,,,,,,,,,,
vertical,adj.,"垂直的,竖的",n.,垂线,,,,,,,,,,,
very,adv.,很，非常；完全,adj.,正是的；真正，真实的,,,,,,,,,,,
vessel,n.,"容器,器皿;船,舰;管,血管",,,,,,,,,,,,,
vest,n.,"背心,马甲;汗衫, 内衣",,,,,,,,,,,,,
veteran,n.,"老手,老兵",,,,,,,,,,,,,
veto,n.&v.,否决,,,,,,,,,vetoing,vetoed,vetoed,,
via,prep.,经；通过；凭借,,,,,,,,,,,,,
vibrate,v.,"(使)振动,(使)摇摆；受…而感动",,,,,,,,,vibrating,vibrated,vibrated,,
vice,n.,"邪恶;恶习;(pl.)台钳,老虎钳",,,,,,,,,,,,,
vicinity,n.,"邻近, 附近",,,,,,,,,,,,,
vicious,adj.,"恶毒的, 凶残的,邪恶的",,,,,,,,,,,,,
victim,n.,"牺牲品,受害者",,,,,,,,,,,,,
victory,n.,胜利,,,,,,,,,,,,,
video,n.,"电视,视频;录像",adj.,"电视的,视频的;录像的",,,,,,,,,,,
view,n.,视野;风景;观察;见解;照片,vt.,观察;认为,,,,,,,viewing,viewed,viewed,,
viewpoint,n.,观点,,,,,,,,,,,,,
vigorous,adj.,"朝气蓬勃的,精力旺盛的",,,,,,,,,,,,,
village,n.,"村,村庄",,,,,,,,,,,,,
vinegar,n.,醋,,,,,,,,,,,,,
violate,vt.,违背;冒犯;妨碍;侵犯;亵渎(圣物),,,,,,,,,violating,violated,violated,,
violence,n.,"猛烈,强烈;暴力,暴行;强暴",,,,,,,,,,,,,
violent,adj.,"猛烈的,激烈的;暴力引起的,强暴的",,,,,,,,,,,,,
violet,n.,"紫罗兰,紫色",adj.,紫色的,,,,,,,,,,,
violin,n.,小提琴,,,,,,,,,,,,,
virgin,n.,处女,adj.,处女的;纯洁的;原始的;未使用的,,,,,,,,,,,
virtual,adj.,"实际上的,事实上的",,,,,,,,,,,,,
virtue,n.,"德行,美德;贞操;优点;功效,效力",,,,,,,,,,,,,
virus,n.,"病毒;(精神,道德方面的)有害影响",,,,,,,,,,,,,
visa,n.,(护照等的)签证;维萨信用卡,vt.,签证,,,,,,,visaing,visaed,visaed,,
visible,adj.,"看得见的, 明显的, 显著的",,,,,,,,,,,,,
vision,n.,"视力,视觉;远见;洞察力;幻想,幻影;想象力",,,,,,,,,,,,,
visit,n.,"访问,参观",v.,"访问,参观;视察;降临;闲谈",,,,,,,visiting,visited,visited,,
visitor,n.,"访问者,客人,来宾,参观者",,,,,,,,,,,,,
visual,adj.,"看的,看得见的;视觉的",,,,,,,,,,,,,
vital,adj.,"生死攸关的,重大的;生命的,生机的",,,,,,,,,,,,,
vitamin,n.,维生素,,,,,,,,,,,,,
vivid,adj.,"鲜艳的;生动的,栩栩如生的",,,,,,,,,,,,,
vocabulary,n.,"词汇,词汇量;词汇表",,,,,,,,,,,,,
vocal,adj.,声音的;有声的;歌唱的,n.,元音;声乐作品,,,,,,,,,,,
vocation,n.,职业;召唤;天命;天职;才能,,,,,,,,,,,,,
voice,n.,"声音;嗓音;发音能力;意见,发言权;语态",,,,,,,,,,,,,
void,adj.,空虚的;没有的;无效的,,,,,,,,,,,,,
volatile,adj.,易变的，不稳定的；挥发性的,,,,,,,,,,,,,非大纲单词
volcano,n.,火山,,,,,,,,,,,,,
volleyball,n.,排球,,,,,,,,,,,,,
volt,n.,伏特,,,,,,,,,,,,,
voltage,n.,电压,,,,,,,,,,,,,
volume,n.,"容积,体积;卷,册;音量",,,,,,,,,,,,,
voluntary,adj.,"自愿的,志愿的",,,,,,,,,,,,,
volunteer,n.&v.,"自愿(者,兵);自愿(提供)",,,,,,,,,volunteering,volunteered,volunteered,,
vote,n.,"投票,表决;选票,选票数",v.,"投票,表决",,,,,,,voting,voted,voted,,
vowel,n.,"元音,元音字母",,,,,,,,,,,,,
voyage,n.,航海;航行;旅行,,,,,,,,,,,,,
vulgar,adj.,粗俗的，庸俗的，本土的，通俗的，普通的,,,,,,,,,,,,,
vulnerable,adj.,易受攻击的,,,,,,,,,,,,,
wage,n.,"(常 pl.)工资,报酬",vt.,"进行,开展",,,,,,,waging,waged,waged,,
wagon,n.,"运货马车,运货车;敞蓬车厢",,,,,,,,,,,,,
waist,n.,"腰,腰部",,,,,,,,,,,,,
wait,v.,(for)等待；(on)侍候,n.,等候，等待时间,,,,,,,waiting,waited,waited,,
waiter,n.,"侍者,服务员",,,,,,,,,,,,,
waitress,n.,"女侍者,女服务员",,,,,,,,,,,,,
wake,v.,"醒来,唤醒;使觉醒,激发, 引起",,,,,,,,,waking,woke/waked,woken/waked,,
waken,v.,"醒,弄醒,唤醒",,,,,,,,,wakening,wakened,wakened,,
walk,v.,走，步行，散步；走遍,n.,走，步行，散步,,,,,,,walking,walked,walked,,
wall,n.,墙，壁，围墙,vt.,筑墙围住，用墙隔开,,,,,,,walling,walled,walled,,
wallet,n.,"皮夹,钱包",,,,,,,,,,,,,
wander,v.,"漫步,徘徊;迷路,迷失方向;离题",,,,,,,,,wandering,wandered,wandered,,
want,vt.,"想要;希望;需要;缺,缺少",n.,需要;短缺,,,,,,,wanting,wanted,wanted,,
war,n.,战争(状态)；冲突,vi.,作战,,,,,,,warring,warred,warred,,
ward,n.,病房;行政区;监护;被监护人,vt.,挡住,,,,,,,warding,warded,warded,,
wardrobe,n.,"衣柜,衣厨;衣服;行头;剧装",,,,,,,,,,,,,
warehouse,n.,"仓库,货栈",,,,,,,,,,,,,
warfare,n.,战争(状态);斗争;冲突,,,,,,,,,,,,,
warm,adj.,温暖的，热心的，热情的,v.,(使)变暖,,,,,,,warming,warmed,warmed,,
warmth,n.,"暖和,温暖;热心,热情",,,,,,,,,,,,,
warn,vt.,警告,vi.,发出警告,,,,,,,warning,warned,warned,,
warrant,n.,"正当理由;许可证,委任状",v.,"保证,担保",,,,,,,warranting,warranted,warranted,,
wash,n.,洗；洗的衣物,vt.,冲刷，洗；冲出,vi.,洗澡,,,,,washing,washed,washed,,
waste,v.,浪费,adj.,无用的;荒芜的,n.,浪费;废物,,,,,wasting,wasted,wasted,,
watch,v.,观看；看守；(for)窥伺，等待,n.,看管；表,,,,,,,watching,watched,watched,,
water,n.,水,vt.,浇灌；给…饮水,vi.,流泪，加水,,,,,watering,watered,watered,,
waterfall,n.,瀑布,,,,,,,,,,,,,
waterproof,adj.,"防水的,耐水的",,,,,,,,,,,,,
watt,n.,"瓦,瓦特",,,,,,,,,,,,,
wave,n.,波浪;(挥手)示意;飘扬,v.,"(挥手)示意,致意",,,,,,,waving,waved,waved,,
wax,n.,"蜡,蜂蜡",v.,打蜡,,,,,,,waxing,waxed,waxed,,
way,n.,道路，路程；方法/式，手段；习惯；状态,,,,,,,,,,,,,
we,pron.,我们<主格>,,,,,,,,,,,,,
weak,adj.,"虚弱的,软弱的;不够标准的;淡薄的,稀的",,,,,,,,,,,,,
wealth,n.,"财富,财产;大量",,,,,,,,,,,,,
wealthy,adj.,"富有的,丰裕的,充分的",n.,"富人,有钱人",,,,,,,,,,,
weapon,n.,"武器,兵器",,,,,,,,,,,,,
wear,v.,穿着，戴着；磨损，用旧,n.,穿，戴；磨损,,,,,,,wearing,wore,worn,,
weary,adj.,疲倦的;令人厌烦的,v.,"使疲倦,使厌倦",,,,,,,wearying,wearied,wearied,,
weather,n.,"天气,气象",,,,,,,,,,,,,
weave,v.,编(织),n.,编织法，编织式样,,,,,,,weaving,wove,woven,,
web,n.,"网,蜘蛛网",,,,,,,,,,,,,
wedding,n.,婚礼,,,,,,,,,,,,,
wedge,n.,"楔,楔形",vt.,"楔牢,楔入,挤进",,,,,,,wedging,wedged,wedged,,
Wednesday,n.,星期三,,,,,,,,,,,,,
weed,n.,"杂草,野草",v.,"除草,锄草",,,,,,,weeding,weeded,weeded,,
week,n.,星期，周,,,,,,,,,,,,,
weekday,n.,"平常日,工作日",,,,,,,,,,,,,
weekend,n.,周末,,,,,,,,,,,,,
weekly,adj.,"每星期的,一周的",adv.,每周一次,n.,"周刊,周报",,,,,,,,,
weep,v.,"哭泣,流泪;滴下",n.,哭泣,,,,,,,weeping,wept,wept,,
weigh,v.,"称…重量,称;重达;考虑,权衡",,,,,,,,,weighing,weighed,weighed,,
weight,n.,"重量;负荷,重担;重要性,分量;砝码,秤砣",,,,,,,,,,,,,
weird,adj.,古怪的，离奇的；怪诞的，神秘而可怕的,,,,,,,,,,,,,
welcome,interj.,欢迎,adj.,受欢迎的,vt.&n.,欢迎；迎接,,,,,welcoming,welcomed,welcomed,,
weld,v.,焊接,n.,"焊接,焊缝",,,,,,,welding,welded,welded,,
welfare,n.,福利；幸福；福利事业,,,,,,,,,,,,,
well,adv.,好，令人满意地；很,interj.,哎呀，好啦，嗯,,,,,,,,,,,
well-known,adj.,"有名的,著名的",,,,,,,,,,,,,
west,n.&adj.,"西,西方(的),西部(的)",adv.,向西,,,,,,,,,,,
western,adj.,"西方的,西部的",,,,,,,,,,,,,
wet,adj.,"湿的,潮湿的;有雨的,多雨的",v.,"弄湿,沾湿",,,,,,,wetting,wet/wetted,wet/wetted,,
whale,n.,鲸；庞然大物,,,,,,,,,,,,,
what,pron.,什么,adj.,多么，何等；什么；尽可能多的,,,,,,,,,,,
whatever,pron.,无论什么,adj.,无论什么样的,,,,,,,,,,,
whatsoever,adv.,(用于否定句中以加强语气)任何,,,,,,,,,,,,,
wheat,n.,小麦,,,,,,,,,,,,,
wheel,n.,"轮,车轮",,,,,,,,,,,,,
when,adv.&pron.,何时；当时,conj.,那时；然后；而,,,,,,,,,,,
whenever,conj.,"无论何时,随时;每当",,,,,,,,,,,,,
where,adv.,在哪/那里,conj.&pron.,哪里,conj.,然而,,,,,,,,,
whereas,conj.,"而,却,反之",,,,,,,,,,,,,
wherever,conj.,无论在哪里,adv.,"无论在哪里,究竟在哪里",,,,,,,,,,,
whether,conj.,是否，会不会，不管，无论,,,,,,,,,,,,,
which,adj.&pron.,哪个，哪些；什么样的；那个，那些,,,,,,,,,,,,,
whichever,pron.&adj.,"无论哪个,无论哪些",,,,,,,,,,,,,
while,conj.,当…的时候；而；虽然；尽管,n.,一会儿,,,,,,,,,,,
whip,n.,鞭子;车夫,v.,"鞭打,抽打;突然移动",,,,,,,whipping,whipped,whipped,,
whirl,v.,"(使)旋转,打转",n.,旋转;-连串快速的活动,,,,,,,whirling,whirled,whirled,,
whisky,n.,威士忌酒,,,,,,,,,,,,,
whisper,v.,"耳语;私下说,偷偷告诉",n.,耳语;传闻,,,,,,,whispering,whispered,whispered,,
whistle,n.,"口哨,汽笛;口哨声,汽笛声",v.,吹口哨;鸣笛,,,,,,,whistling,whistled,whistled,,
white,adj.,白色的；苍白的；白种的,n.,白色；白种人,,,,,,,,,,,
who,pron.,谁，什么人；的人；他，她，他们,,,,,,,,,,,,,
whoever,pron.,[引导名词从句]谁；无论谁；究竟是谁,,,,,,,,,,,,,
whole,n.,全部,adj.,全体的；全部的；完整的；无缺的,,,,,,,,,,,
wholesome,adj.,"卫生的;有益的;健康的,有益健康的",,,,,,,,,,,,,
wholly,adv.,"完全地,全部,一概",,,,,,,,,,,,,
whom,pron.,谁；哪个人(who 的宾格),,,,,,,,,,,,,
whose,pron.,谁的；哪(个)人的，那些(人)的,,,,,,,,,,,,,
why,adv.&conj.,为什么；…的理由,interj.,咳，哎呀,,,,,,,,,,,
wicked,adj.,坏的;邪恶的;不道德的;恶劣的;淘气的,,,,,,,,,,,,,
wide,adj.,宽阔的;睁大的;远离的,adv.,广阔地;偏差地,,,,,,,,,,,
widespread,adj.,"分布广泛的,普遍的",,,,,,,,,,,,,
widow,n.,寡妇,,,,,,,,,,,,,
width,n.,"宽度;宽阔,广阔",,,,,,,,,,,,,
wife,n.,妻子，夫人，太太,,,,,,,,,,,,,
wild,adj.,"野性的,野生的;野蛮的;狂热的;荒芜的",,,,,,,,,,,,,
will,aux.&v.,将；会；愿意,n.,意志；决心；愿望,,,,,,,,,,,
willing,adj.,愿意的，乐意的，心甘情愿的,,,,,,,,,,,,,
win,vi.,获胜，赢,vt.,赢得；在…中获胜,n.,胜利,,,,,winning,won,won,,
wind,n.,风;气息,v.,"转动;缠绕;上发条,;蜿蜒而行",,,,,,,winding,wound,wound,,
window,n.,"窗,窗口",,,,,,,,,,,,,
wine,n.,"葡萄酒,果酒",,,,,,,,,,,,,
wing,n.,"翅,翅膀;翼,机翼;派别",vt.,装以翼,,,,,,,winging,winged,winged,,
wink,v.,(使)眨眼；眨眼示意,n.,眨眼；小睡，打盹,,,,,,,winking,winked,winked,,
winter,n.,冬季，冬天,,,,,,,,,,,,,
wipe,v.&n.,"擦,揩,抹",,,,,,,,,wiping,wiped,wiped,,
wire,n.,"金属线, 电线;电报, 电信",v.,发电报(给),,,,,,,wiring,wired,wired,,
wisdom,n.,"智慧, 明智;名言,格言",,,,,,,,,,,,,
wise,adj.,"有智慧的,聪明的",,,,,,,,,,,,,
wish,v.,希望；但愿；祝,n.,愿望，希望；[pl.]祝愿,,,,,,,wishing,wished,wished,,
wit,n.,"智力,才智,智慧",,,,,,,,,,,,,
witch,n.,"女巫, 巫婆，巫师",,,,,,,,,,,,,
with,prep.,跟…一起；用；具有；关于；因；随着,,,,,,,,,,,,,
withdraw,v.,"收回,撤消;缩回,退出;提取(钱)",,,,,,,,,withdrawing,withdrew,withdrawn,,
withhold,vt.,使停止;拒给;保留;抑制,vi.,忍住,,,,,,,withholding,withheld,withheld,,
within,prep.,"在…里面,在…以内",adv.,在内,,,,,,,,,,,
without,prep.,无，没有,n.,外面，外部,,,,,,,,,,,
withstand,vt.,"抵抗,经受住",,,,,,,,,withstanding,withstood,withstood,,
witness,n.,"目击者,证人;证据,证明",v.,"目击, 目睹;作证",,,,,,,witnessing,witnessed,witnessed,,
wolf,n.,狼,,,,,,,,,,,,,
woman,n.,(pl.）women 妇女，成年女子,,,,,,,,,,,,,
wonder,n.,"惊奇,惊异;奇迹,奇事",v.,(at)诧异;想知道,,,,,,,wondering,wondered,wondered,,
wonderful,adj.,"惊人的,奇妙的;极好的",,,,,,,,,,,,,
wood,n.,木材，木头，木料；(pl.)森林，林地,,,,,,,,,,,,,
wooden,adj.,木制的;呆笨的,,,,,,,,,,,,,
wool,n.,"羊毛,毛线,毛织品",,,,,,,,,,,,,
word,n.,词，词语；言语，话；谈话；消息，信息,,,,,,,,,,,,,
work,n.,工作(量)；作品；[pl.]工厂,v.,工作；运转,,,,,,,working,worked,worked,,
worker,n.,工人，工作者，工作人员,,,,,,,,,,,,,
workshop,n.,车间，工场，修理厂；研讨会，讲习班,,,,,,,,,,,,,
world,n.,世界，地球；界，领域；世间；全世界,,,,,,,,,,,,,
worldwide,adj.,"全世界的,世界范围的",adv.,遍及全世界,,,,,,,,,,,
worm,n.,"虫,蠕虫",,,,,,,,,,,,,
worry,v.,烦恼;(about)对…感到烦恼,n.,"烦恼,焦虑",,,,,,,worrying,worried,worried,,
worse,adj.&adv.,"更坏,更差(的/地)",,,,,,,,,,,,,
worship,n.,"礼拜,礼拜仪式;崇拜",v.,"崇拜,敬仰;做礼拜",,,,,,,worshipping,worshipped,worshipped,,
worst,adj.&adv.,"最坏(的),最差(的)",,,,,,,,,,,,,
worth,n.,价值,adj.,"值…的,价值…的,值得…的",,,,,,,,,,,
worthwhile,adj.,值得(做)的,,,,,,,,,,,,,
worthy,adj.,"(of)值得…的,配得上…的;有价值的",,,,,,,,,,,,,
would,aux.&v.,将；可能；将会；总是，总会；宁愿,,,,,,,,,,,,,
wound,n.,"创伤,伤口",v.,"伤,伤害",,,,,,,wounding,wounded,wounded,,
wrap,v.,"裹,缠,卷,包",n.,"披肩, 围巾",,,,,,,wrapping,wrapped,wrapped,,
wreath,n.,"花环,花圈",,,,,,,,,,,,,
wreck,n.,失事船(或飞机),v.,"(船等)失事,遇难;破坏",,,,,,,wrecking,wrecked,wrecked,,
wrench,v.,猛拧；挣脱；使扭伤,n.,扳手；痛苦，难受,,,,,,,wrenching,wrenched,wrenched,,
wretched,adj.,可怜的;悲惨的;肮脏的;恶劣的,,,,,,,,,,,,,
wrinkle,n.,皱纹,v.,"起皱,皱眉",,,,,,,wrinkling,wrinkled,wrinkled,,
wrist,n.,"腕,腕关节",,,,,,,,,,,,,
write,v.,写，书写，写字；写作；写信(给)，函告,,,,,,,,,writing,wrote,written,,
writing,n.,"写,写作;著作,作品",,,,,,,,,,,,,
wrong,adj.,错的,adv.,错误地，不正确地,n.,错误,v.,委屈,,,wronging,wronged,wronged,,
X-ray,n.,"X 射线,X 光",,,,,,,,,,,,,
yard,n.,"院子,场地;码",,,,,,,,,,,,,
yawn,v.,打呵欠,n.,呵欠,,,,,,,yawning,yawned,yawned,,
year,n.,年，年度，学年,adj.&adv.,每年，一年一次,,,,,,,,,,,
yearly,adj.,每年的，一年一度的,adv.,每年，一年一次地,,,,,,,,,,,
yearn,v.,渴望，向往，怀念,,,,,,,,,yearning,yearned,yearned,,非大纲单词
yell,vi.,大叫;呼喊,vt.,叫着说,n.,叫声;喊声,,,,,yelling,yelled,yelled,,
yellow,adj.,黄的，黄色的,n.,黄色,,,,,,,,,,,
yes,adv.,是[用于肯定句前]，是的,,,,,,,,,,,,,
yesterday,n.&adv.,昨天；前不久,,,,,,,,,,,,,
yet,adv.,还，尚，仍然；已经,conj.,然而,adv.,甚至,,,,,,,,,
yield,v.,"出产,生长;(to)屈服,服从",n.,"产量,收获",,,,,,,yielding,yielded,yielded,,
you,pron.,你；你们；一个人，任何人,,,,,,,,,,,,,
young,adj.,年轻的，幼小的；没经验的,n.,青年人,,,,,,,,,,,
youngster,n.,小伙子，年轻人；少年，儿童,,,,,,,,,,,,,
your,pron.,[you 的所有格]你的，你们的,,,,,,,,,,,,,
yours,pron.,[you 的物主代词]你(们)的(所有物),,,,,,,,,,,,,
yourself,pron.,[反身代词]你自己；你亲自,,,,,,,,,,,,,
youth,n.,青年;年轻人,,,,,,,,,,,,,
zeal,n.,热心，热忱，热情,,,,,,,,,,,,,
zebra,n.,斑马,,,,,,,,,,,,,
zero,n.,"零,零度",num.,零,,,,,,,,,,,
zigzag,n.&adj.,之字形(的),v.,"使曲折, 曲折盘旋",,,,,,,zigzaging,zigzaged,zigzaged,,
zinc,n.,锌,,,,,,,,,,,,,
zip,v.,(用拉链或像拉链那样)合上或打开,,,,,,,,,zipping,zipped,zipped,,
zone,n.,"地区, 区域",v.,"分区,划分地带",,,,,,,zoning,zoned,zoned,,
zoo,n.,动物园,,,,,,,,,,,,,
zoom,vi.,(飞机)陡升,n.,陡升；嗡嗡声,,,,,,,zooming,zoomed,zoomed,,
